data,ise_b3,ibrx100
2015-01-02,2376.24,20117.09
2015-01-05,2334.26,19711.89
2015-01-06,2366.09,19883.88
2015-01-07,2436.19,20464.78
2015-01-08,2438.58,20632.89
2015-01-09,2379.36,20186.02
2015-01-12,2364.84,19931.07
2015-01-13,2351.07,19877.25
2015-01-14,2326.37,19740.88
2015-01-15,2334.66,19873.4
2015-01-16,2388.38,20276.72
2015-01-19,2332.79,19781.99
2015-01-20,2324.21,19820.84
2015-01-21,2369.68,20350.16
2015-01-22,2367.16,20435.34
2015-01-23,2327.08,20181.64
2015-01-26,2305.17,20096.06
2015-01-27,2303.01,20100.97
2015-01-28,2301.5,19772.87
2015-01-29,2306.93,19814.06
2015-01-30,2291.61,19485.08
2015-02-02,2334.3,19770.16
2015-02-03,2375.49,20270.11
2015-02-04,2385.72,20389.08
2015-02-05,2383.02,20386.8
2015-02-06,2376.92,20216.04
2015-02-09,2405.72,20449.37
2015-02-10,2372.65,20120.55
2015-02-11,2371.14,19990.93
2015-02-12,2412.51,20491.34
2015-02-13,2462.6,20909.3
2015-02-18,2493.22,21179.17
2015-02-19,2492.79,21199.11
2015-02-20,2492.81,21161.08
2015-02-23,2481.78,21188.26
2015-02-24,2498.49,21427.62
2015-02-25,2504.13,21410.86
2015-02-26,2510.96,21405.86
2015-02-27,2486.91,21302.1
2015-03-02,2458.61,21090.98
2015-03-03,2466.09,21208.54
2015-03-04,2430.29,20880.31
2015-03-05,2420.84,20845.74
2015-03-06,2414.81,20686.93
2015-03-09,2390.17,20374.83
2015-03-10,2362.96,20022.13
2015-03-11,2374.72,20269.0
2015-03-12,2384.6,20284.32
2015-03-13,2373.95,20162.75
2015-03-16,2378.79,20249.32
2015-03-17,2436.61,20794.2
2015-03-18,2476.01,21296.35
2015-03-19,2453.71,21082.17
2015-03-20,2495.87,21471.9
2015-03-23,2484.67,21441.14
2015-03-24,2464.22,21293.94
2015-03-25,2476.72,21428.75
2015-03-26,2421.01,20932.2
2015-03-27,2399.22,20760.07
2015-03-30,2440.6,21217.5
2015-03-31,2433.79,21194.72
2015-04-01,2458.56,21656.06
2015-04-02,2478.88,21969.07
2015-04-06,2500.89,22228.6
2015-04-07,2497.53,22216.41
2015-04-08,2492.96,22199.82
2015-04-09,2489.82,22238.93
2015-04-10,2490.79,22386.68
2015-04-13,2486.78,22392.77
2015-04-14,2479.36,22303.83
2015-04-15,2505.11,22647.0
2015-04-16,2494.86,22549.31
2015-04-17,2460.6,22267.45
2015-04-20,2452.79,22191.13
2015-04-22,2498.26,22507.53
2015-04-23,2552.54,22913.43
2015-04-24,2583.56,23242.73
2015-04-27,2551.02,22838.66
2015-04-28,2561.94,22922.89
2015-04-29,2559.02,22787.9
2015-04-30,2601.48,23126.62
2015-05-04,2654.68,23572.79
2015-05-05,2699.66,23847.65
2015-05-06,2655.07,23503.42
2015-05-07,2638.11,23440.01
2015-05-08,2641.18,23550.72
2015-05-11,2654.57,23573.4
2015-05-12,2629.55,23415.49
2015-05-13,2600.79,23246.44
2015-05-14,2616.74,23383.69
2015-05-15,2636.04,23634.58
2015-05-18,2589.98,23228.29
2015-05-19,2576.19,22966.89
2015-05-20,2549.01,22731.24
2015-05-21,2548.65,22810.06
2015-05-22,2528.85,22520.63
2015-05-25,2556.58,22616.98
2015-05-26,2514.6,22205.49
2015-05-27,2546.96,22447.87
2015-05-28,2534.56,22333.89
2015-05-29,2487.05,21861.23
2015-06-01,2500.83,21980.89
2015-06-02,2560.4,22457.66
2015-06-03,2533.15,22179.24
2015-06-05,2512.76,21983.69
2015-06-08,2499.34,21914.61
2015-06-09,2493.22,21918.24
2015-06-10,2552.91,22324.83
2015-06-11,2539.91,22246.13
2015-06-12,2523.62,22109.67
2015-06-15,2507.76,22022.58
2015-06-16,2505.35,22244.83
2015-06-17,2488.28,22075.8
2015-06-18,2534.14,22449.79
2015-06-19,2521.56,22271.22
2015-06-22,2520.36,22330.92
2015-06-23,2518.38,22298.58
2015-06-24,2507.98,22311.09
2015-06-25,2486.13,22059.08
2015-06-26,2523.05,22390.2
2015-06-29,2478.68,21984.73
2015-06-30,2478.85,22028.62
2015-07-01,2470.82,21919.62
2015-07-02,2492.77,22072.6
2015-07-03,2479.58,21865.82
2015-07-06,2467.14,21726.54
2015-07-07,2486.85,21822.13
2015-07-08,2463.06,21592.59
2015-07-10,2478.42,21903.14
2015-07-13,2506.0,22103.18
2015-07-14,2504.63,22161.17
2015-07-15,2491.54,22048.19
2015-07-16,2503.73,22105.15
2015-07-17,2480.68,21815.2
2015-07-20,2464.59,21533.69
2015-07-21,2469.67,21496.86
2015-07-22,2451.78,21284.08
2015-07-23,2416.04,20834.03
2015-07-24,2382.98,20607.43
2015-07-27,2371.29,20407.67
2015-07-28,2414.79,20720.9
2015-07-29,2433.07,20973.26
2015-07-30,2408.18,20855.49
2015-07-31,2465.34,21270.67
2015-08-03,2444.86,20991.66
2015-08-04,2449.81,20972.66
2015-08-05,2468.18,21045.11
2015-08-06,2448.62,20912.05
2015-08-07,2390.32,20345.07
2015-08-10,2426.68,20636.37
2015-08-11,2405.87,20526.72
2015-08-12,2376.12,20240.17
2015-08-13,2359.57,20096.19
2015-08-14,2337.18,19899.41
2015-08-17,2334.48,19787.08
2015-08-18,2340.61,19884.14
2015-08-19,2303.85,19523.41
2015-08-20,2298.44,19523.47
2015-08-21,2254.1,19138.24
2015-08-24,2174.58,18576.74
2015-08-25,2184.04,18675.89
2015-08-26,2249.82,19277.19
2015-08-27,2326.71,19938.59
2015-08-28,2302.51,19735.71
2015-08-31,2289.98,19515.71
2015-09-01,2240.71,19042.02
2015-09-02,2290.27,19420.4
2015-09-03,2336.96,19788.84
2015-09-04,2296.93,19447.16
2015-09-08,2305.21,19526.44
2015-09-09,2300.72,19466.95
2015-09-10,2313.51,19398.08
2015-09-11,2310.63,19365.45
2015-09-14,2344.23,19722.64
2015-09-15,2346.14,19773.79
2015-09-16,2387.03,20242.77
2015-09-17,2400.19,20257.14
2015-09-18,2351.82,19745.61
2015-09-21,2330.1,19468.86
2015-09-22,2315.58,19351.63
2015-09-23,2275.03,18992.07
2015-09-24,2258.98,18969.95
2015-09-25,2238.82,18801.34
2015-09-28,2189.8,18471.32
2015-09-29,2205.27,18546.3
2015-09-30,2227.62,18909.99
2015-10-01,2246.7,19014.13
2015-10-02,2316.47,19695.16
2015-10-05,2341.66,19937.97
2015-10-06,2336.35,19960.33
2015-10-07,2390.71,20395.0
2015-10-08,2390.04,20445.05
2015-10-09,2403.2,20535.9
2015-10-13,2329.22,19779.74
2015-10-14,2300.22,19501.61
2015-10-15,2328.15,19704.19
2015-10-16,2340.37,19756.61
2015-10-19,2337.94,19840.36
2015-10-20,2320.63,19722.24
2015-10-21,2329.17,19708.09
2015-10-22,2365.13,20001.68
2015-10-23,2354.89,19935.44
2015-10-26,2333.86,19780.17
2015-10-27,2321.63,19729.91
2015-10-28,2297.67,19592.66
2015-10-29,2246.55,19133.24
2015-10-30,2243.43,19166.54
2015-11-03,2307.47,19993.42
2015-11-04,2289.74,19863.08
2015-11-05,2308.28,20024.16
2015-11-06,2251.05,19565.99
2015-11-09,2217.88,19276.22
2015-11-10,2214.12,19257.19
2015-11-11,2250.77,19612.94
2015-11-12,2235.39,19528.39
2015-11-13,2235.74,19404.55
2015-11-16,2235.75,19522.17
2015-11-17,2248.65,19689.15
2015-11-18,2247.86,19749.28
2015-11-19,2289.33,20028.28
2015-11-23,2289.62,20036.5
2015-11-24,2288.78,20075.03
2015-11-25,2251.68,19549.0
2015-11-26,2264.6,19669.76
2015-11-27,2207.33,19167.53
2015-11-30,2169.52,18848.06
2015-12-01,2164.04,18851.88
2015-12-02,2162.48,18807.65
2015-12-03,2210.75,19390.92
2015-12-04,2175.18,18971.58
2015-12-07,2177.19,18928.44
2015-12-08,2136.84,18597.55
2015-12-09,2187.03,19230.32
2015-12-10,2182.26,19034.66
2015-12-11,2163.43,18900.45
2015-12-14,2144.63,18669.73
2015-12-15,2151.22,18694.72
2015-12-16,2172.84,18763.22
2015-12-17,2176.19,18872.91
2015-12-18,2130.9,18340.36
2015-12-21,2099.46,18088.45
2015-12-22,2117.77,18201.54
2015-12-23,2150.23,18428.33
2015-12-28,2136.94,18341.23
2015-12-29,2128.59,18282.22
2015-12-30,2118.01,18133.57
2016-01-04,2056.55,17613.72
2016-01-05,2084.48,17735.71
2016-01-06,2071.28,17483.42
2016-01-07,2012.34,17027.96
2016-01-08,2009.74,17014.87
2016-01-11,1972.24,16732.19
2016-01-12,1972.98,16584.0
2016-01-13,1949.08,16357.96
2016-01-14,1947.55,16561.44
2016-01-15,1910.9,16187.29
2016-01-18,1886.2,15927.16
2016-01-19,1896.98,15989.28
2016-01-20,1876.65,15807.16
2016-01-21,1885.39,15821.58
2016-01-22,1905.52,15975.48
2016-01-26,1872.13,15757.62
2016-01-27,1922.08,16150.08
2016-01-28,1923.03,16260.27
2016-01-29,2011.55,16999.51
2016-02-01,2014.13,17066.1
2016-02-02,1922.59,16288.27
2016-02-03,1967.3,16664.88
2016-02-04,2005.73,17144.37
2016-02-05,1998.19,17057.72
2016-02-10,1993.11,16965.26
2016-02-11,1933.6,16547.6
2016-02-12,1956.3,16732.88
2016-02-15,1967.15,16837.65
2016-02-16,2015.29,17181.69
2016-02-17,2030.27,17456.42
2016-02-18,2050.32,17425.41
2016-02-19,2052.77,17441.57
2016-02-22,2111.06,18112.44
2016-02-23,2082.19,17827.32
2016-02-24,2052.69,17640.35
2016-02-25,2060.13,17564.34
2016-02-26,2022.14,17430.79
2016-02-29,2070.75,17899.49
2016-03-01,2116.26,18428.13
2016-03-02,2126.0,18717.82
2016-03-03,2165.93,19581.39
2016-03-04,2204.96,20302.11
2016-03-07,2210.21,20363.34
2016-03-08,2219.97,20308.62
2016-03-09,2200.43,20152.94
2016-03-10,2224.29,20497.37
2016-03-11,2211.87,20510.68
2016-03-14,2198.99,20206.6
2016-03-15,2159.12,19545.21
2016-03-16,2180.92,19792.62
2016-03-17,2282.77,21011.46
2016-03-18,2282.74,20959.08
2016-03-21,2315.15,21122.54
2016-03-22,2311.17,21064.82
2016-03-23,2242.57,20559.58
2016-03-24,2228.95,20541.17
2016-03-28,2273.48,21002.02
2016-03-29,2291.9,21131.93
2016-03-30,2285.59,21150.01
2016-03-31,2217.11,20658.57
2016-04-01,2240.54,20858.86
2016-04-04,2175.61,20153.41
2016-04-05,2170.77,20265.01
2016-04-06,2122.74,19893.91
2016-04-07,2141.29,20055.02
2016-04-08,2186.63,20736.07
2016-04-11,2156.42,20664.85
2016-04-12,2203.69,21361.21
2016-04-13,2249.54,21813.47
2016-04-14,2234.26,21544.52
2016-04-15,2261.86,21878.33
2016-04-18,2250.07,21752.54
2016-04-19,2246.17,22051.41
2016-04-20,2232.72,22011.67
2016-04-22,2222.92,21761.18
2016-04-25,2194.98,21361.2
2016-04-26,2243.37,21834.43
2016-04-27,2289.91,22375.3
2016-04-28,2270.96,22294.83
2016-04-29,2255.86,22133.31
2016-05-02,2246.79,22005.96
2016-05-03,2222.2,21509.81
2016-05-04,2224.46,21627.68
2016-05-05,2207.25,21275.5
2016-05-06,2192.08,21283.99
2016-05-09,2169.0,20994.71
2016-05-10,2241.65,21810.79
2016-05-11,2226.34,21713.16
2016-05-12,2250.83,21928.14
2016-05-13,2208.61,21357.28
2016-05-16,2203.9,21346.1
2016-05-17,2169.93,20962.34
2016-05-18,2159.28,20841.55
2016-05-19,2139.87,20673.1
2016-05-20,2139.04,20528.57
2016-05-23,2123.63,20369.96
2016-05-24,2128.48,20386.09
2016-05-25,2127.01,20435.99
2016-05-27,2122.02,20278.88
2016-05-30,2112.85,20238.3
2016-05-31,2118.84,20051.34
2016-06-01,2137.34,20263.53
2016-06-02,2167.67,20607.48
2016-06-03,2181.14,20899.7
2016-06-06,2172.14,20820.31
2016-06-07,2176.68,20832.64
2016-06-08,2202.75,21279.45
2016-06-09,2184.81,21086.85
2016-06-10,2128.86,20419.01
2016-06-13,2133.51,20526.72
2016-06-14,2089.09,20112.4
2016-06-15,2091.54,20218.43
2016-06-16,2116.79,20414.87
2016-06-17,2114.33,20457.32
2016-06-20,2145.57,20781.79
2016-06-21,2175.58,21001.87
2016-06-22,2145.84,20751.99
2016-06-23,2201.31,21330.25
2016-06-24,2153.12,20763.57
2016-06-27,2124.4,20427.83
2016-06-28,2146.85,20744.81
2016-06-29,2190.75,21135.99
2016-06-30,2203.71,21350.08
2016-07-01,2234.6,21615.62
2016-07-04,2266.49,21757.99
2016-07-05,2254.79,21496.97
2016-07-06,2249.48,21512.63
2016-07-07,2264.73,21566.85
2016-07-08,2302.84,22018.7
2016-07-11,2346.84,22363.73
2016-07-12,2347.35,22487.33
2016-07-13,2349.29,22621.07
2016-07-14,2380.71,22980.63
2016-07-15,2384.27,23018.16
2016-07-18,2404.94,23384.72
2016-07-19,2418.95,23477.96
2016-07-20,2420.05,23431.61
2016-07-21,2423.14,23461.65
2016-07-22,2450.27,23613.64
2016-07-25,2435.42,23563.84
2016-07-26,2425.28,23517.26
2016-07-27,2435.49,23550.41
2016-07-28,2444.83,23477.76
2016-07-29,2483.9,23765.68
2016-08-01,2478.32,23568.46
2016-08-02,2436.53,23333.9
2016-08-03,2456.3,23677.88
2016-08-04,2486.26,23903.33
2016-08-05,2485.02,23949.59
2016-08-08,2477.67,23930.47
2016-08-09,2475.67,23944.65
2016-08-10,2447.65,23636.11
2016-08-11,2494.54,24195.39
2016-08-12,2503.66,24197.9
2016-08-15,2533.36,24518.97
2016-08-16,2519.13,24410.69
2016-08-17,2519.27,24587.53
2016-08-18,2513.16,24527.07
2016-08-19,2501.58,24491.29
2016-08-22,2457.09,23950.86
2016-08-23,2460.3,24030.99
2016-08-24,2472.68,23913.49
2016-08-25,2470.78,23916.52
2016-08-26,2468.3,23935.8
2016-08-29,2506.53,24298.84
2016-08-30,2508.46,24293.59
2016-08-31,2496.41,24031.8
2016-09-01,2506.08,24167.13
2016-09-02,2556.33,24732.13
2016-09-05,2551.71,24711.33
2016-09-06,2579.15,24959.05
2016-09-08,2576.58,25001.93
2016-09-09,2496.21,24106.15
2016-09-12,2503.27,24327.45
2016-09-13,2452.23,23620.6
2016-09-14,2458.1,23711.51
2016-09-15,2479.7,24043.94
2016-09-16,2451.69,23707.43
2016-09-19,2460.89,23809.99
2016-09-20,2472.02,23973.01
2016-09-21,2474.98,24221.35
2016-09-22,2500.48,24465.14
2016-09-23,2495.09,24330.73
2016-09-26,2471.14,24073.56
2016-09-27,2486.67,24196.75
2016-09-28,2522.68,24584.39
2016-09-29,2483.06,24180.17
2016-09-30,2482.57,24176.69
2016-10-03,2524.66,24616.54
2016-10-04,2513.79,24572.84
2016-10-05,2541.4,24925.49
2016-10-06,2546.98,25089.16
2016-10-07,2556.58,25265.91
2016-10-10,2560.34,25495.13
2016-10-11,2542.78,25232.61
2016-10-13,2544.35,25280.61
2016-10-14,2546.31,25531.88
2016-10-17,2568.91,25900.3
2016-10-18,2610.83,26336.5
2016-10-19,2584.32,26216.39
2016-10-20,2589.33,26347.2
2016-10-21,2592.76,26463.47
2016-10-24,2585.1,26450.56
2016-10-25,2577.31,26367.02
2016-10-26,2578.27,26346.77
2016-10-27,2591.46,26513.4
2016-10-28,2609.22,26540.65
2016-10-31,2636.71,26776.51
2016-11-01,2583.22,26119.55
2016-11-03,2532.19,25486.22
2016-11-04,2522.4,25412.24
2016-11-07,2589.95,26373.87
2016-11-08,2594.75,26415.93
2016-11-09,2551.61,26046.99
2016-11-10,2457.2,25179.94
2016-11-11,2390.91,24362.65
2016-11-14,2408.64,24533.2
2016-11-16,2460.67,24991.29
2016-11-17,2435.12,24606.65
2016-11-18,2430.46,24684.65
2016-11-21,2438.43,25110.25
2016-11-22,2453.59,25442.4
2016-11-23,2450.13,25444.87
2016-11-24,2440.15,25237.46
2016-11-25,2438.95,25295.23
2016-11-28,2476.7,25792.03
2016-11-29,2436.37,25077.88
2016-11-30,2445.55,25437.07
2016-12-01,2337.63,24462.09
2016-12-02,2347.69,24754.14
2016-12-05,2336.08,24563.79
2016-12-06,2372.96,25053.99
2016-12-07,2404.19,25178.57
2016-12-08,2376.3,24904.22
2016-12-09,2375.44,24845.96
2016-12-12,2330.04,24322.92
2016-12-13,2344.46,24378.64
2016-12-14,2320.29,23958.32
2016-12-15,2316.09,24036.28
2016-12-16,2324.36,24043.41
2016-12-19,2290.41,23552.93
2016-12-20,2296.38,23708.54
2016-12-21,2315.35,23740.47
2016-12-22,2308.1,23596.57
2016-12-23,2320.58,23862.91
2016-12-26,2340.78,24134.48
2016-12-27,2347.32,24167.45
2016-12-28,2380.21,24609.5
2016-12-29,2410.05,24788.03
2017-01-02,2387.99,24538.77
2017-01-03,2457.61,25419.96
2017-01-04,2443.14,25352.16
2017-01-05,2440.61,25546.98
2017-01-06,2419.11,25375.57
2017-01-09,2415.52,25392.45
2017-01-10,2411.39,25552.46
2017-01-11,2404.42,25660.88
2017-01-12,2463.36,26282.31
2017-01-13,2444.83,26177.13
2017-01-16,2444.66,26248.71
2017-01-17,2466.43,26463.1
2017-01-18,2443.26,26367.39
2017-01-19,2444.44,26266.47
2017-01-20,2451.75,26505.19
2017-01-23,2499.21,26984.92
2017-01-24,2499.19,27031.74
2017-01-26,2518.86,27191.29
2017-01-27,2510.81,27116.06
2017-01-30,2454.25,26423.51
2017-01-31,2463.09,26574.87
2017-02-01,2457.81,26645.71
2017-02-02,2464.09,26562.06
2017-02-03,2494.46,26729.52
2017-02-06,2465.9,26354.11
2017-02-07,2483.76,26433.63
2017-02-08,2504.24,26695.13
2017-02-09,2503.61,26747.95
2017-02-10,2529.63,27205.54
2017-02-13,2544.26,27551.62
2017-02-14,2539.97,27438.46
2017-02-15,2584.82,27946.14
2017-02-16,2582.32,27894.78
2017-02-17,2576.84,27869.44
2017-02-20,2585.72,28177.85
2017-02-21,2597.49,28396.95
2017-02-22,2591.12,28199.48
2017-02-23,2554.87,27769.25
2017-02-24,2533.88,27452.89
2017-03-01,2547.62,27589.98
2017-03-02,2518.25,27143.27
2017-03-03,2559.77,27506.61
2017-03-06,2558.43,27358.89
2017-03-07,2534.56,27123.28
2017-03-08,2511.79,26699.44
2017-03-09,2513.45,26630.62
2017-03-10,2508.55,26675.28
2017-03-13,2531.87,27029.98
2017-03-14,2495.33,26701.29
2017-03-15,2529.37,27298.22
2017-03-16,2545.48,27131.56
2017-03-17,2494.3,26505.09
2017-03-20,2504.03,26748.2
2017-03-21,2450.65,26003.89
2017-03-22,2445.86,26209.65
2017-03-23,2460.86,26230.8
2017-03-24,2484.82,26353.03
2017-03-27,2493.26,26522.15
2017-03-28,2505.23,26657.8
2017-03-29,2525.0,27014.59
2017-03-30,2517.2,26904.67
2017-03-31,2517.57,26806.42
2017-04-03,2528.81,26905.54
2017-04-04,2538.26,27120.54
2017-04-05,2514.42,26738.7
2017-04-06,2492.37,26508.98
2017-04-07,2502.57,26659.48
2017-04-10,2498.85,26672.91
2017-04-11,2503.09,26567.86
2017-04-12,2507.15,26382.8
2017-04-13,2470.58,25974.92
2017-04-17,2515.91,26583.49
2017-04-18,2524.99,26516.12
2017-04-19,2502.32,26225.9
2017-04-20,2519.33,26350.91
2017-04-24,2537.63,26589.13
2017-04-25,2552.59,26903.5
2017-04-26,2541.88,26788.55
2017-04-27,2537.14,26722.76
2017-04-28,2570.55,27041.79
2017-05-02,2625.23,27585.74
2017-05-03,2609.7,27366.93
2017-05-04,2568.48,26888.34
2017-05-05,2588.27,27239.74
2017-05-08,2587.6,27181.84
2017-05-09,2626.61,27487.01
2017-05-10,2670.62,27923.99
2017-05-11,2666.45,28011.92
2017-05-12,2689.87,28268.18
2017-05-15,2682.24,28358.51
2017-05-16,2664.0,28460.31
2017-05-17,2614.78,28000.85
2017-05-18,2430.87,25537.21
2017-05-19,2466.36,25977.58
2017-05-22,2452.62,25564.88
2017-05-23,2500.16,25992.52
2017-05-24,2531.54,26244.09
2017-05-25,2543.4,26229.89
2017-05-26,2579.21,26594.69
2017-05-29,2557.75,26466.45
2017-05-30,2569.33,26545.88
2017-05-31,2518.77,26052.91
2017-06-01,2505.46,25881.08
2017-06-02,2519.51,25969.32
2017-06-05,2517.31,25938.94
2017-06-06,2523.1,26148.89
2017-06-07,2536.6,26253.6
2017-06-08,2517.12,26077.96
2017-06-09,2490.66,25863.02
2017-06-12,2475.66,25657.31
2017-06-13,2482.97,25716.85
2017-06-14,2489.98,25754.61
2017-06-16,2489.04,25658.7
2017-06-19,2508.74,25805.46
2017-06-20,2469.67,25306.02
2017-06-21,2459.87,25275.78
2017-06-22,2467.8,25477.35
2017-06-23,2460.99,25412.21
2017-06-26,2486.62,25847.74
2017-06-27,2455.18,25642.44
2017-06-28,2463.26,25769.25
2017-06-29,2460.44,25847.49
2017-06-30,2483.31,26130.62
2017-07-03,2491.84,26280.43
2017-07-04,2487.68,26266.43
2017-07-05,2501.81,26243.28
2017-07-06,2478.1,25981.35
2017-07-07,2474.34,25925.56
2017-07-10,2499.3,26208.25
2017-07-11,2516.82,26521.59
2017-07-12,2550.91,26943.63
2017-07-13,2578.22,27099.96
2017-07-14,2579.68,27207.83
2017-07-17,2579.47,27124.95
2017-07-18,2580.32,27174.43
2017-07-19,2564.04,27103.23
2017-07-20,2570.9,27024.98
2017-07-21,2569.67,26934.39
2017-07-24,2577.91,27095.62
2017-07-25,2582.25,27317.07
2017-07-26,2564.21,27056.33
2017-07-27,2571.04,27165.79
2017-07-28,2572.53,27243.85
2017-07-31,2574.6,27413.77
2017-08-01,2603.28,27649.38
2017-08-02,2613.89,27897.85
2017-08-03,2606.84,27765.06
2017-08-04,2603.14,27812.25
2017-08-07,2627.88,28218.49
2017-08-08,2619.11,28192.34
2017-08-09,2614.41,28099.48
2017-08-10,2590.8,27814.71
2017-08-11,2621.77,27974.4
2017-08-14,2664.31,28347.33
2017-08-15,2663.35,28374.37
2017-08-16,2668.41,28471.12
2017-08-17,2644.05,28222.72
2017-08-18,2658.28,28513.59
2017-08-21,2657.86,28491.15
2017-08-22,2716.35,29039.06
2017-08-23,2722.91,29227.0
2017-08-24,2748.63,29505.96
2017-08-25,2740.56,29484.74
2017-08-28,2740.13,29475.26
2017-08-29,2756.24,29587.39
2017-08-30,2743.97,29427.63
2017-08-31,2738.05,29427.9
2017-09-01,2764.58,29846.46
2017-09-04,2776.63,29947.75
2017-09-05,2788.78,29968.94
2017-09-06,2818.72,30458.47
2017-09-08,2821.58,30350.46
2017-09-11,2874.87,30843.98
2017-09-12,2886.02,30914.93
2017-09-13,2895.1,31034.24
2017-09-14,2899.45,31011.37
2017-09-15,2946.59,31452.31
2017-09-18,2951.91,31539.84
2017-09-19,2946.93,31528.45
2017-09-20,2939.66,31538.06
2017-09-21,2922.43,31369.28
2017-09-22,2907.45,31295.6
2017-09-25,2861.02,30880.22
2017-09-26,2858.47,30821.56
2017-09-27,2839.21,30586.15
2017-09-28,2837.69,30487.08
2017-09-29,2866.26,30808.59
2017-10-02,2863.68,30834.8
2017-10-03,2939.56,31783.38
2017-10-04,2954.94,31726.22
2017-10-05,2955.28,31745.01
2017-10-06,2937.41,31537.14
2017-10-09,2930.63,31403.02
2017-10-10,2964.92,31870.27
2017-10-11,2967.63,31772.59
2017-10-13,2963.75,31877.31
2017-10-16,2949.43,31811.59
2017-10-17,2914.22,31521.68
2017-10-18,2945.71,31720.76
2017-10-19,2925.72,31604.06
2017-10-20,2948.42,31666.31
2017-10-23,2903.98,31263.3
2017-10-24,2927.71,31628.71
2017-10-25,2941.01,31741.37
2017-10-26,2917.83,31424.35
2017-10-27,2910.66,31449.27
2017-10-30,2865.24,30961.24
2017-10-31,2872.29,30768.93
2017-11-01,2847.91,30590.72
2017-11-03,2838.76,30584.97
2017-11-06,2839.73,30719.27
2017-11-07,2781.26,29946.83
2017-11-08,2841.64,30714.63
2017-11-09,2804.5,30130.11
2017-11-10,2756.2,29793.33
2017-11-13,2764.89,29932.55
2017-11-14,2730.56,29305.81
2017-11-16,2785.26,29992.67
2017-11-17,2812.91,30370.64
2017-11-21,2850.11,30847.61
2017-11-22,2824.3,30812.62
2017-11-23,2815.15,30785.76
2017-11-24,2788.07,30656.99
2017-11-27,2781.18,30606.63
2017-11-28,2782.22,30628.02
2017-11-29,2735.6,30051.23
2017-11-30,2697.12,29729.33
2017-12-01,2714.55,29847.5
2017-12-04,2728.79,30168.62
2017-12-05,2714.09,29958.37
2017-12-06,2741.84,30236.21
2017-12-07,2711.3,29947.74
2017-12-08,2726.02,30073.26
2017-12-11,2723.25,30094.63
2017-12-12,2759.95,30485.99
2017-12-13,2737.67,30143.33
2017-12-14,2707.76,29951.15
2017-12-15,2715.3,30041.98
2017-12-18,2723.72,30236.64
2017-12-19,2697.7,30056.68
2017-12-20,2711.74,30338.44
2017-12-21,2779.81,31038.48
2017-12-22,2777.84,31066.76
2017-12-26,2809.82,31280.17
2017-12-27,2826.36,31454.06
2017-12-28,2829.5,31616.0
2018-01-02,2865.81,32197.54
2018-01-03,2858.48,32237.71
2018-01-04,2871.1,32487.24
2018-01-05,2884.96,32655.54
2018-01-08,2889.73,32752.25
2018-01-09,2880.86,32555.41
2018-01-10,2847.67,32286.97
2018-01-11,2862.5,32741.3
2018-01-12,2871.06,32731.13
2018-01-15,2887.69,32904.97
2018-01-16,2901.42,32951.37
2018-01-17,2930.95,33476.11
2018-01-18,2938.55,33390.74
2018-01-19,2952.62,33503.7
2018-01-22,2976.64,33694.74
2018-01-23,2945.69,33298.7
2018-01-24,3019.91,34496.3
2018-01-26,3066.37,35253.52
2018-01-29,3035.74,34916.59
2018-01-30,3043.52,34823.95
2018-01-31,3051.89,35012.93
2018-02-01,3052.87,35257.07
2018-02-02,3006.58,34665.04
2018-02-05,2937.9,33788.43
2018-02-06,2989.76,34577.59
2018-02-07,2969.12,34147.92
2018-02-08,2913.54,33636.17
2018-02-09,2871.74,33357.19
2018-02-14,2935.26,34428.79
2018-02-15,2962.99,34719.28
2018-02-16,2962.39,34807.93
2018-02-19,2968.74,34932.84
2018-02-20,3006.05,35327.08
2018-02-21,3020.06,35432.63
2018-02-22,3020.01,35680.3
2018-02-23,3050.98,35930.25
2018-02-26,3023.82,36054.58
2018-02-27,3002.28,35784.33
2018-02-28,2964.75,35158.73
2018-03-01,2973.24,35172.55
2018-03-02,2986.42,35319.51
2018-03-05,2994.95,35427.57
2018-03-06,2972.92,35275.72
2018-03-07,2985.56,35204.9
2018-03-08,2994.01,35007.78
2018-03-09,3016.82,35571.55
2018-03-12,3029.95,35803.22
2018-03-13,3019.87,35603.88
2018-03-14,3006.4,35454.81
2018-03-15,2985.86,35023.98
2018-03-16,2980.7,35009.57
2018-03-19,2970.6,34633.64
2018-03-20,2968.3,34731.96
2018-03-21,2964.01,35039.63
2018-03-22,2971.65,34970.46
2018-03-23,2946.57,34810.46
2018-03-26,2961.04,35087.88
2018-03-27,2927.65,34570.91
2018-03-28,2922.26,34583.54
2018-03-29,2985.73,35186.47
2018-04-02,2945.57,34871.47
2018-04-03,2953.84,34857.34
2018-04-04,2949.74,34751.5
2018-04-05,2966.3,35088.56
2018-04-06,2957.25,34945.37
2018-04-09,2922.23,34336.7
2018-04-10,2931.09,34794.58
2018-04-11,2936.99,35069.51
2018-04-12,2959.86,35158.29
2018-04-13,2920.77,34721.66
2018-04-16,2894.84,34119.23
2018-04-17,2947.84,34635.41
2018-04-18,2973.03,35319.19
2018-04-19,2976.98,35354.16
2018-04-20,2977.88,35269.51
2018-04-23,2984.23,35299.94
2018-04-24,2975.83,35217.14
2018-04-25,2952.32,35061.15
2018-04-26,3001.37,35587.66
2018-04-27,3013.37,35608.25
2018-04-30,3000.39,35474.07
2018-05-02,2962.0,34840.69
2018-05-03,2908.05,34312.08
2018-05-04,2913.44,34221.45
2018-05-07,2903.89,34062.51
2018-05-08,2912.61,34154.09
2018-05-09,2902.62,34674.24
2018-05-10,2948.38,35323.45
2018-05-11,2946.6,35054.12
2018-05-14,2913.99,35015.79
2018-05-15,2905.98,34946.38
2018-05-16,2949.53,35509.41
2018-05-17,2859.09,34314.76
2018-05-18,2843.55,34090.91
2018-05-21,2829.26,33612.14
2018-05-22,2867.0,34018.9
2018-05-23,2830.46,33259.95
2018-05-24,2870.77,32946.59
2018-05-25,2835.66,32470.34
2018-05-28,2735.96,31003.17
2018-05-29,2719.36,31315.44
2018-05-30,2761.8,31604.53
2018-06-01,2815.49,31825.11
2018-06-04,2826.21,32396.0
2018-06-05,2746.67,31595.0
2018-06-06,2730.96,31350.63
2018-06-07,2677.3,30425.54
2018-06-08,2682.54,30080.29
2018-06-11,2656.32,29820.37
2018-06-12,2652.1,29985.82
2018-06-13,2633.13,29737.49
2018-06-14,2622.76,29457.39
2018-06-15,2644.63,29176.8
2018-06-18,2607.45,28788.78
2018-06-19,2654.77,29434.81
2018-06-20,2679.42,29730.97
2018-06-21,2629.69,28900.39
2018-06-22,2635.52,29141.34
2018-06-25,2656.28,29268.36
2018-06-26,2664.79,29452.14
2018-06-27,2632.81,29126.83
2018-06-28,2675.4,29569.38
2018-06-29,2713.38,29962.77
2018-07-02,2688.31,29976.07
2018-07-03,2717.89,30310.46
2018-07-04,2731.56,30742.26
2018-07-05,2728.05,30664.81
2018-07-06,2735.9,30852.87
2018-07-10,2763.81,30804.45
2018-07-11,2754.06,30630.36
2018-07-12,2775.81,31210.9
2018-07-13,2809.27,31521.47
2018-07-16,2817.36,31564.28
2018-07-17,2854.87,32162.1
2018-07-18,2832.23,31862.28
2018-07-19,2852.42,31910.61
2018-07-20,2873.82,32379.46
2018-07-23,2848.44,32161.99
2018-07-24,2872.25,32614.06
2018-07-25,2889.3,33054.86
2018-07-26,2837.3,32712.12
2018-07-27,2831.99,32873.75
2018-07-30,2839.85,33024.76
2018-07-31,2801.71,32610.22
2018-08-01,2813.54,32656.28
2018-08-02,2806.65,32786.3
2018-08-03,2852.53,33500.78
2018-08-06,2843.28,33346.74
2018-08-07,2812.92,33075.5
2018-08-08,2791.06,32597.95
2018-08-09,2791.58,32443.12
2018-08-10,2707.55,31523.04
2018-08-13,2737.85,31906.93
2018-08-14,2789.01,32386.24
2018-08-15,2755.93,31783.42
2018-08-16,2757.51,31690.31
2018-08-17,2720.99,31368.72
2018-08-20,2728.72,31488.17
2018-08-21,2691.44,31006.11
2018-08-22,2740.41,31674.74
2018-08-23,2715.17,31140.71
2018-08-24,2728.05,31381.73
2018-08-27,2776.31,32065.15
2018-08-28,2767.48,31892.05
2018-08-29,2783.6,32266.57
2018-08-30,2737.81,31464.75
2018-08-31,2747.73,31591.01
2018-09-03,2730.15,31402.68
2018-09-04,2697.92,30801.9
2018-09-05,2700.0,30970.54
2018-09-06,2742.4,31495.32
2018-09-10,2733.0,31522.81
2018-09-11,2685.3,30803.27
2018-09-12,2685.39,30970.29
2018-09-13,2656.69,30778.71
2018-09-14,2671.73,31058.43
2018-09-17,2713.37,31603.05
2018-09-18,2733.48,32192.54
2018-09-19,2692.95,32142.12
2018-09-20,2678.57,32113.62
2018-09-21,2719.14,32648.41
2018-09-24,2671.6,32056.54
2018-09-25,2677.57,32299.71
2018-09-26,2681.25,32327.27
2018-09-27,2719.81,32863.99
2018-09-28,2694.22,32611.26
2018-10-01,2665.01,32302.32
2018-10-02,2756.87,33507.87
2018-10-03,2806.85,34182.72
2018-10-04,2794.9,34071.58
2018-10-05,2780.25,33827.71
2018-10-08,2902.61,35353.03
2018-10-09,2869.01,35340.33
2018-10-10,2814.13,34362.86
2018-10-11,2797.5,34072.18
2018-10-15,2798.35,34242.18
2018-10-16,2869.49,35194.91
2018-10-17,2871.89,35225.39
2018-10-18,2851.22,34504.71
2018-10-19,2862.59,34683.77
2018-10-22,2883.27,35230.57
2018-10-23,2895.41,35123.08
2018-10-24,2848.82,34236.79
2018-10-25,2883.36,34648.56
2018-10-26,2893.77,35290.6
2018-10-29,2850.3,34529.34
2018-10-30,2960.34,35793.17
2018-10-31,2973.73,36009.32
2018-11-01,3001.22,36429.84
2018-11-05,3036.33,36906.37
2018-11-06,3016.09,36530.89
2018-11-07,2986.39,36149.27
2018-11-08,2921.16,35305.35
2018-11-09,2936.97,35330.5
2018-11-12,2926.7,35301.88
2018-11-13,2920.86,35083.18
2018-11-14,2944.93,35503.52
2018-11-16,3015.69,36528.57
2018-11-19,2993.96,36282.79
2018-11-21,2989.32,36041.93
2018-11-22,3001.76,36148.27
2018-11-23,3001.58,35666.48
2018-11-26,2970.94,35383.49
2018-11-27,3038.04,36322.08
2018-11-28,3080.79,36884.62
2018-11-29,3112.94,37063.6
2018-11-30,3097.42,36967.81
2018-12-03,3100.35,37103.6
2018-12-04,3064.28,36644.09
2018-12-05,3079.51,36825.54
2018-12-06,3085.95,36763.38
2018-12-07,3055.87,36465.8
2018-12-10,3003.01,35594.64
2018-12-11,3028.01,35818.41
2018-12-12,3041.58,36058.6
2018-12-13,3070.11,36384.87
2018-12-14,3068.16,36228.65
2018-12-17,3020.26,35788.89
2018-12-18,3049.12,35906.24
2018-12-19,3039.05,35521.92
2018-12-20,3044.74,35400.18
2018-12-21,3058.61,35572.9
2018-12-26,3028.63,35356.12
2018-12-27,3041.96,35503.96
2018-12-28,3108.65,36491.43
2019-01-02,3200.74,37744.23
2019-01-03,3218.26,37975.7
2019-01-04,3205.01,38060.76
2019-01-07,3180.98,37985.82
2019-01-08,3209.38,38106.82
2019-01-09,3273.13,38745.85
2019-01-10,3284.49,38840.22
2019-01-11,3267.43,38808.62
2019-01-14,3299.97,39159.61
2019-01-15,3267.84,39003.67
2019-01-16,3268.15,39142.98
2019-01-17,3303.4,39525.99
2019-01-18,3327.84,39822.1
2019-01-21,3327.83,39785.95
2019-01-22,3306.92,39429.81
2019-01-23,3352.08,40007.41
2019-01-24,3413.66,40481.81
2019-01-28,3312.97,39639.55
2019-01-29,3343.2,39685.57
2019-01-30,3390.17,40230.99
2019-01-31,3394.47,40400.91
2019-02-01,3413.18,40592.66
2019-02-04,3411.45,40908.1
2019-02-05,3398.02,40786.55
2019-02-06,3256.12,39315.39
2019-02-07,3253.8,39192.94
2019-02-08,3285.24,39593.66
2019-02-11,3268.83,39217.87
2019-02-12,3298.12,39928.45
2019-02-13,3271.26,39785.25
2019-02-14,3332.59,40647.23
2019-02-15,3313.52,40456.77
2019-02-18,3292.16,40081.58
2019-02-19,3333.75,40518.67
2019-02-20,3277.08,40062.53
2019-02-21,3287.01,40208.15
2019-02-22,3332.42,40583.58
2019-02-25,3311.23,40363.64
2019-02-26,3323.37,40504.4
2019-02-27,3332.17,40370.65
2019-02-28,3274.65,39688.74
2019-03-01,3245.19,39307.83
2019-03-06,3216.3,39140.1
2019-03-07,3185.71,39161.78
2019-03-08,3248.94,39607.13
2019-03-11,3314.88,40666.03
2019-03-12,3305.76,40612.06
2019-03-13,3327.19,41025.75
2019-03-14,3315.54,40916.68
2019-03-15,3325.98,41121.35
2019-03-18,3341.03,41471.36
2019-03-19,3324.05,41325.09
2019-03-20,3269.35,40684.05
2019-03-21,3205.34,40146.79
2019-03-22,3109.97,38953.24
2019-03-25,3091.39,38937.71
2019-03-26,3134.56,39604.02
2019-03-27,3019.42,38206.8
2019-03-28,3114.06,39202.85
2019-03-29,3145.5,39643.35
2019-04-01,3166.33,39908.17
2019-04-02,3121.29,39640.09
2019-04-03,3105.97,39303.14
2019-04-04,3170.3,40011.85
2019-04-05,3192.14,40338.78
2019-04-08,3175.75,40427.94
2019-04-09,3131.72,39983.3
2019-04-10,3135.34,39854.67
2019-04-11,3116.07,39387.67
2019-04-12,3068.46,38648.2
2019-04-15,3056.94,38723.56
2019-04-16,3065.82,39213.29
2019-04-17,3032.58,38771.46
2019-04-18,3075.88,39268.1
2019-04-22,3081.94,39304.52
2019-04-23,3118.65,39856.18
2019-04-24,3076.53,39525.39
2019-04-25,3135.09,40127.16
2019-04-26,3132.13,40003.17
2019-04-29,3135.06,39984.15
2019-04-30,3139.54,40062.33
2019-05-02,3111.46,39771.52
2019-05-03,3110.35,39954.92
2019-05-06,3095.95,39572.07
2019-05-07,3077.63,39332.06
2019-05-08,3104.44,39824.0
2019-05-09,3080.46,39525.72
2019-05-10,3064.87,39300.51
2019-05-13,2987.11,38275.56
2019-05-14,3000.09,38422.63
2019-05-15,2995.04,38226.03
2019-05-16,2947.67,37565.26
2019-05-17,2935.43,37536.59
2019-05-20,3031.5,38337.63
2019-05-21,3120.61,39394.81
2019-05-22,3122.06,39359.39
2019-05-23,3098.88,39167.87
2019-05-24,3078.22,39036.83
2019-05-27,3111.07,39531.49
2019-05-28,3159.83,40172.71
2019-05-29,3171.63,40263.12
2019-05-30,3192.29,40647.77
2019-05-31,3217.94,40519.55
2019-06-03,3202.83,40517.57
2019-06-04,3177.45,40667.47
2019-06-05,3145.06,40131.53
2019-06-06,3180.13,40609.08
2019-06-07,3204.42,40871.43
2019-06-10,3193.64,40723.97
2019-06-11,3230.13,41295.26
2019-06-12,3211.13,41038.57
2019-06-13,3235.33,41244.8
2019-06-14,3215.16,40943.29
2019-06-17,3200.85,40794.18
2019-06-18,3250.38,41505.88
2019-06-19,3295.37,41874.37
2019-06-21,3332.29,42537.45
2019-06-24,3335.71,42567.72
2019-06-25,3274.54,41766.78
2019-06-26,3295.55,41988.75
2019-06-27,3301.59,42034.64
2019-06-28,3308.6,42180.16
2019-07-01,3295.82,42300.83
2019-07-02,3296.88,42018.66
2019-07-03,3336.91,42600.99
2019-07-04,3394.52,43270.01
2019-07-05,3415.58,43487.65
2019-07-08,3425.78,43706.27
2019-07-10,3493.65,44249.18
2019-07-11,3482.51,43991.98
2019-07-12,3451.66,43475.61
2019-07-15,3433.16,43413.93
2019-07-16,3440.91,43408.77
2019-07-17,3457.92,43458.72
2019-07-18,3474.08,43818.41
2019-07-19,3429.21,43303.22
2019-07-22,3427.31,43490.66
2019-07-23,3404.91,43399.41
2019-07-24,3439.39,43547.67
2019-07-25,3388.99,42951.64
2019-07-26,3422.08,43006.6
2019-07-29,3441.42,43292.46
2019-07-30,3450.5,43111.22
2019-07-31,3433.77,42672.69
2019-08-01,3492.35,42812.74
2019-08-02,3501.98,43027.06
2019-08-05,3432.37,41982.27
2019-08-06,3502.87,42860.5
2019-08-07,3504.75,43134.8
2019-08-08,3532.44,43719.53
2019-08-09,3536.26,43696.04
2019-08-12,3472.69,42845.3
2019-08-13,3524.64,43383.29
2019-08-14,3420.15,42154.38
2019-08-15,3381.83,41638.22
2019-08-16,3427.44,41970.21
2019-08-19,3402.42,41837.22
2019-08-20,3411.66,41747.78
2019-08-21,3486.08,42549.02
2019-08-22,3444.05,42101.68
2019-08-23,3371.64,41112.32
2019-08-26,3325.18,40555.2
2019-08-27,3348.73,40932.0
2019-08-28,3392.36,41302.1
2019-08-29,3474.62,42270.96
2019-08-30,3509.56,42602.77
2019-09-02,3510.46,42424.78
2019-09-03,3461.96,42010.85
2019-09-04,3509.33,42595.23
2019-09-05,3533.98,43005.18
2019-09-06,3520.88,43246.32
2019-09-09,3488.42,43241.11
2019-09-10,3480.06,43189.57
2019-09-11,3534.62,43439.35
2019-09-12,3545.45,43802.51
2019-09-13,3499.54,43439.89
2019-09-16,3506.07,43494.24
2019-09-17,3564.14,43904.75
2019-09-18,3584.19,43887.68
2019-09-19,3589.1,43853.1
2019-09-20,3592.76,44021.54
2019-09-23,3583.3,43933.11
2019-09-24,3556.74,43617.04
2019-09-25,3561.09,43822.79
2019-09-26,3576.77,44171.53
2019-09-27,3574.06,44077.14
2019-09-30,3581.13,43971.65
2019-10-01,3547.09,43674.26
2019-10-02,3456.95,42445.72
2019-10-03,3472.97,42654.99
2019-10-04,3497.9,43074.34
2019-10-07,3418.09,42255.88
2019-10-08,3402.35,42000.52
2019-10-09,3434.75,42537.27
2019-10-10,3432.1,42738.21
2019-10-11,3509.81,43572.75
2019-10-14,3520.54,43769.6
2019-10-15,3531.02,43802.54
2019-10-16,3577.63,44183.26
2019-10-17,3568.56,44041.55
2019-10-18,3568.47,43947.39
2019-10-21,3584.56,44459.99
2019-10-22,3605.6,44980.09
2019-10-23,3609.1,45025.39
2019-10-24,3586.29,44813.23
2019-10-25,3578.11,44935.46
2019-10-28,3587.89,45266.46
2019-10-29,3566.52,45036.06
2019-10-30,3596.19,45403.3
2019-10-31,3566.05,44939.87
2019-11-01,3597.52,45358.68
2019-11-04,3621.77,45563.59
2019-11-05,3615.03,45485.47
2019-11-06,3649.47,45379.43
2019-11-07,3715.03,45853.88
2019-11-08,3666.25,45075.43
2019-11-11,3709.26,45385.0
2019-11-12,3643.84,44722.16
2019-11-13,3645.44,44432.55
2019-11-14,3680.56,44658.15
2019-11-18,3663.1,44541.35
2019-11-19,3650.9,44383.24
2019-11-21,3678.12,45059.75
2019-11-22,3698.26,45528.67
2019-11-25,3703.95,45426.94
2019-11-26,3661.92,44861.32
2019-11-27,3690.55,45127.48
2019-11-28,3731.1,45383.23
2019-11-29,3748.84,45374.96
2019-12-02,3764.15,45633.74
2019-12-03,3784.94,45671.13
2019-12-04,3826.44,46213.98
2019-12-05,3852.17,46361.23
2019-12-06,3887.81,46586.7
2019-12-09,3882.92,46521.94
2019-12-10,3870.89,46389.46
2019-12-11,3897.94,46542.27
2019-12-12,3946.67,47038.13
2019-12-13,4000.1,47212.92
2019-12-16,3989.69,46985.26
2019-12-17,3996.43,47258.74
2019-12-18,4033.12,47976.84
2019-12-19,4070.28,48333.17
2019-12-20,4074.14,48345.59
2019-12-23,4123.83,48679.43
2019-12-26,4178.11,49256.14
2019-12-27,4160.46,49000.07
2019-12-30,4140.26,48675.42
2020-01-02,4203.7,49892.99
2020-01-03,4210.37,49609.37
2020-01-06,4173.02,49299.33
2020-01-07,4170.82,49210.82
2020-01-08,4167.1,49029.99
2020-01-09,4154.49,48927.06
2020-01-10,4166.41,48778.81
2020-01-13,4228.37,49519.69
2020-01-14,4252.84,49655.09
2020-01-15,4220.34,49174.44
2020-01-16,4247.5,49316.8
2020-01-17,4295.14,50027.26
2020-01-20,4330.47,50203.8
2020-01-21,4290.81,49468.42
2020-01-22,4349.49,50017.8
2020-01-23,4399.74,50491.6
2020-01-24,4375.85,50012.56
2020-01-27,4271.95,48400.42
2020-01-28,4325.19,49238.6
2020-01-29,4290.62,48786.8
2020-01-30,4256.4,48801.2
2020-01-31,4182.17,48065.13
2020-02-03,4232.75,48461.06
2020-02-04,4247.87,48858.24
2020-02-05,4279.15,49068.23
2020-02-06,4219.48,48689.25
2020-02-07,4152.99,48071.11
2020-02-10,4113.32,47508.39
2020-02-11,4225.42,48710.15
2020-02-12,4287.57,49268.44
2020-02-13,4282.63,48858.26
2020-02-14,4244.13,48345.95
2020-02-17,4256.03,48749.53
2020-02-18,4254.86,48626.93
2020-02-19,4324.32,49266.44
2020-02-20,4255.92,48469.52
2020-02-21,4277.73,48123.64
2020-02-26,4020.92,44791.75
2020-02-27,3898.45,43628.32
2020-02-28,3941.63,44113.94
2020-03-02,4047.82,45195.63
2020-03-03,4031.03,44736.81
2020-03-04,4121.86,45504.97
2020-03-05,3936.28,43365.7
2020-03-06,3767.92,41554.68
2020-03-09,3410.15,36525.57
2020-03-10,3626.06,39093.08
2020-03-11,3399.69,36155.35
2020-03-12,2900.81,30772.73
2020-03-13,3236.17,35005.14
2020-03-16,2762.62,30205.74
2020-03-17,2906.22,31621.84
2020-03-18,2605.94,28282.11
2020-03-19,2688.81,28910.95
2020-03-20,2624.18,28404.31
2020-03-23,2470.02,26895.8
2020-03-24,2641.15,29402.93
2020-03-25,2840.93,31581.45
2020-03-26,2966.01,32827.54
2020-03-27,2802.18,31054.7
2020-03-30,2814.25,31522.41
2020-03-31,2739.22,30840.55
2020-04-01,2657.52,29954.66
2020-04-02,2702.89,30477.08
2020-04-03,2602.65,29359.96
2020-04-06,2792.2,31249.99
2020-04-07,2906.49,32207.07
2020-04-08,3013.41,33163.08
2020-04-09,2986.95,32813.18
2020-04-13,3004.25,33273.96
2020-04-14,3072.45,33767.63
2020-04-15,3052.71,33329.67
2020-04-16,3025.16,32917.83
2020-04-17,3038.83,33387.77
2020-04-20,3070.94,33410.73
2020-04-22,3173.74,34157.17
2020-04-23,3108.76,33718.19
2020-04-24,2916.45,31852.88
2020-04-27,3053.56,33083.91
2020-04-28,3153.5,34385.94
2020-04-29,3201.77,35151.05
2020-04-30,3084.64,34006.82
2020-05-04,3043.98,33312.18
2020-05-05,3064.6,33560.76
2020-05-06,3069.7,33357.88
2020-05-07,2993.62,32914.18
2020-05-08,3033.39,33789.05
2020-05-11,3005.6,33300.0
2020-05-12,2938.29,32785.11
2020-05-13,2967.07,32720.72
2020-05-14,3041.11,33251.6
2020-05-15,2973.08,32670.63
2020-05-18,3076.33,34222.72
2020-05-19,3060.48,34040.96
2020-05-20,3094.01,34268.99
2020-05-21,3176.34,35025.86
2020-05-22,3129.69,34683.43
2020-05-25,3270.82,36167.47
2020-05-26,3297.55,36096.84
2020-05-27,3388.84,37151.27
2020-05-28,3360.09,36732.41
2020-05-29,3350.37,36903.25
2020-06-01,3405.57,37428.01
2020-06-02,3476.75,38435.37
2020-06-03,3521.13,39287.64
2020-06-04,3534.6,39622.49
2020-06-05,3567.65,39960.35
2020-06-08,3680.37,41240.74
2020-06-09,3659.97,40859.84
2020-06-10,3587.29,39971.83
2020-06-12,3528.73,39182.38
2020-06-15,3511.65,39024.7
2020-06-16,3540.93,39481.22
2020-06-17,3646.79,40345.86
2020-06-18,3657.79,40593.34
2020-06-19,3672.91,40795.38
2020-06-22,3617.51,40330.7
2020-06-23,3610.34,40588.98
2020-06-24,3544.4,39913.31
2020-06-25,3617.64,40585.66
2020-06-26,3537.78,39674.56
2020-06-29,3571.03,40472.57
2020-06-30,3569.77,40213.02
2020-07-01,3639.83,40728.68
2020-07-02,3638.18,40741.76
2020-07-03,3665.72,40982.17
2020-07-06,3736.81,41876.71
2020-07-07,3692.13,41387.13
2020-07-08,3768.71,42221.46
2020-07-09,3782.27,41970.26
2020-07-10,3781.46,42324.81
2020-07-13,3714.11,41775.92
2020-07-14,3715.0,42478.64
2020-07-15,3755.3,43049.55
2020-07-16,3732.37,42553.82
2020-07-17,3857.64,43514.52
2020-07-20,3930.71,44161.83
2020-07-21,3915.42,44120.86
2020-07-22,3985.36,44129.61
2020-07-23,3898.22,43300.18
2020-07-24,3885.76,43320.86
2020-07-27,3945.99,44172.86
2020-07-28,3933.84,44007.03
2020-07-29,3990.57,44629.2
2020-07-30,3998.43,44424.85
2020-07-31,3956.81,43596.81
2020-08-03,3941.17,43537.32
2020-08-04,3875.9,42856.43
2020-08-05,3917.85,43528.36
2020-08-06,4010.85,44112.53
2020-08-07,3964.82,43560.98
2020-08-10,3968.9,43802.84
2020-08-11,3931.01,43315.99
2020-08-12,3915.71,43257.83
2020-08-13,3870.74,42584.95
2020-08-14,3898.28,42949.4
2020-08-17,3810.23,42159.04
2020-08-18,3878.18,43220.07
2020-08-19,3825.05,42721.8
2020-08-20,3845.39,42983.72
2020-08-21,3880.34,43026.66
2020-08-24,3903.29,43327.36
2020-08-25,3919.67,43279.59
2020-08-26,3841.65,42660.21
2020-08-27,3831.52,42661.71
2020-08-28,3902.38,43291.2
2020-08-31,3801.06,42125.27
2020-09-01,3911.09,43292.51
2020-09-02,3914.54,43209.23
2020-09-03,3860.19,42700.41
2020-09-04,3873.18,42911.37
2020-09-08,3852.13,42443.22
2020-09-09,3911.38,42964.68
2020-09-10,3815.53,41911.44
2020-09-11,3767.04,41692.51
2020-09-14,3852.75,42518.15
2020-09-15,3846.64,42516.29
2020-09-16,3821.34,42263.52
2020-09-17,3817.2,42437.65
2020-09-18,3730.0,41698.27
2020-09-21,3713.55,41170.08
2020-09-22,3723.36,41309.14
2020-09-23,3637.8,40690.57
2020-09-24,3687.4,41232.18
2020-09-25,3668.54,41216.42
2020-09-28,3573.04,40227.47
2020-09-29,3570.92,39770.43
2020-09-30,3594.96,40195.6
2020-10-01,3622.64,40566.42
2020-10-02,3588.27,39958.1
2020-10-05,3644.21,40817.22
2020-10-06,3647.72,40615.98
2020-10-07,3635.83,40580.15
2020-10-08,3710.08,41583.08
2020-10-09,3709.22,41434.43
2020-10-13,3761.53,41835.66
2020-10-14,3789.15,42203.61
2020-10-15,3798.66,42103.76
2020-10-16,3795.12,41804.58
2020-10-19,3791.14,41952.46
2020-10-20,3845.53,42749.12
2020-10-21,3801.57,42745.65
2020-10-22,3866.59,43294.98
2020-10-23,3855.69,43028.67
2020-10-26,3863.17,42941.42
2020-10-27,3814.57,42373.3
2020-10-28,3665.52,40600.54
2020-10-29,3673.93,41097.03
2020-10-30,3559.31,39975.69
2020-11-03,3605.77,40848.49
2020-11-04,3719.23,41700.95
2020-11-05,3854.52,42925.34
2020-11-06,3849.24,43022.74
2020-11-09,3929.46,44012.79
2020-11-10,3957.37,44618.31
2020-11-11,3928.56,44489.45
2020-11-12,3862.57,43524.48
2020-11-13,3945.15,44465.26
2020-11-16,3986.55,45150.31
2020-11-17,4007.79,45473.17
2020-11-18,3966.84,45014.67
2020-11-19,3949.47,45249.83
2020-11-20,3905.21,44977.69
2020-11-23,3898.11,45536.25
2020-11-24,3935.81,46526.21
2020-11-25,3947.26,46685.74
2020-11-26,3942.57,46734.4
2020-11-27,3962.77,46866.48
2020-11-30,3881.22,46155.12
2020-12-01,3933.63,47179.89
2020-12-02,3940.54,47398.67
2020-12-03,3963.57,47552.74
2020-12-04,3970.26,48142.81
2020-12-07,3959.93,48066.65
2020-12-08,3987.3,48143.23
2020-12-09,3955.3,47803.19
2020-12-10,3992.84,48682.05
2020-12-11,4018.59,48708.53
2020-12-14,4013.01,48494.99
2020-12-15,4063.84,49137.86
2020-12-16,4113.1,49852.3
2020-12-17,4129.95,50059.88
2020-12-18,4100.35,49908.23
2020-12-21,4024.87,48992.6
2020-12-22,4042.14,49309.47
2020-12-23,4089.96,49826.1
2020-12-28,4151.07,50391.7
2020-12-29,4152.97,50513.12
2020-12-30,4153.31,50379.31
2021-01-04,4109.78,50486.0
2021-01-05,4120.56,50745.16
2021-01-06,4086.89,50723.34
2021-01-07,4171.3,52255.27
2021-01-08,4286.67,53302.19
2021-01-11,4196.82,52607.62
2021-01-12,4243.35,52786.58
2021-01-13,4193.74,51882.41
2021-01-14,4239.35,52558.93
2021-01-15,4163.57,51178.93
2021-01-18,4208.01,51547.22
2021-01-19,4200.08,51295.1
2021-01-20,4169.0,50836.19
2021-01-21,4108.06,50371.11
2021-01-22,4071.43,49984.59
2021-01-26,4049.75,49566.16
2021-01-27,4049.23,49212.87
2021-01-28,4128.74,50470.55
2021-01-29,4009.9,48854.26
2021-02-01,4079.35,49955.3
2021-02-02,4133.9,50090.04
2021-02-03,4192.88,50789.48
2021-02-04,4171.44,50564.04
2021-02-05,4178.18,51103.92
2021-02-08,4151.84,50952.51
2021-02-09,4135.29,50858.82
2021-02-10,4120.82,50442.64
2021-02-11,4184.8,50703.62
2021-02-12,4184.99,50778.68
2021-02-17,4194.92,51232.04
2021-02-18,4147.15,50834.91
2021-02-19,4120.96,50580.62
2021-02-22,3966.82,48265.9
2021-02-23,4045.77,49299.25
2021-02-24,4061.23,49516.75
2021-02-25,3932.71,48084.58
2021-02-26,3840.9,47167.32
2021-03-01,3829.19,47440.03
2021-03-02,3835.89,48022.91
2021-03-03,3821.77,47822.55
2021-03-04,3882.07,48339.0
2021-03-05,3937.28,49542.77
2021-03-08,3787.38,47700.8
2021-03-09,3817.51,47918.01
2021-03-10,3858.83,48426.84
2021-03-11,3922.35,49423.03
2021-03-12,3913.59,48991.48
2021-03-15,3959.34,49249.31
2021-03-16,3943.53,48925.07
2021-03-17,4028.29,49968.73
2021-03-18,3967.15,49208.79
2021-03-19,4019.79,49702.79
2021-03-22,3985.38,49170.82
2021-03-23,3946.1,48416.85
2021-03-24,3893.55,48029.67
2021-03-25,3956.36,48654.98
2021-03-26,3965.14,49189.27
2021-03-29,3974.9,49524.28
2021-03-30,4027.35,50060.03
2021-03-31,3999.96,50014.2
2021-04-01,3971.25,49472.33
2021-04-05,4010.69,50607.54
2021-04-06,4021.94,50559.27
2021-04-07,3998.68,50711.48
2021-04-08,4015.07,50990.64
2021-04-09,3998.59,50667.09
2021-04-12,4028.24,51119.8
2021-04-13,4053.68,51320.1
2021-04-14,4060.29,51835.75
2021-04-15,4075.83,52047.04
2021-04-16,4085.49,52249.06
2021-04-19,4092.69,52144.76
2021-04-20,4065.45,51746.33
2021-04-22,3999.39,51468.74
2021-04-23,4037.16,52009.1
2021-04-26,4024.25,52054.22
2021-04-27,3969.74,51639.82
2021-04-28,3997.28,52371.05
2021-04-29,3966.35,52005.57
2021-04-30,3961.88,51432.65
2021-05-03,3969.79,51515.84
2021-05-04,3904.93,51036.58
2021-05-05,3963.18,51782.29
2021-05-06,3936.37,52122.92
2021-05-07,4004.57,52938.45
2021-05-10,3997.82,52808.84
2021-05-11,4019.91,53424.43
2021-05-12,3932.73,51916.73
2021-05-13,3985.97,52200.79
2021-05-14,4020.69,52538.84
2021-05-17,4054.2,53099.86
2021-05-18,4052.13,53179.99
2021-05-19,4065.71,52909.02
2021-05-20,4055.61,52908.84
2021-05-21,4080.32,52772.87
2021-05-24,4121.71,53422.16
2021-05-25,4121.93,52860.63
2021-05-26,4123.82,53398.56
2021-05-27,4140.27,53580.93
2021-05-28,4180.52,54059.02
2021-05-31,4176.0,54478.49
2021-06-01,4262.92,55155.54
2021-06-02,4305.02,55738.78
2021-06-04,4336.48,55847.6
2021-06-07,4376.6,56006.73
2021-06-08,4352.54,55543.8
2021-06-09,4359.36,55716.39
2021-06-10,4369.84,55770.39
2021-06-11,4336.46,55644.69
2021-06-14,4380.04,55917.27
2021-06-15,4393.14,55751.1
2021-06-16,4362.8,55278.36
2021-06-17,4313.09,54726.29
2021-06-18,4330.52,55026.33
2021-06-21,4362.28,55409.24
2021-06-22,4325.46,55298.55
2021-06-23,4291.69,55272.12
2021-06-24,4343.48,55672.74
2021-06-25,4256.36,54893.33
2021-06-28,4273.43,54878.07
2021-06-29,4252.66,54956.13
2021-06-30,4229.45,54822.42
2021-07-01,4211.35,54268.54
2021-07-02,4260.86,55146.58
2021-07-05,4242.31,54852.82
2021-07-06,4177.85,54189.32
2021-07-07,4245.2,54931.85
2021-07-08,4191.61,54294.55
2021-07-12,4250.53,55205.76
2021-07-13,4251.62,55448.32
2021-07-14,4246.96,55546.97
2021-07-15,4200.4,55229.48
2021-07-16,4173.32,54548.78
2021-07-19,4117.54,53891.14
2021-07-20,4146.91,54324.61
2021-07-21,4143.73,54595.11
2021-07-22,4158.66,54685.91
2021-07-23,4118.64,54231.01
2021-07-26,4127.83,54709.21
2021-07-27,4094.74,54024.55
2021-07-28,4139.9,54814.15
2021-07-29,4108.82,54488.83
2021-07-30,4013.12,52632.97
2021-08-02,4036.65,52939.04
2021-08-03,4046.88,53533.51
2021-08-04,3995.18,52857.54
2021-08-05,4008.87,52601.18
2021-08-06,4033.19,53083.94
2021-08-09,4053.52,53143.19
2021-08-10,4018.71,52892.98
2021-08-11,4026.16,52780.16
2021-08-12,3991.56,52232.88
2021-08-13,4019.94,52361.28
2021-08-16,3953.09,51603.26
2021-08-17,3934.01,50993.3
2021-08-18,3892.97,50330.11
2021-08-19,3942.34,50246.16
2021-08-20,3974.12,50607.17
2021-08-23,3966.91,50316.53
2021-08-24,4054.03,51535.24
2021-08-25,4093.35,51726.62
2021-08-26,4043.36,50881.79
2021-08-27,4088.24,51783.57
2021-08-30,4061.81,51383.71
2021-08-31,4017.02,50920.04
2021-09-01,4049.64,51154.36
2021-09-02,3951.92,50118.26
2021-09-03,3967.08,50174.57
2021-09-06,4005.63,50523.12
2021-09-08,3864.41,48681.88
2021-09-09,3948.7,49445.49
2021-09-10,3924.53,49013.26
2021-09-13,3988.01,49877.12
2021-09-14,3983.72,49764.24
2021-09-15,3942.14,49240.23
2021-09-16,3908.74,48616.81
2021-09-17,3839.06,47623.99
2021-09-20,3777.35,46488.7
2021-09-21,3837.93,47092.49
2021-09-22,3891.3,47983.73
2021-09-23,3961.6,48693.65
2021-09-24,3938.26,48343.84
2021-09-27,3951.19,48482.03
2021-09-28,3873.27,46969.84
2021-09-29,3892.13,47389.38
2021-09-30,3884.01,47360.36
2021-10-01,3936.73,48123.07
2021-10-04,3863.94,47094.27
2021-10-05,3860.68,47090.26
2021-10-06,3845.67,47204.26
2021-10-07,3829.45,47275.79
2021-10-08,3904.94,48193.05
2021-10-11,3893.12,47981.03
2021-10-13,3971.0,48420.7
2021-10-14,3952.14,48308.63
2021-10-15,3992.47,48933.55
2021-10-18,4002.36,48829.66
2021-10-19,3868.03,47296.93
2021-10-20,3893.73,47255.38
2021-10-21,3777.08,45972.53
2021-10-22,3726.21,45423.06
2021-10-25,3803.11,46441.63
2021-10-26,3735.81,45469.48
2021-10-27,3732.54,45395.82
2021-10-28,3697.0,45091.54
2021-10-29,3632.21,44133.83
2021-11-01,3693.94,44975.73
2021-11-03,3755.25,44856.8
2021-11-04,3674.1,43893.45
2021-11-05,3720.51,44391.67
2021-11-08,3695.73,44504.99
2021-11-09,3739.48,44751.3
2021-11-10,3759.12,44915.57
2021-11-11,3796.69,45644.8
2021-11-12,3744.98,45141.99
2021-11-16,3691.46,44287.5
2021-11-17,3638.67,43658.28
2021-11-18,3647.83,43362.92
2021-11-19,3675.32,43668.86
2021-11-22,3603.4,43409.8
2021-11-23,3645.35,44079.32
2021-11-24,3660.18,44459.98
2021-11-25,3714.86,44969.22
2021-11-26,3611.26,43472.94
2021-11-29,3630.04,43742.04
2021-11-30,3607.97,43387.81
2021-12-01,3581.24,42913.78
2021-12-02,3675.72,44500.98
2021-12-03,3706.91,44696.6
2021-12-06,3754.15,45512.17
2021-12-07,3777.04,45825.9
2021-12-08,3809.57,46025.35
2021-12-09,3741.71,45281.77
2021-12-10,3776.67,45888.68
2021-12-13,3741.75,45799.15
2021-12-14,3717.85,45522.52
2021-12-15,3752.93,45768.58
2021-12-16,3771.84,46215.12
2021-12-17,3764.98,45727.99
2021-12-20,3689.12,44831.59
2021-12-21,3686.38,45094.36
2021-12-22,3677.08,44946.99
2021-12-23,3676.52,44782.38
2021-12-27,3692.9,45068.55
2021-12-28,3684.36,44736.42
2021-12-29,3652.16,44436.98
2021-12-30,3670.5,44749.56
2022-01-03,3599.78,44395.92
2022-01-04,3566.69,44197.02
2022-01-05,3466.83,43151.79
2022-01-06,3455.92,43408.89
2022-01-07,3443.0,43978.52
2022-01-10,3411.03,43631.34
2022-01-11,3459.07,44438.49
2022-01-12,3532.42,45253.43
2022-01-13,3520.3,45183.29
2022-01-14,3544.55,45763.9
2022-01-17,3523.51,45511.69
2022-01-18,3502.35,45669.45
2022-01-19,3575.08,46257.6
2022-01-20,3641.94,46683.37
2022-01-21,3645.57,46582.56
2022-01-24,3612.22,46144.28
2022-01-25,3696.52,47098.33
2022-01-26,3711.57,47571.47
2022-01-27,3769.26,48110.23
2022-01-28,3760.08,47791.58
2022-01-31,3812.17,47822.25
2022-02-01,3793.98,48383.1
2022-02-02,3731.05,47852.24
2022-02-03,3738.6,47769.81
2022-02-04,3704.76,48040.95
2022-02-07,3673.28,47980.2
2022-02-08,3692.32,48092.02
2022-02-09,3723.32,48203.75
2022-02-10,3732.06,48631.66
2022-02-11,3704.81,48696.6
2022-02-14,3726.09,48804.67
2022-02-15,3795.88,49118.18
2022-02-16,3815.35,49292.08
2022-02-17,3785.12,48537.73
2022-02-18,3754.45,48267.14
2022-02-21,3668.78,47814.67
2022-02-22,3701.33,48317.24
2022-02-23,3692.91,47983.07
2022-02-24,3689.04,47794.7
2022-02-25,3681.58,48520.15
2022-03-02,3680.96,49522.11
2022-03-03,3674.62,49516.25
2022-03-04,3618.56,49278.16
2022-03-07,3479.82,48135.56
2022-03-08,3524.33,47893.17
2022-03-09,3670.06,48923.13
2022-03-10,3620.78,48913.54
2022-03-11,3560.66,48102.43
2022-03-14,3536.51,47252.81
2022-03-15,3538.86,46802.7
2022-03-16,3621.22,47714.33
2022-03-17,3694.82,48551.32
2022-03-18,3774.93,49492.87
2022-03-21,3764.86,49909.59
2022-03-22,3842.15,50317.85
2022-03-23,3843.99,50399.21
2022-03-24,3938.27,51069.51
2022-03-25,3957.73,51046.44
2022-03-28,3945.93,50890.93
2022-03-29,4000.14,51399.66
2022-03-30,3970.16,51517.75
2022-03-31,3957.14,51410.77
2022-04-01,4040.51,52081.62
2022-04-04,4015.0,51979.3
2022-04-05,3931.41,50942.76
2022-04-06,3890.83,50702.05
2022-04-07,3898.93,50991.88
2022-04-08,3870.09,50735.16
2022-04-11,3828.35,50146.34
2022-04-12,3809.51,49808.59
2022-04-13,3829.65,50073.07
2022-04-14,3816.43,49794.6
2022-04-18,3821.55,49556.46
2022-04-19,3798.71,49251.43
2022-04-20,3772.09,48915.82
2022-04-22,3701.69,47453.19
2022-04-25,3714.93,47271.55
2022-04-26,3633.04,46254.5
2022-04-27,3644.08,46800.29
2022-04-28,3649.14,47075.54
2022-04-29,3554.55,46211.94
2022-05-02,3514.41,45668.95
2022-05-03,3501.54,45608.75
2022-05-04,3567.77,46368.5
2022-05-05,3445.26,45086.32
2022-05-06,3409.43,45020.85
2022-05-09,3368.58,44145.18
2022-05-10,3380.05,44081.89
2022-05-11,3375.37,44682.3
2022-05-12,3422.02,45213.02
2022-05-13,3491.73,45716.28
2022-05-16,3518.62,46326.9
2022-05-17,3572.46,46564.4
2022-05-18,3500.72,45472.21
2022-05-19,3508.75,45815.24
2022-05-20,3541.08,46444.22
2022-05-23,3592.56,47247.27
2022-05-24,3595.86,47348.7
2022-05-25,3589.89,47382.01
2022-05-26,3642.84,47920.59
2022-05-27,3646.47,47947.72
2022-05-30,3603.51,47592.9
2022-05-31,3625.99,47705.44
2022-06-01,3617.55,47755.42
2022-06-02,3663.41,48201.38
2022-06-03,3604.64,47656.78
2022-06-06,3557.65,47272.22
2022-06-07,3516.7,47251.42
2022-06-08,3475.47,46496.13
2022-06-09,3457.7,45913.6
2022-06-10,3380.38,45242.93
2022-06-13,3275.63,44003.36
2022-06-14,3241.13,43790.05
2022-06-15,3283.31,44089.7
2022-06-17,3219.14,42747.21
2022-06-20,3212.8,42714.53
2022-06-21,3210.78,42658.2
2022-06-22,3227.88,42565.4
2022-06-23,3224.08,41912.63
2022-06-24,3227.24,42182.64
2022-06-27,3253.63,43128.09
2022-06-28,3231.33,43090.77
2022-06-29,3195.77,42682.45
2022-06-30,3178.09,42188.99
2022-07-01,3194.3,42341.26
2022-07-04,3159.58,42203.16
2022-07-05,3166.44,42039.57
2022-07-06,3198.06,42215.5
2022-07-07,3246.52,43088.7
2022-07-08,3241.8,42879.64
2022-07-11,3173.12,41976.69
2022-07-12,3205.75,41988.32
2022-07-13,3193.82,41831.66
2022-07-14,3192.08,41013.54
2022-07-15,3195.83,41200.25
2022-07-18,3177.25,41369.0
2022-07-19,3221.06,41916.51
2022-07-20,3247.21,41930.84
2022-07-21,3254.96,42251.35
2022-07-22,3241.78,42220.84
2022-07-25,3252.3,42815.43
2022-07-26,3215.38,42615.14
2022-07-27,3291.26,43308.25
2022-07-28,3319.46,43793.59
2022-07-29,3317.98,44044.97
2022-08-01,3314.18,43621.61
2022-08-02,3327.43,44128.58
2022-08-03,3394.18,44253.52
2022-08-04,3494.18,45124.89
2022-08-05,3485.78,45378.25
2022-08-08,3532.24,46218.24
2022-08-09,3503.2,46346.8
2022-08-10,3572.74,46996.57
2022-08-11,3513.79,46807.4
2022-08-12,3597.81,48129.52
2022-08-15,3656.84,48215.4
2022-08-16,3663.25,48443.48
2022-08-17,3679.66,48510.61
2022-08-18,3664.35,48533.31
2022-08-19,3596.99,47540.83
2022-08-22,3573.0,47127.53
2022-08-23,3614.47,48201.08
2022-08-24,3638.37,48182.98
2022-08-25,3647.92,48457.7
2022-08-26,3598.68,47941.56
2022-08-29,3600.87,47955.43
2022-08-30,3563.97,47101.59
2022-08-31,3516.17,46753.63
2022-09-01,3536.96,47104.88
2022-09-02,3559.69,47245.83
2022-09-05,3595.41,47810.75
2022-09-06,3514.82,46753.81
2022-09-08,3522.38,46804.09
2022-09-09,3584.28,47784.84
2022-09-12,3636.6,48240.0
2022-09-13,3545.31,47131.77
2022-09-14,3543.07,47048.6
2022-09-15,3507.66,46798.59
2022-09-16,3490.63,46508.66
2022-09-19,3550.13,47557.09
2022-09-20,3564.48,47830.1
2022-09-21,3554.05,47586.5
2022-09-22,3612.88,48503.16
2022-09-23,3566.56,47472.99
2022-09-26,3465.4,46371.6
2022-09-27,3416.56,46054.06
2022-09-28,3417.21,46071.99
2022-09-29,3359.71,45744.87
2022-09-30,3427.0,46730.97
2022-10-03,3623.21,49344.13
2022-10-04,3600.09,49356.97
2022-10-05,3592.48,49772.41
2022-10-06,3625.01,49967.72
2022-10-07,3582.95,49468.94
2022-10-10,3585.28,49293.35
2022-10-11,3567.18,48823.67
2022-10-13,3551.12,48631.92
2022-10-14,3467.95,47682.41
2022-10-17,3515.99,48343.44
2022-10-18,3586.32,49248.67
2022-10-19,3586.2,49497.53
2022-10-20,3577.91,49889.84
2022-10-21,3637.77,51075.07
2022-10-24,3585.27,49368.77
2022-10-25,3537.4,48770.89
2022-10-26,3444.11,47958.61
2022-10-27,3546.9,48773.03
2022-10-28,3592.5,48732.46
2022-10-31,3689.06,49334.78
2022-11-01,3706.38,49700.14
2022-11-03,3735.84,49712.86
2022-11-04,3749.07,50201.17
2022-11-07,3647.14,48968.79
2022-11-08,3646.81,49308.11
2022-11-09,3570.24,48226.45
2022-11-10,3407.19,46581.0
2022-11-11,3431.0,47611.75
2022-11-14,3449.87,48013.78
2022-11-16,3333.88,46778.65
2022-11-17,3309.12,46540.3
2022-11-18,3286.57,46192.89
2022-11-21,3358.8,46578.64
2022-11-22,3313.37,46275.61
2022-11-23,3283.2,46190.4
2022-11-24,3386.81,47475.18
2022-11-25,3286.71,46257.77
2022-11-28,3259.02,46197.14
2022-11-29,3282.03,47119.25
2022-11-30,3302.35,47801.7
2022-12-01,3239.66,47114.39
2022-12-02,3263.06,47507.9
2022-12-05,3161.42,46429.5
2022-12-06,3192.56,46755.47
2022-12-07,3190.79,46296.27
2022-12-08,3102.47,45522.54
2022-12-09,3085.42,45621.92
2022-12-12,3043.41,44695.63
2022-12-13,2960.17,43938.52
2022-12-14,2982.36,43966.3
2022-12-15,2975.86,43974.81
2022-12-16,2938.43,43609.44
2022-12-19,3010.94,44411.04
2022-12-20,3089.85,45316.71
2022-12-21,3093.07,45574.71
2022-12-22,3106.32,45635.04
2022-12-23,3168.34,46565.07
2022-12-26,3117.27,46158.46
2022-12-27,3081.33,46079.99
2022-12-28,3160.51,46769.76
2022-12-29,3158.0,46546.89
2023-01-02,3048.45,45204.03
2023-01-03,2971.59,44293.15
2023-01-04,3016.17,44768.09
2023-01-05,3077.71,45715.83
2023-01-06,3121.86,46285.43
2023-01-09,3130.3,46359.57
2023-01-10,3192.8,47066.91
2023-01-11,3242.74,47749.54
2023-01-12,3181.19,47509.56
2023-01-13,3142.99,47142.21
2023-01-16,3108.29,46425.0
2023-01-17,3157.69,47311.59
2023-01-18,3176.86,47662.1
2023-01-19,3181.53,47947.92
2023-01-20,3143.16,47603.84
2023-01-23,3137.69,47496.87
2023-01-24,3194.23,48038.04
2023-01-25,3221.78,48563.65
2023-01-26,3216.6,48573.32
2023-01-27,3188.69,47761.45
2023-01-30,3180.48,47725.78
2023-01-31,3229.13,48181.14
2023-02-01,3200.82,47602.85
2023-02-02,3172.06,46711.15
2023-02-03,3106.17,46057.58
2023-02-06,3099.89,46115.44
2023-02-07,3056.86,45776.96
2023-02-08,3111.28,46620.81
2023-02-09,3046.23,45830.2
2023-02-10,3051.81,45846.59
2023-02-13,3075.85,46135.07
2023-02-14,3031.9,45740.72
2023-02-15,3084.82,46490.28
2023-02-16,3090.1,46625.29
2023-02-17,3078.86,46300.24
2023-02-22,3022.01,45482.63
2023-02-23,3019.63,45647.4
2023-02-24,2982.03,44881.34
2023-02-27,2976.72,44846.54
2023-02-28,2965.53,44526.06
2023-03-01,2922.01,44395.7
2023-03-02,2905.37,43975.46
2023-03-03,2904.73,44194.27
2023-03-06,2964.61,44450.76
2023-03-07,2979.2,44240.29
2023-03-08,3053.83,45186.12
2023-03-09,3039.19,44579.52
2023-03-10,2976.29,43991.15
2023-03-13,2986.06,43793.74
2023-03-14,2963.79,43734.62
2023-03-15,2990.27,43539.41
2023-03-16,3003.62,43835.7
2023-03-17,2949.52,43271.41
2023-03-20,2900.84,42841.43
2023-03-21,2891.21,42845.28
2023-03-22,2873.77,42521.88
2023-03-23,2803.42,41543.91
2023-03-24,2857.1,41896.59
2023-03-27,2874.26,42238.03
2023-03-28,2921.15,42871.59
2023-03-29,2919.77,43138.79
2023-03-30,2979.24,43937.35
2023-03-31,2929.75,43160.72
2023-04-03,2894.59,43015.06
2023-04-04,2917.81,43106.24
2023-04-05,2891.92,42713.0
2023-04-06,2895.58,42650.24
2023-04-10,2906.11,43095.25
2023-04-11,3028.07,44942.83
2023-04-12,3065.82,45182.05
2023-04-13,3057.48,44992.51
2023-04-14,3038.82,44899.99
2023-04-17,3036.88,44765.98
2023-04-18,3014.43,44824.93
2023-04-19,2955.42,43866.1
2023-04-20,2982.81,44012.79
2023-04-24,2979.82,43781.63
2023-04-25,2962.56,43438.06
2023-04-26,2941.95,43084.37
2023-04-27,2965.88,43363.87
2023-04-28,3024.42,43994.42
2023-05-02,2977.35,42928.25
2023-05-03,2988.79,42868.01
2023-05-04,3022.31,43000.65
2023-05-05,3109.16,44254.23
2023-05-08,3131.77,44621.64
2023-05-09,3180.07,45069.03
2023-05-10,3211.22,45199.96
2023-05-11,3244.72,45542.0
2023-05-12,3232.35,45624.13
2023-05-15,3260.52,45858.68
2023-05-16,3199.37,45510.12
2023-05-17,3249.84,46049.69
2023-05-18,3297.89,46324.32
2023-05-19,3336.27,46592.2
2023-05-22,3339.24,46369.65
2023-05-23,3316.86,46245.68
2023-05-24,3281.81,45781.16
2023-05-25,3334.33,46293.28
2023-05-26,3350.78,46661.25
2023-05-29,3337.92,46426.92
2023-05-30,3304.52,45847.77
2023-05-31,3297.32,45575.35
2023-06-01,3371.74,46510.17
2023-06-02,3409.01,47345.24
2023-06-05,3411.61,47395.04
2023-06-06,3489.57,48189.11
2023-06-07,3500.88,48570.35
2023-06-09,3540.12,49213.51
2023-06-12,3569.28,49330.42
2023-06-13,3516.74,49080.12
2023-06-14,3582.31,50069.1
2023-06-15,3595.21,50131.53
2023-06-16,3572.24,49941.05
2023-06-19,3598.19,50395.65
2023-06-20,3619.48,50283.36
2023-06-21,3633.25,50617.88
2023-06-22,3581.53,50003.29
2023-06-23,3625.2,50003.92
2023-06-26,3572.7,49711.46
2023-06-27,3528.83,49404.78
2023-06-28,3505.45,49045.49
2023-06-29,3568.5,49757.24
2023-06-30,3593.96,49616.33
2023-07-03,3616.16,50279.65
2023-07-04,3603.99,50031.35
2023-07-05,3626.74,50223.71
2023-07-06,3553.72,49349.79
2023-07-07,3613.46,49965.75
2023-07-10,3577.99,49573.24
2023-07-11,3545.76,49416.16
2023-07-12,3535.16,49463.86
2023-07-13,3558.81,50133.02
2023-07-14,3495.88,49475.38
2023-07-17,3518.82,49680.33
2023-07-18,3518.61,49528.33
2023-07-19,3502.53,49417.72
2023-07-20,3514.35,49642.98
2023-07-21,3587.85,50538.59
2023-07-24,3611.42,51030.78
2023-07-25,3611.54,51319.95
2023-07-26,3632.62,51533.36
2023-07-27,3585.63,50456.93
2023-07-28,3606.85,50524.94
2023-07-31,3639.72,51263.88
2023-08-01,3637.94,50973.19
2023-08-02,3630.53,50802.63
2023-08-03,3617.86,50710.94
2023-08-04,3615.72,50270.46
2023-08-07,3597.29,50212.35
2023-08-08,3586.19,50102.74
2023-08-09,3553.98,49832.98
2023-08-10,3567.77,49807.09
2023-08-11,3553.79,49678.11
2023-08-14,3515.44,49139.89
2023-08-15,3508.9,48866.0
2023-08-16,3479.69,48635.93
2023-08-17,3442.05,48382.86
2023-08-18,3466.66,48552.29
2023-08-21,3431.84,48140.11
2023-08-22,3480.46,48871.93
2023-08-23,3506.46,49709.96
2023-08-24,3472.82,49246.7
2023-08-25,3425.89,48748.74
2023-08-28,3448.34,49269.25
2023-08-29,3474.1,49811.64
2023-08-30,3437.97,49453.25
2023-08-31,3364.88,48697.59
2023-09-01,3407.9,49627.54
2023-09-04,3404.21,49565.86
2023-09-05,3368.07,49416.95
2023-09-06,3328.89,48875.52
2023-09-08,3313.25,48594.31
2023-09-11,3358.15,49233.23
2023-09-12,3403.14,49693.12
2023-09-13,3418.03,49769.99
2023-09-14,3421.29,50292.61
2023-09-15,3397.51,50017.65
2023-09-18,3394.38,49828.17
2023-09-19,3374.51,49645.36
2023-09-20,3403.25,49990.33
2023-09-21,3338.98,48929.83
2023-09-22,3317.65,48872.74
2023-09-25,3314.81,48841.19
2023-09-26,3264.84,48093.88
2023-09-27,3239.32,48170.6
2023-09-28,3285.1,48751.18
2023-09-29,3303.06,49108.5
2023-10-02,3258.37,48470.12
2023-10-03,3197.67,47772.26
2023-10-04,3231.31,47829.58
2023-10-05,3214.11,47686.14
2023-10-06,3212.11,48054.41
2023-10-09,3235.07,48498.89
2023-10-10,3302.68,49162.3
2023-10-11,3300.81,49277.22
2023-10-13,3225.07,48760.42
2023-10-16,3238.14,49089.62
2023-10-17,3186.98,48844.92
2023-10-18,3114.45,48099.45
2023-10-19,3125.34,48071.46
2023-10-20,3115.5,47716.99
2023-10-23,3150.23,47515.11
2023-10-24,3165.44,47927.93
2023-10-25,3120.32,47542.14
2023-10-26,3183.18,48335.27
2023-10-27,3103.06,47706.24
2023-10-30,3062.6,47377.3
2023-10-31,3084.68,47621.19
2023-11-01,3138.39,48419.64
2023-11-03,3253.66,49727.33
2023-11-06,3256.42,49837.81
2023-11-07,3331.78,50177.22
2023-11-08,3333.22,50115.87
2023-11-09,3318.41,50069.83
2023-11-10,3374.63,50706.11
2023-11-13,3359.5,50660.92
2023-11-14,3443.52,51810.51
2023-11-16,3530.22,52421.28
2023-11-17,3502.3,52489.91
2023-11-20,3528.42,52967.03
2023-11-21,3489.68,52812.43
2023-11-22,3509.06,52984.28
2023-11-23,3531.33,53210.72
2023-11-24,3487.05,52762.08
2023-11-27,3498.42,52844.09
2023-11-28,3519.53,53186.85
2023-11-29,3521.63,53022.45
2023-11-30,3549.35,53515.32
2023-12-01,3578.34,53868.79
2023-12-04,3549.12,53294.24
2023-12-05,3565.92,53343.41
2023-12-06,3552.22,52805.61
2023-12-07,3560.48,52970.72
2023-12-08,3572.07,53437.34
2023-12-11,3567.45,53371.85
2023-12-12,3561.45,53137.59
2023-12-13,3676.9,54425.76
2023-12-14,3699.22,55005.95
2023-12-15,3670.06,54736.37
2023-12-18,3685.77,55122.19
2023-12-19,3712.85,55454.58
2023-12-20,3682.7,55029.59
2023-12-21,3710.28,55602.46
2023-12-22,3733.54,55852.39
2023-12-26,3741.86,56180.89
2023-12-27,3769.92,56456.97
2023-12-28,3763.69,56449.62
2024-01-02,3691.22,55844.6
2024-01-03,3688.37,55944.25
2024-01-04,3637.88,55252.14
2024-01-05,3678.89,55591.65
2024-01-08,3719.93,55756.83
2024-01-09,3706.65,55354.44
2024-01-10,3695.46,55089.97
2024-01-11,3667.44,55012.42
2024-01-12,3689.21,55152.37
2024-01-15,3702.33,55379.31
2024-01-16,3623.27,54457.15
2024-01-17,3608.36,54128.44
2024-01-18,3563.85,53631.87
2024-01-19,3593.26,53768.28
2024-01-22,3558.38,53337.56
2024-01-23,3603.37,54034.95
2024-01-24,3579.26,53845.49
2024-01-25,3592.27,54048.5
2024-01-26,3598.26,54396.49
2024-01-29,3575.84,54215.48
2024-01-30,3537.64,53762.53
2024-01-31,3576.94,53905.0
2024-02-01,3592.08,54230.81
2024-02-02,3555.59,53679.45
2024-02-05,3551.52,53836.75
2024-02-06,3626.23,54999.58
2024-02-07,3630.95,54848.07
2024-02-08,3585.28,54137.09
2024-02-09,3593.01,54057.66
2024-02-14,3553.22,53621.25
2024-02-15,3567.98,53980.8
2024-02-16,3579.26,54378.22
2024-02-19,3578.17,54509.85
2024-02-20,3628.16,54843.24
2024-02-21,3621.27,54884.99
2024-02-22,3645.91,54985.49
2024-02-23,3613.59,54640.82
2024-02-26,3620.87,54727.21
2024-02-27,3695.91,55586.41
2024-02-28,3679.61,54890.58
2024-02-29,3648.05,54423.74
2024-03-01,3658.53,54492.05
2024-03-04,3615.73,54132.26
2024-03-05,3624.49,54036.46
2024-03-06,3628.78,54386.8
2024-03-07,3628.03,54173.49
2024-03-08,3646.76,53527.3
2024-03-11,3634.89,53113.54
2024-03-12,3676.61,53773.52
2024-03-13,3687.89,53910.18
2024-03-14,3684.01,53776.18
2024-03-15,3661.16,53385.91
2024-03-18,3662.64,53474.12
2024-03-19,3674.91,53697.82
2024-03-20,3733.17,54388.2
2024-03-21,3724.52,53991.26
2024-03-22,3680.3,53544.97
2024-03-25,3668.76,53515.94
2024-03-26,3668.68,53473.27
2024-03-27,3697.82,53840.31
2024-03-28,3692.36,54026.97
2024-04-01,3650.79,53576.13
2024-04-02,3647.68,53839.19
2024-04-03,3642.6,53731.63
2024-04-04,3662.64,53762.7
2024-04-05,3636.49,53495.08
2024-04-08,3685.01,54374.87
2024-04-09,3732.14,54809.48
2024-04-10,3650.55,54088.53
2024-04-11,3621.14,53800.59
2024-04-12,3560.12,53165.09
2024-04-15,3528.14,52925.2
2024-04-16,3491.35,52544.42
2024-04-17,3471.76,52461.49
2024-04-18,3462.58,52462.31
2024-04-19,3486.67,52904.05
2024-04-22,3491.14,53108.41
2024-04-23,3476.99,52930.91
2024-04-24,3455.55,52763.91
2024-04-25,3440.5,52746.99
2024-04-26,3498.92,53559.88
2024-04-29,3514.83,53920.2
2024-04-30,3470.13,53304.46
2024-05-02,3523.87,53805.85
2024-05-03,3587.2,54366.19
2024-05-06,3570.72,54322.92
2024-05-07,3580.82,54654.59
2024-05-08,3593.49,54782.3
2024-05-09,3536.64,54248.33
2024-05-10,3502.77,53986.45
2024-05-13,3516.63,54218.18
2024-05-14,3526.15,54324.25
2024-05-15,3549.45,54045.92
2024-05-16,3566.95,54116.49
2024-05-17,3556.45,54034.81
2024-05-20,3552.38,53865.51
2024-05-21,3549.46,53730.67
2024-05-22,3484.57,53013.23
2024-05-23,3462.13,52620.69
2024-05-24,3446.47,52429.1
2024-05-27,3447.13,52524.34
2024-05-28,3422.2,52253.25
2024-05-29,3387.32,51826.09
2024-05-31,3345.03,51611.23
2024-06-03,3371.83,51589.63
2024-06-04,3361.96,51482.56
2024-06-05,3351.15,51318.44
2024-06-06,3399.82,51927.77
2024-06-07,3339.88,51002.04
2024-06-10,3311.53,51004.99
2024-06-11,3351.89,51371.66
2024-06-12,3296.52,50646.74
2024-06-13,3282.5,50473.34
2024-06-14,3304.49,50500.62
2024-06-17,3269.08,50278.3
2024-06-18,3275.93,50525.48
2024-06-19,3298.51,50779.26
2024-06-20,3294.68,50894.29
2024-06-21,3326.41,51253.92
2024-06-24,3373.93,51823.31
2024-06-25,3361.69,51696.56
2024-06-26,3356.0,51822.26
2024-06-27,3421.68,52546.27
2024-06-28,3381.95,52388.06
2024-07-01,3385.29,52712.24
2024-07-02,3381.49,52746.38
2024-07-03,3425.7,53084.01
2024-07-04,3476.25,53309.97
2024-07-05,3491.68,53387.18
2024-07-08,3489.49,53525.88
2024-07-09,3512.55,53745.88
2024-07-10,3520.41,53784.31
2024-07-11,3561.21,54237.26
2024-07-12,3571.57,54482.22
2024-07-15,3576.92,54670.22
2024-07-16,3578.6,54572.71
2024-07-17,3589.03,54731.69
2024-07-18,3512.59,53993.48
2024-07-19,3504.5,53970.26
2024-07-22,3541.82,54066.8
2024-07-23,3497.44,53518.75
2024-07-24,3466.64,53455.22
2024-07-25,3445.25,53242.38
2024-07-26,3482.21,53866.99
2024-07-29,3467.48,53611.09
2024-07-30,3450.41,53260.73
2024-07-31,3477.64,53906.38
2024-08-01,3493.35,53789.96
2024-08-02,3502.1,53134.54
2024-08-05,3479.87,52885.48
2024-08-06,3502.34,53340.59
2024-08-07,3556.27,53854.17
2024-08-08,3581.44,54341.5
2024-08-09,3651.38,55139.91
2024-08-12,3652.88,55377.1
2024-08-13,3678.53,55896.94
2024-08-14,3708.52,56301.59
2024-08-15,3719.67,56647.24
2024-08-16,3703.78,56554.98
2024-08-19,3777.07,57287.02
2024-08-20,3777.28,57406.82
2024-08-21,3778.12,57531.01
2024-08-22,3717.86,56975.43
2024-08-23,3779.75,57179.87
2024-08-26,3769.85,57820.56
2024-08-27,3753.86,57748.23
2024-08-28,3745.17,58011.57
2024-08-29,3690.34,57457.69
2024-08-30,3686.11,57461.68
2024-09-02,3654.99,57011.0
2024-09-03,3671.26,56784.89
2024-09-04,3736.07,57518.23
2024-09-05,3750.54,57679.65
2024-09-06,3702.77,56867.06
2024-09-09,3688.95,56942.97
2024-09-10,3688.13,56769.22
2024-09-11,3696.33,56917.66
2024-09-12,3677.87,56632.6
2024-09-13,3712.36,57006.51
2024-09-16,3724.34,57113.77
2024-09-17,3727.13,57045.8
2024-09-18,3703.36,56549.58
2024-09-19,3664.49,56279.39
2024-09-20,3591.66,55417.94
2024-09-23,3570.16,55226.25
2024-09-24,3602.52,55888.3
2024-09-25,3570.92,55662.77
2024-09-26,3603.4,56231.28
2024-09-27,3614.42,56133.76
2024-09-30,3589.38,55754.2
2024-10-01,3587.9,56052.55
2024-10-02,3620.15,56495.92
2024-10-03,3565.07,55746.97
2024-10-04,3569.74,55787.85
2024-10-07,3555.1,55880.78
2024-10-08,3568.79,55677.75
2024-10-09,3514.81,55026.69
2024-10-10,3517.01,55199.78
2024-10-11,3504.71,55048.0
2024-10-14,3541.27,55478.48
2024-10-15,3552.02,55511.64
2024-10-16,3568.63,55801.88
2024-10-17,3543.82,55399.62
2024-10-18,3536.56,55261.81
2024-10-21,3542.98,55188.0
2024-10-22,3522.84,55015.26
2024-10-23,3518.06,54713.73
2024-10-24,3549.32,55063.07
2024-10-25,3514.01,54985.03
2024-10-28,3541.53,55524.64
2024-10-29,3515.55,55327.83
2024-10-30,3530.11,55280.19
2024-10-31,3500.52,54900.43
2024-11-01,3445.48,54212.66
2024-11-04,3536.75,55212.29
2024-11-05,3539.52,55275.15
2024-11-06,3530.49,55157.98
2024-11-07,3480.12,54874.08
2024-11-08,3429.88,54149.19
2024-11-11,3448.48,54189.84
2024-11-12,3430.2,54121.42
2024-11-13,3429.6,54140.54
2024-11-14,3425.37,54190.94
2024-11-18,3396.13,54192.57
2024-11-19,3424.46,54395.79
2024-11-21,3370.95,53854.55
2024-11-22,3423.84,54793.08
2024-11-25,3441.34,54741.92
2024-11-26,3482.5,55130.13
2024-11-27,3397.7,54160.81
2024-11-28,3276.0,52842.4
2024-11-29,3304.45,53303.91
2024-12-02,3286.68,53122.16
2024-12-03,3312.22,53499.93
2024-12-04,3323.83,53467.06
2024-12-05,3365.42,54210.9
2024-12-06,3311.2,53397.7
2024-12-09,3299.93,53913.44
2024-12-10,3339.75,54357.43
2024-12-11,3405.9,55000.57
2024-12-12,3302.62,53508.84
2024-12-13,3275.45,52955.08
2024-12-16,3240.86,52493.2
2024-12-17,3249.59,52940.26
2024-12-18,3122.53,51264.24
2024-12-19,3142.69,51402.33
2024-12-20,3176.46,51739.64
2024-12-23,3117.11,51175.6
2024-12-26,3105.99,51306.12
2024-12-27,3084.33,50961.32
2024-12-30,3080.77,50967.02
2025-01-02,3049.77,50918.2
2025-01-03,3020.18,50251.59
2025-01-06,3084.81,50853.33
2025-01-07,3119.81,51360.89
2025-01-08,3072.6,50701.44
2025-01-09,3081.3,50782.0
2025-01-10,3041.53,50403.64
2025-01-13,3035.31,50460.53
2025-01-14,3043.65,50593.45
2025-01-15,3142.37,51993.44
2025-01-16,3088.94,51406.36
2025-01-17,3104.86,51866.23
2025-01-20,3116.89,52080.2
2025-01-21,3135.45,52276.42
2025-01-22,3157.33,52140.78
2025-01-23,3138.37,51918.92
2025-01-24,3134.42,51913.51
2025-01-27,3218.19,52900.4
2025-01-28,3192.78,52578.75
2025-01-29,3185.85,52313.77
2025-01-30,3284.36,53795.2
2025-01-31,3256.94,53473.03
2025-02-03,3257.1,53383.32
2025-02-04,3236.58,53041.33
2025-02-05,3230.19,53177.3
2025-02-06,3255.18,53455.68
2025-02-07,3213.31,52781.17
2025-02-10,3237.4,53180.68
2025-02-11,3291.15,53583.79
2025-02-12,3245.21,52683.17
2025-02-13,3262.97,52883.03
2025-02-14,3357.04,54327.29
2025-02-17,3386.33,54482.49
2025-02-18,3363.41,54493.85
2025-02-19,3309.33,53992.76
2025-02-20,3308.55,54136.64
2025-02-21,3287.77,53962.62
2025-02-24,3231.33,53228.63
2025-02-25,3255.34,53462.87
2025-02-26,3207.05,52925.1
2025-02-27,3221.3,52867.02
2025-02-28,3161.89,52039.53
2025-03-05,3175.5,52071.88
2025-03-06,3195.46,52191.35
2025-03-07,3248.66,52907.86
2025-03-10,3233.16,52696.53
2025-03-11,3203.93,52254.47
2025-03-12,3223.23,52413.49
2025-03-13,3255.19,53140.29
2025-03-14,3307.49,54552.9
2025-03-17,3349.54,55336.27
2025-03-18,3354.82,55605.0
2025-03-19,3388.46,56044.92
2025-03-20,3367.4,55815.9
2025-03-21,3367.3,55990.16
2025-03-24,3333.81,55560.78
2025-03-25,3358.18,55872.48
2025-03-26,3367.46,56058.45
2025-03-27,3383.5,56343.5
2025-03-28,3357.98,55819.31
2025-03-31,3310.33,55131.41
2025-04-01,3339.5,55505.48
2025-04-02,3361.91,55524.99
2025-04-03,3423.34,55479.57
2025-04-04,3332.74,53824.77
2025-04-07,3294.93,53083.88
2025-04-08,3275.9,52382.0
2025-04-09,3368.89,53995.82
2025-04-10,3343.19,53339.14
2025-04-11,3376.43,53921.73
2025-04-14,3423.48,54664.25
2025-04-15,3435.58,54576.76
2025-04-16,3421.83,54195.67
2025-04-17,3454.23,54773.56
2025-04-22,3478.62,55107.28
2025-04-23,3527.98,55830.8
2025-04-24,3620.82,56827.74
2025-04-25,3627.86,56899.34
2025-04-28,3634.82,57009.92
2025-04-29,3630.97,57019.13
2025-04-30,3657.33,56969.37
2025-05-02,3651.63,57016.88
2025-05-05,3611.74,56321.61
2025-05-06,3603.71,56332.02
2025-05-07,3585.94,56285.69
2025-05-08,3672.56,57479.53
2025-05-09,3659.99,57625.64
2025-05-12,3637.63,57630.37
2025-05-13,3715.31,58642.22
2025-05-14,3711.4,58428.18
2025-05-15,3748.91,58808.75
2025-05-16,3758.92,58769.95
2025-05-19,3774.76,58963.29
2025-05-20,3785.55,59173.53
2025-05-21,3714.93,58219.19
2025-05-22,3715.03,57960.19
2025-05-23,3733.24,58206.23
2025-05-26,3758.94,58342.8
2025-05-27,3818.12,58947.8
2025-05-28,3813.49,58667.39
2025-05-29,3815.03,58547.99
2025-05-30,3797.89,57939.6
2025-06-02,3785.12,57825.46
2025-06-03,3840.13,58158.46
2025-06-04,3827.57,57921.57
2025-06-05,3794.81,57585.54
2025-06-06,3768.18,57529.12
2025-06-09,3754.57,57357.85
2025-06-10,3775.8,57677.65
2025-06-11,3789.23,57966.4
2025-06-12,3802.14,58275.38
2025-06-13,3776.93,58034.5
2025-06-16,3844.64,58902.9
2025-06-17,3836.88,58755.8
2025-06-18,3833.3,58690.25
2025-06-20,3785.0,58029.76
2025-06-23,3778.05,57773.69
2025-06-24,3822.1,58043.02
2025-06-25,3778.15,57464.31
2025-06-26,3815.6,58007.39
2025-06-27,3799.97,57886.22
2025-06-30,3867.19,58731.66
2025-07-01,3874.12,59015.34
2025-07-02,3817.43,58787.0
2025-07-03,3883.05,59590.0
2025-07-04,3889.57,59733.44
2025-07-07,3845.21,59000.86
2025-07-08,3820.58,58932.13
2025-07-09,3768.27,58163.81
2025-07-10,3744.17,57840.63
2025-07-11,3707.51,57603.68
2025-07-14,3682.54,57220.71
2025-07-15,3702.1,57198.57
2025-07-16,3703.5,57290.89
2025-07-17,3704.31,57331.41
2025-07-18,3629.86,56403.45
2025-07-21,3638.53,56716.52
2025-07-22,3616.6,56652.04
2025-07-23,3662.69,57222.74
2025-07-24,3623.6,56563.5
2025-07-25,3619.2,56446.79
2025-07-28,3573.46,55843.85
2025-07-29,3586.07,56113.81
2025-07-30,3627.07,56668.36
2025-07-31,3589.26,56276.79
2025-08-01,3593.15,56033.23
2025-08-04,3608.05,56253.84
2025-08-05,3613.63,56360.2
2025-08-06,3680.51,56963.36
2025-08-07,3720.61,57800.56
2025-08-08,3697.63,57489.87
2025-08-11,3677.61,57367.51
2025-08-12,3742.22,58338.97
2025-08-13,3699.15,57818.34
2025-08-14,3702.91,57677.55
2025-08-15,3708.94,57661.28
2025-08-18,3742.89,58072.45
2025-08-19,3654.96,56842.59
2025-08-20,3668.76,56936.1
2025-08-21,3651.58,56856.97
2025-08-22,3749.31,58319.68
2025-08-25,3749.35,58335.36
2025-08-26,3742.11,58219.11
2025-08-27,3790.17,58837.61
2025-08-28,3853.56,59628.34
2025-08-29,3855.14,59782.03
2025-09-01,3842.3,59712.26
2025-09-02,3805.01,59327.48
2025-09-03,3805.61,59123.25
2025-09-04,3851.91,59611.84
2025-09-05,3909.45,60295.44
2025-09-08,3870.5,59941.07
2025-09-09,3865.93,59884.35
2025-09-10,3882.13,60205.1
2025-09-11,3917.54,60535.4
2025-09-12,3906.2,60174.49
2025-09-15,3937.46,60723.06
2025-09-16,3956.13,60928.44
2025-09-17,4006.84,61576.61
2025-09-18,4001.26,61538.03
2025-09-19,4000.46,61702.89
2025-09-22,3939.63,61373.12
2025-09-23,3962.17,61956.08
2025-09-24,3945.57,61988.37
2025-09-25,3887.66,61467.33
2025-09-26,3909.63,61529.44
2025-09-29,3951.05,61899.37
2025-09-30,3936.13,61858.03
2025-10-01,3903.04,61551.61
2025-10-02,3839.49,60874.77
2025-10-03,3836.85,60981.24
2025-10-06,3803.4,60718.7
2025-10-07,3724.79,59765.72
2025-10-08,3747.43,60075.69
2025-10-09,3736.46,59880.2
2025-10-10,3715.88,59457.62
2025-10-13,3733.17,59921.7
2025-10-14,3728.04,59885.45
2025-10-15,3771.09,60273.19
2025-10-16,3763.26,60112.65
2025-10-17,3796.97,60611.52
2025-10-20,3824.35,61080.74
2025-10-21,3821.42,60897.87
2025-10-22,3823.9,61226.69
2025-10-23,3849.25,61579.95
2025-10-24,3877.22,61771.01
2025-10-27,3908.69,62097.9
2025-10-28,3917.85,62275.49
2025-10-29,3926.47,62776.05
2025-10-30,3947.95,62834.33
2025-10-31,3970.22,63156.52
2025-11-03,3983.7,63543.69
2025-11-04,4005.75,63657.36
2025-11-05,4075.04,64747.7
2025-11-06,4064.58,64753.15
2025-11-07,4076.83,65089.46
2025-11-10,4109.24,65597.79
2025-11-11,4185.86,66657.99
2025-11-12,4198.08,66580.78
2025-11-13,4184.59,66401.91
2025-11-14,4212.74,66652.01
2025-11-17,4181.37,66323.49
2025-11-18,4176.15,66117.61
2025-11-19,4125.26,65630.95
2025-11-21,4107.19,65368.44
2025-11-24,4142.36,65593.0
2025-11-25,4166.58,65867.8
2025-11-26,4248.98,66986.07
2025-11-27,4254.88,66918.13
2025-11-28,4272.86,67220.84
2025-12-01,4246.71,67033.96
2025-12-02,4321.12,68079.38
2025-12-03,4318.52,68351.46
2025-12-04,4386.58,69489.77
2025-12-05,4156.33,66464.67
2025-12-08,4174.03,66811.2
2025-12-09,4151.84,66728.42
2025-12-10,4171.35,67177.43
2025-12-11,4180.27,67203.68
2025-12-12,4223.1,67875.5
2025-12-15,4270.3,68591.49
2025-12-16,4135.18,66926.42
2025-12-17,4077.57,66400.24
2025-12-18,4090.89,66648.87
2025-12-19,4098.73,66882.28
2025-12-22,4054.1,66730.02
2025-12-23,4136.94,67721.19
2025-12-26,4157.87,67893.87
2025-12-29,4139.8,67725.49
2025-12-30,4171.56,68017.69
