Serie,Fase,Captura_pct
AMPLO_PROXY_Momentum,alta,100.8978533201326
AMPLO_PROXY_Momentum,baixa,99.8912970573193
AMPLO_PROXY_Baixa_Vol,alta,58.6909879896811
AMPLO_PROXY_Baixa_Vol,baixa,54.25402557784751
AMPLO_PROXY_Valor,alta,116.77991474845187
AMPLO_PROXY_Valor,baixa,110.65870310067939
AMPLO_PROXY_Qualidade,alta,93.72620119577101
AMPLO_PROXY_Qualidade,baixa,91.36883231279565
AMPLO_PROXY_Multifator,alta,78.08991923381055
AMPLO_PROXY_Multifator,baixa,72.5627635873864
AMPLO_PROXY_Uniao_TCC,alta,93.28213209562551
AMPLO_PROXY_Uniao_TCC,baixa,89.66930650601677
AMPLO_PROXY_Universo_EW,alta,97.76142050478852
AMPLO_PROXY_Universo_EW,baixa,96.83872864445127
ISE_Momentum,alta,91.33792703936211
ISE_Momentum,baixa,92.13622307512775
ISE_Baixa_Vol,alta,73.08954638028806
ISE_Baixa_Vol,baixa,68.98861719755645
ISE_Valor,alta,108.09031638808133
ISE_Valor,baixa,104.93045985332752
ISE_Qualidade,alta,87.61625103740596
ISE_Qualidade,baixa,89.61630168314367
ISE_Multifator,alta,81.62004743536117
ISE_Multifator,baixa,76.64352468696951
ISE_Uniao_TCC,alta,92.50491469722266
ISE_Uniao_TCC,baixa,91.63367954707705
ISE_Universo_EW,alta,97.03431113839504
ISE_Universo_EW,baixa,96.07564522057712
ret_ise,alta,91.11594582948555
ret_ise,baixa,95.48313345891809
