Serie,Retorno Total (%),Retorno Anual (%),Volatilidade (%),Sharpe,Max Drawdown (%)
AMPLO_PROXY_Momentum,276.14828844405366,14.1844285026028,28.848047896909527,0.3018520921125931,-59.96169574207628
AMPLO_PROXY_Baixa_Vol,275.34150573409636,14.159883716379737,16.516394644704146,0.3525119008482043,-31.296718266028368
AMPLO_PROXY_Valor,698.5490594102066,23.12364496130162,32.097419558775975,0.5393559309843451,-54.27707649088758
AMPLO_PROXY_Qualidade,330.90207353585896,15.74869740817636,25.4481879731559,0.3583659041150016,-52.43724881474158
AMPLO_PROXY_Multifator,446.5835913430946,18.53774271217471,19.975050855654413,0.5146043747773305,-37.71073271555676
AMPLO_PROXY_Uniao_TCC,424.80092947599337,18.056057195700646,22.93366888434957,0.4586963011774014,-49.00391499612577
AMPLO_PROXY_Universo_EW,306.5751970614346,15.077184773625849,23.662007793763976,0.34221908623104913,-47.887064442835545
ISE_Momentum,188.86428546564665,11.205486403254254,25.27441195743921,0.19885117052252257,-46.87998124865685
ISE_Baixa_Vol,337.1337177300793,15.91521732612551,18.847947426513763,0.41313084256191657,-32.14451738743037
ISE_Valor,418.4377714787023,17.911950927918472,30.55101969711562,0.40633808993318726,-47.50024602790969
ISE_Qualidade,147.149240606542,9.482423312946503,23.562795018339067,0.12761366367320318,-42.37296423499855
ISE_Multifator,425.4778307982125,18.071294303144143,21.57390157928169,0.4733048539708226,-39.711297363651795
ISE_Uniao_TCC,275.72015583020277,14.171409311123936,23.198999080398657,0.30933376316655303,-43.97243901254689
ISE_Universo_EW,296.40827017805714,14.785770745160518,24.45642419671829,0.32796385131133615,-45.81008103519314
ret_ise,102.84262478422583,7.3380773448166,22.778775513091595,0.03613027274967906,-43.85986444653547
ret_ibrx,286.16311602546006,14.485229820162019,22.968778336249,0.32227332546048487,-46.7321297007819
