Data,Ticker,Tipo,Valor_antes,Peso_fechamento_anterior,Data_pagamento,Universo,Estrategia,Peso_fechamento_anterior_pct
2025-09-23,BRFS3,evento_validado,0.26660346948753766,0.06465632127971087,2025-09-23 00:00:00,AMPLO_PROXY,Momentum,6.465632127971086
2025-10-07,STBP3,liquidacao_aproximada,0.37094855368143637,0.1040918192428303,,AMPLO_PROXY,Momentum,10.40918192428303
2020-11-25,VIVT4,liquidacao_aproximada,0.18476342868066065,0.0896720741215885,,AMPLO_PROXY,Baixa_Vol,8.96720741215885
2022-03-30,CESP6,liquidacao_aproximada,0.24464898680331457,0.10214307888640753,,AMPLO_PROXY,Baixa_Vol,10.214307888640754
2023-08-24,ENBR3,liquidacao_aproximada,0.291909145817277,0.10867372669355482,,AMPLO_PROXY,Baixa_Vol,10.867372669355483
2022-01-26,LAME4,liquidacao_aproximada,0.6380706135187049,0.10551129522698165,,AMPLO_PROXY,Valor,10.551129522698165
2023-01-11,BRML3,liquidacao_aproximada,0.6992971597870469,0.09054769613806397,,AMPLO_PROXY,Valor,9.054769613806398
2024-08-05,SOMA3,liquidacao_aproximada,0.6369861785095584,0.10762660774126694,,AMPLO_PROXY,Valor,10.762660774126694
2025-10-07,STBP3,liquidacao_aproximada,0.38136249823599505,0.09818703622814033,,AMPLO_PROXY,Qualidade,9.818703622814033
2023-08-24,ENBR3,liquidacao_aproximada,0.3894642824220904,0.10996053712373471,,AMPLO_PROXY,Multifator,10.996053712373472
2020-11-25,VIVT4,liquidacao_aproximada,0.09696558758310662,0.02379114819310856,,AMPLO_PROXY,Uniao_TCC,2.379114819310856
2022-01-26,LAME4,liquidacao_aproximada,0.13699274488494326,0.03330913731527285,,AMPLO_PROXY,Uniao_TCC,3.330913731527285
2022-03-30,CESP6,liquidacao_aproximada,0.14814153012983775,0.03317203325376713,,AMPLO_PROXY,Uniao_TCC,3.317203325376713
2023-01-11,BRML3,liquidacao_aproximada,0.11006117959463706,0.0257503564722256,,AMPLO_PROXY,Uniao_TCC,2.57503564722256
2023-08-24,ENBR3,liquidacao_aproximada,0.13387846063662748,0.030021092473137088,,AMPLO_PROXY,Uniao_TCC,3.002109247313709
2024-08-05,SOMA3,liquidacao_aproximada,0.1048653261672196,0.024397169621536447,,AMPLO_PROXY,Uniao_TCC,2.4397169621536445
2025-09-23,BRFS3,evento_validado,0.08783810429392722,0.017071324442451553,2025-09-23 00:00:00,AMPLO_PROXY,Uniao_TCC,1.7071324442451554
2025-10-07,STBP3,liquidacao_aproximada,0.12221678063148603,0.02493545251295951,,AMPLO_PROXY,Uniao_TCC,2.493545251295951
2020-11-25,VIVT4,liquidacao_aproximada,0.03193795232001199,0.00921565738968814,,AMPLO_PROXY,Universo_EW,0.921565738968814
2021-06-30,LINX3,liquidacao_aproximada,0.038480092629132795,0.00905745498232335,,AMPLO_PROXY,Universo_EW,0.9057454982323351
2021-09-22,HGTX3,liquidacao_aproximada,0.0839687148134498,0.022555863084069486,,AMPLO_PROXY,Universo_EW,2.2555863084069485
2022-01-26,LAME4,liquidacao_aproximada,0.038417877411794976,0.011259073515860292,,AMPLO_PROXY,Universo_EW,1.1259073515860292
2022-02-16,GNDI3,liquidacao_aproximada,0.039168089891407604,0.011045627673835627,,AMPLO_PROXY,Universo_EW,1.1045627673835627
2022-03-30,CESP6,liquidacao_aproximada,0.04154441280013625,0.01110937177502725,,AMPLO_PROXY,Universo_EW,1.110937177502725
2022-06-22,BIDI11,liquidacao_aproximada,0.012726586778191948,0.0042227958801258365,,AMPLO_PROXY,Universo_EW,0.42227958801258364
2022-07-06,LCAM3,liquidacao_aproximada,0.03730985217827651,0.012675929904709097,,AMPLO_PROXY,Universo_EW,1.2675929904709096
2022-12-26,SULA11,evento_validado,0.02973579724916375,0.009649001818529684,2022-12-26 00:00:00,AMPLO_PROXY,Universo_EW,0.9649001818529684
2023-01-11,BRML3,liquidacao_aproximada,0.031548404033963834,0.010042390765031058,,AMPLO_PROXY,Universo_EW,1.0042390765031057
2023-08-24,ENBR3,liquidacao_aproximada,0.03837549064225414,0.01129473038364037,,AMPLO_PROXY,Universo_EW,1.129473038364037
2024-08-05,SOMA3,liquidacao_aproximada,0.030477458848896584,0.009353568683786461,,AMPLO_PROXY,Universo_EW,0.9353568683786461
2024-08-29,CIEL3,liquidacao_aproximada,0.048358389022765666,0.013763896241546848,,AMPLO_PROXY,Universo_EW,1.3763896241546847
2024-09-09,RRRP3,evento_validado,0.03268006655648682,0.009451743385311209,2024-09-09 00:00:00,AMPLO_PROXY,Universo_EW,0.9451743385311209
2025-06-04,CRFB3,liquidacao_aproximada,0.04619454924075786,0.012113184635890405,,AMPLO_PROXY,Universo_EW,1.2113184635890406
2025-09-23,BRFS3,evento_validado,0.02406446633471917,0.006122815124942787,2025-09-23 00:00:00,AMPLO_PROXY,Universo_EW,0.6122815124942788
2025-10-07,STBP3,liquidacao_aproximada,0.033482981294798826,0.008808601178682238,,AMPLO_PROXY,Universo_EW,0.8808601178682238
2025-11-10,CPLE6,evento_validado,0.04901076430906874,0.012290206952176539,2025-11-10 00:00:00,AMPLO_PROXY,Universo_EW,1.229020695217654
2025-12-22,CPLE5,evento_validado,0.046673645113404875,0.011630000262246226,2025-12-30 00:00:00,AMPLO_PROXY,Universo_EW,1.1630000262246227
2025-09-23,BRFS3,evento_validado,0.20423036235403558,0.06655539655297,2025-09-23 00:00:00,ISE,Momentum,6.655539655297001
2025-10-07,STBP3,liquidacao_aproximada,0.2841634344770089,0.10701358832667776,,ISE,Momentum,10.701358832667776
2023-08-24,ENBR3,liquidacao_aproximada,0.31993709322483604,0.1042911801214109,,ISE,Baixa_Vol,10.42911801214109
2024-11-01,AESB3,evento_validado,0.23766595900549042,0.07253180509799334,2024-11-08 00:00:00,ISE,Baixa_Vol,7.253180509799334
2025-11-10,CPLE6,evento_validado,0.5041637687548312,0.123265923865301,2025-11-10 00:00:00,ISE,Baixa_Vol,12.3265923865301
2025-12-22,CPLE5,evento_validado,0.4801222987160313,0.11196041610538578,2025-12-30 00:00:00,ISE,Baixa_Vol,11.196041610538577
2025-10-07,STBP3,liquidacao_aproximada,0.22762044693552677,0.10431815944763945,,ISE,Qualidade,10.431815944763944
2023-08-24,ENBR3,liquidacao_aproximada,0.30194011026220846,0.09917096279118891,,ISE,Multifator,9.91709627911889
2023-08-24,ENBR3,liquidacao_aproximada,0.09463956352210096,0.029668527984032786,,ISE,Uniao_TCC,2.9668527984032784
2024-11-01,AESB3,evento_validado,0.07070238131343415,0.022074643825176234,2024-11-08 00:00:00,ISE,Uniao_TCC,2.2074643825176232
2025-09-23,BRFS3,evento_validado,0.07084307682926366,0.019880714528657795,2025-09-23 00:00:00,ISE,Uniao_TCC,1.9880714528657795
2025-10-07,STBP3,liquidacao_aproximada,0.09857012340713986,0.029547423361922388,,ISE,Uniao_TCC,2.954742336192239
2025-11-10,CPLE6,evento_validado,0.1442821666233642,0.04057716108636271,2025-11-10 00:00:00,ISE,Uniao_TCC,4.057716108636271
2025-12-22,CPLE5,evento_validado,0.1374019511041575,0.037184727918591454,2025-12-30 00:00:00,ISE,Uniao_TCC,3.7184727918591456
2022-12-26,SULA11,evento_validado,0.05346794704308129,0.019525252143718724,2022-12-26 00:00:00,ISE,Universo_EW,1.9525252143718723
2023-08-24,ENBR3,liquidacao_aproximada,0.046979476355576436,0.015372025999542682,,ISE,Universo_EW,1.5372025999542682
2024-08-29,CIEL3,liquidacao_aproximada,0.06258860415766855,0.019538150364638875,,ISE,Universo_EW,1.9538150364638875
2024-11-01,AESB3,evento_validado,0.03253139310111841,0.010306632517682879,2024-11-08 00:00:00,ISE,Universo_EW,1.0306632517682879
2025-06-04,CRFB3,liquidacao_aproximada,0.056735243345460186,0.015578971662586122,,ISE,Universo_EW,1.5578971662586123
2025-09-23,BRFS3,evento_validado,0.029555507650117024,0.007912588054445639,2025-09-23 00:00:00,ISE,Universo_EW,0.7912588054445638
2025-10-07,STBP3,liquidacao_aproximada,0.04112314381056481,0.011508963542832656,,ISE,Universo_EW,1.1508963542832655
2025-11-10,CPLE6,evento_validado,0.06019406370067203,0.015817968504969557,2025-11-10 00:00:00,ISE,Universo_EW,1.5817968504969557
2025-11-18,SRNA3,liquidacao_aproximada,0.08827171812528554,0.022747515213772364,,ISE,Universo_EW,2.2747515213772362
2025-12-22,CPLE5,evento_validado,0.0573236595410327,0.014715478256071033,2025-12-30 00:00:00,ISE,Universo_EW,1.4715478256071033
