Pico,Fundo,Fim,Recuperado,Fase,Inicio_janela,Fim_janela,Pregoes,Serie,Retorno_pct
2018-02-26,2018-06-18,2018-11-01,True,queda,2018-02-26,2018-06-18,77,AMPLO_PROXY_Momentum,-20.272087828184514
2018-02-26,2018-06-18,2018-11-01,True,queda,2018-02-26,2018-06-18,77,AMPLO_PROXY_Baixa_Vol,-1.4772212031453513
2018-02-26,2018-06-18,2018-11-01,True,queda,2018-02-26,2018-06-18,77,AMPLO_PROXY_Valor,-21.80357851958068
2018-02-26,2018-06-18,2018-11-01,True,queda,2018-02-26,2018-06-18,77,AMPLO_PROXY_Qualidade,-18.03530072948478
2018-02-26,2018-06-18,2018-11-01,True,queda,2018-02-26,2018-06-18,77,AMPLO_PROXY_Multifator,-14.776961037126346
2018-02-26,2018-06-18,2018-11-01,True,queda,2018-02-26,2018-06-18,77,AMPLO_PROXY_Uniao_TCC,-15.465550679592132
2018-02-26,2018-06-18,2018-11-01,True,queda,2018-02-26,2018-06-18,77,AMPLO_PROXY_Universo_EW,-16.46273558030835
2018-02-26,2018-06-18,2018-11-01,True,queda,2018-02-26,2018-06-18,77,ISE_Momentum,-14.039764393115394
2018-02-26,2018-06-18,2018-11-01,True,queda,2018-02-26,2018-06-18,77,ISE_Baixa_Vol,-16.397998510982426
2018-02-26,2018-06-18,2018-11-01,True,queda,2018-02-26,2018-06-18,77,ISE_Valor,-18.869027759349766
2018-02-26,2018-06-18,2018-11-01,True,queda,2018-02-26,2018-06-18,77,ISE_Qualidade,-16.144453709405525
2018-02-26,2018-06-18,2018-11-01,True,queda,2018-02-26,2018-06-18,77,ISE_Multifator,-15.215482510453459
2018-02-26,2018-06-18,2018-11-01,True,queda,2018-02-26,2018-06-18,77,ISE_Uniao_TCC,-17.07993189770103
2018-02-26,2018-06-18,2018-11-01,True,queda,2018-02-26,2018-06-18,77,ISE_Universo_EW,-15.856534543843026
2018-02-26,2018-06-18,2018-11-01,True,queda,2018-02-26,2018-06-18,77,ret_ise,-13.769668829493831
2018-02-26,2018-06-18,2018-11-01,True,queda,2018-02-26,2018-06-18,77,ret_ibrx,-20.152224765896577
2018-02-26,2018-06-18,2018-11-01,True,recuperacao,2018-06-18,2018-11-01,95,AMPLO_PROXY_Momentum,28.452254934616093
2018-02-26,2018-06-18,2018-11-01,True,recuperacao,2018-06-18,2018-11-01,95,AMPLO_PROXY_Baixa_Vol,3.6326784812092505
2018-02-26,2018-06-18,2018-11-01,True,recuperacao,2018-06-18,2018-11-01,95,AMPLO_PROXY_Valor,30.527634929489047
2018-02-26,2018-06-18,2018-11-01,True,recuperacao,2018-06-18,2018-11-01,95,AMPLO_PROXY_Qualidade,25.241180847222534
2018-02-26,2018-06-18,2018-11-01,True,recuperacao,2018-06-18,2018-11-01,95,AMPLO_PROXY_Multifator,20.276740306671883
2018-02-26,2018-06-18,2018-11-01,True,recuperacao,2018-06-18,2018-11-01,95,AMPLO_PROXY_Uniao_TCC,20.10438878305072
2018-02-26,2018-06-18,2018-11-01,True,recuperacao,2018-06-18,2018-11-01,95,AMPLO_PROXY_Universo_EW,18.743656405951235
2018-02-26,2018-06-18,2018-11-01,True,recuperacao,2018-06-18,2018-11-01,95,ISE_Momentum,21.544375209921963
2018-02-26,2018-06-18,2018-11-01,True,recuperacao,2018-06-18,2018-11-01,95,ISE_Baixa_Vol,14.514017976023052
2018-02-26,2018-06-18,2018-11-01,True,recuperacao,2018-06-18,2018-11-01,95,ISE_Valor,37.15752281495954
2018-02-26,2018-06-18,2018-11-01,True,recuperacao,2018-06-18,2018-11-01,95,ISE_Qualidade,21.93091635988167
2018-02-26,2018-06-18,2018-11-01,True,recuperacao,2018-06-18,2018-11-01,95,ISE_Multifator,21.694011847920812
2018-02-26,2018-06-18,2018-11-01,True,recuperacao,2018-06-18,2018-11-01,95,ISE_Uniao_TCC,25.264615051422478
2018-02-26,2018-06-18,2018-11-01,True,recuperacao,2018-06-18,2018-11-01,95,ISE_Universo_EW,23.755269520285303
2018-02-26,2018-06-18,2018-11-01,True,recuperacao,2018-06-18,2018-11-01,95,ret_ise,15.101727741663119
2018-02-26,2018-06-18,2018-11-01,True,recuperacao,2018-06-18,2018-11-01,95,ret_ibrx,26.54179857569512
2020-01-23,2020-03-23,2020-12-29,True,queda,2020-01-23,2020-03-23,40,AMPLO_PROXY_Momentum,-53.91503350733058
2020-01-23,2020-03-23,2020-12-29,True,queda,2020-01-23,2020-03-23,40,AMPLO_PROXY_Baixa_Vol,-30.516645029414626
2020-01-23,2020-03-23,2020-12-29,True,queda,2020-01-23,2020-03-23,40,AMPLO_PROXY_Valor,-54.27707649088759
2020-01-23,2020-03-23,2020-12-29,True,queda,2020-01-23,2020-03-23,40,AMPLO_PROXY_Qualidade,-52.43724881474158
2020-01-23,2020-03-23,2020-12-29,True,queda,2020-01-23,2020-03-23,40,AMPLO_PROXY_Multifator,-37.71073271555677
2020-01-23,2020-03-23,2020-12-29,True,queda,2020-01-23,2020-03-23,40,AMPLO_PROXY_Uniao_TCC,-49.003914996125786
2020-01-23,2020-03-23,2020-12-29,True,queda,2020-01-23,2020-03-23,40,AMPLO_PROXY_Universo_EW,-47.88706444283554
2020-01-23,2020-03-23,2020-12-29,True,queda,2020-01-23,2020-03-23,40,ISE_Momentum,-46.780198666323344
2020-01-23,2020-03-23,2020-12-29,True,queda,2020-01-23,2020-03-23,40,ISE_Baixa_Vol,-31.724584093447994
2020-01-23,2020-03-23,2020-12-29,True,queda,2020-01-23,2020-03-23,40,ISE_Valor,-47.50024602790969
2020-01-23,2020-03-23,2020-12-29,True,queda,2020-01-23,2020-03-23,40,ISE_Qualidade,-42.2955170423758
2020-01-23,2020-03-23,2020-12-29,True,queda,2020-01-23,2020-03-23,40,ISE_Multifator,-39.71129736365182
2020-01-23,2020-03-23,2020-12-29,True,queda,2020-01-23,2020-03-23,40,ISE_Uniao_TCC,-43.97243901254689
2020-01-23,2020-03-23,2020-12-29,True,queda,2020-01-23,2020-03-23,40,ISE_Universo_EW,-45.810081035193186
2020-01-23,2020-03-23,2020-12-29,True,queda,2020-01-23,2020-03-23,40,ret_ise,-43.85986444653548
2020-01-23,2020-03-23,2020-12-29,True,queda,2020-01-23,2020-03-23,40,ret_ibrx,-46.732129700781876
2020-01-23,2020-03-23,2020-12-29,True,recuperacao,2020-03-23,2020-12-29,192,AMPLO_PROXY_Momentum,128.38916108753028
2020-01-23,2020-03-23,2020-12-29,True,recuperacao,2020-03-23,2020-12-29,192,AMPLO_PROXY_Baixa_Vol,40.729150219527476
2020-01-23,2020-03-23,2020-12-29,True,recuperacao,2020-03-23,2020-12-29,192,AMPLO_PROXY_Valor,133.26167060186012
2020-01-23,2020-03-23,2020-12-29,True,recuperacao,2020-03-23,2020-12-29,192,AMPLO_PROXY_Qualidade,109.39964435548619
2020-01-23,2020-03-23,2020-12-29,True,recuperacao,2020-03-23,2020-12-29,192,AMPLO_PROXY_Multifator,53.94573369514912
2020-01-23,2020-03-23,2020-12-29,True,recuperacao,2020-03-23,2020-12-29,192,AMPLO_PROXY_Uniao_TCC,101.43394203972092
2020-01-23,2020-03-23,2020-12-29,True,recuperacao,2020-03-23,2020-12-29,192,AMPLO_PROXY_Universo_EW,87.63897124722402
2020-01-23,2020-03-23,2020-12-29,True,recuperacao,2020-03-23,2020-12-29,192,ISE_Momentum,90.04156164718802
2020-01-23,2020-03-23,2020-12-29,True,recuperacao,2020-03-23,2020-12-29,192,ISE_Baixa_Vol,58.11493440817483
2020-01-23,2020-03-23,2020-12-29,True,recuperacao,2020-03-23,2020-12-29,192,ISE_Valor,78.5283978810339
2020-01-23,2020-03-23,2020-12-29,True,recuperacao,2020-03-23,2020-12-29,192,ISE_Qualidade,73.87442097674585
2020-01-23,2020-03-23,2020-12-29,True,recuperacao,2020-03-23,2020-12-29,192,ISE_Multifator,73.64520904626748
2020-01-23,2020-03-23,2020-12-29,True,recuperacao,2020-03-23,2020-12-29,192,ISE_Uniao_TCC,72.97961863937039
2020-01-23,2020-03-23,2020-12-29,True,recuperacao,2020-03-23,2020-12-29,192,ISE_Universo_EW,72.1197868718241
2020-01-23,2020-03-23,2020-12-29,True,recuperacao,2020-03-23,2020-12-29,192,ret_ise,68.13507582934584
2020-01-23,2020-03-23,2020-12-29,True,recuperacao,2020-03-23,2020-12-29,192,ret_ibrx,87.8104388045716
2021-06-07,2022-07-14,2023-12-26,True,queda,2021-06-07,2022-07-14,276,AMPLO_PROXY_Momentum,-47.16803958446313
2021-06-07,2022-07-14,2023-12-26,True,queda,2021-06-07,2022-07-14,276,AMPLO_PROXY_Baixa_Vol,-1.1327168987560254
2021-06-07,2022-07-14,2023-12-26,True,queda,2021-06-07,2022-07-14,276,AMPLO_PROXY_Valor,-13.158915415677818
2021-06-07,2022-07-14,2023-12-26,True,queda,2021-06-07,2022-07-14,276,AMPLO_PROXY_Qualidade,-35.56667975311867
2021-06-07,2022-07-14,2023-12-26,True,queda,2021-06-07,2022-07-14,276,AMPLO_PROXY_Multifator,-8.12503546854435
2021-06-07,2022-07-14,2023-12-26,True,queda,2021-06-07,2022-07-14,276,AMPLO_PROXY_Uniao_TCC,-24.647877420354025
2021-06-07,2022-07-14,2023-12-26,True,queda,2021-06-07,2022-07-14,276,AMPLO_PROXY_Universo_EW,-31.694499434069247
2021-06-07,2022-07-14,2023-12-26,True,queda,2021-06-07,2022-07-14,276,ISE_Momentum,-22.881101484615296
2021-06-07,2022-07-14,2023-12-26,True,queda,2021-06-07,2022-07-14,276,ISE_Baixa_Vol,-5.076116458822611
2021-06-07,2022-07-14,2023-12-26,True,queda,2021-06-07,2022-07-14,276,ISE_Valor,-18.031148865757764
2021-06-07,2022-07-14,2023-12-26,True,queda,2021-06-07,2022-07-14,276,ISE_Qualidade,-18.29832425469684
2021-06-07,2022-07-14,2023-12-26,True,queda,2021-06-07,2022-07-14,276,ISE_Multifator,0.9437342431373175
2021-06-07,2022-07-14,2023-12-26,True,queda,2021-06-07,2022-07-14,276,ISE_Uniao_TCC,-22.397713738996206
2021-06-07,2022-07-14,2023-12-26,True,queda,2021-06-07,2022-07-14,276,ISE_Universo_EW,-26.113507532618762
2021-06-07,2022-07-14,2023-12-26,True,queda,2021-06-07,2022-07-14,276,ret_ise,-27.064844856738045
2021-06-07,2022-07-14,2023-12-26,True,queda,2021-06-07,2022-07-14,276,ret_ibrx,-26.770336350649348
2021-06-07,2022-07-14,2023-12-26,True,recuperacao,2022-07-14,2023-12-26,362,AMPLO_PROXY_Momentum,8.04634078155173
2021-06-07,2022-07-14,2023-12-26,True,recuperacao,2022-07-14,2023-12-26,362,AMPLO_PROXY_Baixa_Vol,32.86903036806661
2021-06-07,2022-07-14,2023-12-26,True,recuperacao,2022-07-14,2023-12-26,362,AMPLO_PROXY_Valor,28.92458231479129
2021-06-07,2022-07-14,2023-12-26,True,recuperacao,2022-07-14,2023-12-26,362,AMPLO_PROXY_Qualidade,43.738617908588175
2021-06-07,2022-07-14,2023-12-26,True,recuperacao,2022-07-14,2023-12-26,362,AMPLO_PROXY_Multifator,39.258826642557885
2021-06-07,2022-07-14,2023-12-26,True,recuperacao,2022-07-14,2023-12-26,362,AMPLO_PROXY_Uniao_TCC,28.92504546407011
2021-06-07,2022-07-14,2023-12-26,True,recuperacao,2022-07-14,2023-12-26,362,AMPLO_PROXY_Universo_EW,23.220168961469057
2021-06-07,2022-07-14,2023-12-26,True,recuperacao,2022-07-14,2023-12-26,362,ISE_Momentum,6.932454232763208
2021-06-07,2022-07-14,2023-12-26,True,recuperacao,2022-07-14,2023-12-26,362,ISE_Baixa_Vol,38.12817840063645
2021-06-07,2022-07-14,2023-12-26,True,recuperacao,2022-07-14,2023-12-26,362,ISE_Valor,13.033099608091735
2021-06-07,2022-07-14,2023-12-26,True,recuperacao,2022-07-14,2023-12-26,362,ISE_Qualidade,19.825015528318858
2021-06-07,2022-07-14,2023-12-26,True,recuperacao,2022-07-14,2023-12-26,362,ISE_Multifator,42.79302347182106
2021-06-07,2022-07-14,2023-12-26,True,recuperacao,2022-07-14,2023-12-26,362,ISE_Uniao_TCC,19.99325582012861
2021-06-07,2022-07-14,2023-12-26,True,recuperacao,2022-07-14,2023-12-26,362,ISE_Universo_EW,17.71854908716155
2021-06-07,2022-07-14,2023-12-26,True,recuperacao,2022-07-14,2023-12-26,362,ret_ise,17.223252550061563
2021-06-07,2022-07-14,2023-12-26,True,recuperacao,2022-07-14,2023-12-26,362,ret_ibrx,36.9813237287
