Data,Ano,Patrimonio_antes,Compras,Vendas,Volume_negociado,Turnover,Custo,Custo_bps,Caixa_depois,Compras_canceladas,Universo,Estrategia
2016-01-04,2016,1.0,0.9980039920159682,0.0,0.9980039920159682,0.4990019960079841,0.0019960079840319364,19.960079840319363,0.0,,AMPLO_PROXY,Momentum
2017-01-02,2017,1.34648775380133,1.341112553187353,1.34648775380133,1.9960079840319365,0.9980039920159682,0.0053752006139773665,39.920159680638726,-2.220446049250313e-16,,AMPLO_PROXY,Momentum
2018-01-02,2018,2.6345496694330652,1.839025178922802,1.8463960213232937,1.3988808952837735,0.6994404476418867,0.007370842400492191,27.97761790567547,0.0,,AMPLO_PROXY,Momentum
2019-01-02,2019,3.448519305634982,2.7499978162394823,2.7610198515751114,1.598082301238514,0.799041150619257,0.011022035335629187,31.961646024770275,-4.440892098500626e-16,,AMPLO_PROXY,Momentum
2020-01-02,2020,5.251396872764567,5.230433212593849,5.251396872764568,1.9960079840319362,0.9980039920159681,0.020963660170716842,39.92015968063874,0.0,,AMPLO_PROXY,Momentum
2021-01-04,2021,6.244028027875316,5.599426891611033,5.62186948436298,1.797124600638978,0.898562300319489,0.022442592751948025,35.94249201277956,-8.881784197001252e-16,,AMPLO_PROXY,Momentum
2022-01-03,2022,5.790403481092528,5.19263219520498,5.213444348291976,1.7971246006389776,0.8985623003194888,0.020812153086993912,35.94249201277955,0.0,,AMPLO_PROXY,Momentum
2023-01-02,2023,3.9598333135344426,3.944025595715943,3.9598333135344426,1.9960079840319365,0.9980039920159682,0.015807717818500773,39.92015968063874,0.0,,AMPLO_PROXY,Momentum
2024-01-02,2024,4.2076188939605945,4.190822012148377,4.2076188939605945,1.9960079840319362,0.9980039920159681,0.01679688181221795,39.92015968063874,0.0,,AMPLO_PROXY,Momentum
2025-01-02,2025,3.3433919743332328,2.998237491359934,3.01025447529324,1.7971246006389778,0.8985623003194889,0.012016983933306346,35.942492012779546,0.0,,AMPLO_PROXY,Momentum
2016-01-04,2016,1.0,0.9980039920159682,0.0,0.9980039920159682,0.4990019960079841,0.0019960079840319364,19.960079840319363,0.0,,AMPLO_PROXY,Baixa_Vol
2017-01-02,2017,1.1076972540162422,0.6848289465482187,0.6875737519452054,1.238969125830568,0.619484562915284,0.0027448053969868487,24.779382516611363,0.0,,AMPLO_PROXY,Baixa_Vol
2018-01-02,2018,1.3161487315300149,0.4889070737154947,0.4908666211051357,0.7444247533344118,0.3722123766672059,0.001959547389641261,14.888495066688238,2.220446049250313e-16,,AMPLO_PROXY,Baixa_Vol
2019-01-02,2019,1.5622559241670868,0.6990933880739922,0.7018953655813022,0.8967728859163895,0.44838644295819474,0.002801977507310589,17.93545771832779,-2.220446049250313e-16,,AMPLO_PROXY,Baixa_Vol
2020-01-02,2020,2.216982738421797,1.1470937044573477,1.1516912744150933,1.036898005127851,0.5184490025639255,0.004597569957744882,20.737960102557015,-4.440892098500626e-16,,AMPLO_PROXY,Baixa_Vol
2021-01-04,2021,2.1789398327443594,1.1233163183086632,0.9423527333916175,0.948015645341884,0.474007822670942,0.0041313381034005624,18.960312906837686,0.0,,AMPLO_PROXY,Baixa_Vol
2022-01-03,2022,2.0276100909813457,0.8891236748361581,0.8926872967793882,0.8787739711598916,0.4393869855799458,0.003563621943231093,17.575479423197834,0.0,,AMPLO_PROXY,Baixa_Vol
2023-01-02,2023,2.3358919283422406,0.8666473168745841,0.6010346520783065,0.6283175823097646,0.3141587911548823,0.0029353639379057815,12.566351646195296,-4.440892098500626e-16,,AMPLO_PROXY,Baixa_Vol
2024-01-02,2024,3.0392279437389886,1.0581362174843905,0.7579208169465446,0.5975389368777466,0.2987694684388733,0.0036321140688618703,11.950778737554932,-4.440892098500626e-16,,AMPLO_PROXY,Baixa_Vol
2025-01-02,2025,2.8244195558312386,1.232687670465117,1.2376283024108696,0.8746278391168277,0.43731391955841387,0.004940631945751974,17.492556782336557,0.0,,AMPLO_PROXY,Baixa_Vol
2016-01-04,2016,1.0,0.9980039920159682,0.0,0.9980039920159682,0.4990019960079841,0.0019960079840319364,19.960079840319363,0.0,,AMPLO_PROXY,Valor
2017-01-02,2017,1.7982963725062437,1.0867718047325543,1.0911276035491178,1.211090363957296,0.605545181978648,0.004355798816563344,24.22180727914592,-2.220446049250313e-16,,AMPLO_PROXY,Valor
2018-01-02,2018,2.85585634339949,1.170783121351436,1.1754756388718828,0.8215604981833338,0.4107802490916669,0.004692517520446637,16.431209963666674,-4.440892098500626e-16,,AMPLO_PROXY,Valor
2019-01-02,2019,3.5480004501887645,1.954743333689496,1.962577976309494,1.1040926755774725,0.5520463377887362,0.007834642619997983,22.081853511549458,-8.881784197001252e-16,,AMPLO_PROXY,Valor
2020-01-02,2020,5.042516105144892,2.433957281651365,2.4437126214575837,0.9673087405972287,0.48365437029861436,0.009755339806217898,19.34617481194458,-8.881784197001252e-16,,AMPLO_PROXY,Valor
2021-01-04,2021,5.843865741956294,4.544863063921061,4.563078947944791,1.5585474434285813,0.7792737217142907,0.018215884023731706,31.17094886857163,0.0,,AMPLO_PROXY,Valor
2022-01-03,2022,5.721770484653933,3.3009696504801944,3.314199989760675,1.1561403341820642,0.5780701670910321,0.01323033928048174,23.122806683641283,-8.881784197001252e-16,,AMPLO_PROXY,Valor
2023-01-02,2023,6.815277120998875,4.604086913207327,3.9084487133582435,1.249037342933157,0.6245186714665785,0.01702507125313114,24.98074685866314,8.881784197001252e-16,,AMPLO_PROXY,Valor
2024-01-02,2024,7.694827960785068,4.55481590592613,3.784216567046948,1.0837191572665499,0.5418595786332749,0.016678064945946158,21.674383145331,0.0,,AMPLO_PROXY,Valor
2025-01-02,2025,5.745657947803479,3.2628176063299383,2.6104353228679384,1.0222072010818495,0.5111036005409247,0.011746505858395756,20.44414402163699,-8.881784197001252e-16,,AMPLO_PROXY,Valor
2016-01-04,2016,1.0,0.9980039920159682,0.0,0.9980039920159682,0.4990019960079841,0.0019960079840319364,19.960079840319363,0.0,,AMPLO_PROXY,Qualidade
2017-01-02,2017,1.4653457908680108,0.9488875137165799,0.9526906700841815,1.2976992841221078,0.6488496420610539,0.0038031563676015233,25.953985682442156,0.0,,AMPLO_PROXY,Qualidade
2018-01-02,2018,2.02220845295998,0.895740336696964,0.8993304783270114,0.8876784252367578,0.4438392126183789,0.00359014163004795,17.75356850473515,4.440892098500626e-16,,AMPLO_PROXY,Qualidade
2019-01-02,2019,2.5089783288962013,1.3741860186109165,1.3796937782045464,1.0976100371608246,0.5488050185804123,0.005507759593630926,21.95220074321649,0.0,,AMPLO_PROXY,Qualidade
2020-01-02,2020,3.852265773110805,2.1834681685986035,2.1922195440238483,1.1358737871008753,0.5679368935504376,0.008751375425244904,22.71747574201751,-8.881784197001252e-16,,AMPLO_PROXY,Qualidade
2021-01-04,2021,3.7874136769310653,3.7722942610550936,3.7874136769310662,1.9960079840319365,0.9980039920159682,0.015119415875972323,39.92015968063874,0.0,,AMPLO_PROXY,Qualidade
2022-01-03,2022,3.4972437343579315,3.4832826815261626,3.4972437343579315,1.996007984031936,0.998003992015968,0.013961052831768189,39.92015968063872,0.0,,AMPLO_PROXY,Qualidade
2023-01-02,2023,3.069926050877231,1.837536704583452,1.8449015811549296,1.1995201919232306,0.5997600959616153,0.007364876571476762,23.99040383846461,0.0,,AMPLO_PROXY,Qualidade
2024-01-02,2024,3.6854441606202464,2.0639148787356287,2.0721870826584157,1.1222804582387036,0.5611402291193518,0.008272203922788091,22.44560916477408,-8.881784197001252e-16,,AMPLO_PROXY,Qualidade
2025-01-02,2025,3.4333278437730144,2.1028900186317325,2.1113184355400767,1.2274413181412513,0.6137206590706257,0.008428416908343618,24.548826362825025,-4.440892098500626e-16,,AMPLO_PROXY,Qualidade
2016-01-04,2016,1.0,0.9980039920159682,0.0,0.9980039920159682,0.4990019960079841,0.0019960079840319364,19.960079840319363,0.0,,AMPLO_PROXY,Multifator
2017-01-02,2017,1.3551217125150514,1.2186752837956,1.2235597538709326,1.8022255972371977,0.9011127986185988,0.004884470075333065,36.044511944743945,0.0,,AMPLO_PROXY,Multifator
2018-01-02,2018,1.6457198786279243,1.0170625580683743,1.021138961106725,1.23848629748241,0.619243148741205,0.004076403038350199,24.769725949648205,0.0,,AMPLO_PROXY,Multifator
2019-01-02,2019,2.0046544093090617,1.4254089769572196,1.431122038989112,1.4249493591919835,0.7124746795959918,0.005713062031892662,28.49898718383966,0.0,,AMPLO_PROXY,Multifator
2020-01-02,2020,2.8967582890592958,1.7606070746119449,1.7676636159931545,1.2180065916893892,0.6090032958446946,0.007056541381210199,24.360131833787786,0.0,,AMPLO_PROXY,Multifator
2021-01-04,2021,2.83595846826918,1.2121591666516776,1.21701752002503,0.8565628565637153,0.42828142828185767,0.004858353373353415,17.131257131274307,-4.440892098500626e-16,,AMPLO_PROXY,Multifator
2022-01-03,2022,2.786868198307393,1.668109433373118,1.6747952427253145,1.1995201919232308,0.5997600959616154,0.006685809352196865,23.990403838464616,0.0,,AMPLO_PROXY,Multifator
2023-01-02,2023,3.1164779227728565,0.9616894719144353,0.9655439387357346,0.6184011112568487,0.30920055562842436,0.0038544668213003393,12.368022225136974,-4.440892098500626e-16,,AMPLO_PROXY,Multifator
2024-01-02,2024,3.896659953275901,2.0666340120160407,1.6687122873586628,0.9586020705333598,0.4793010352666799,0.007470692598749408,19.172041410667198,-4.440892098500626e-16,,AMPLO_PROXY,Multifator
2025-01-02,2025,3.938927786376295,2.391268529420551,2.4008527720234385,1.2166055234672402,0.6083027617336201,0.009584242602887979,24.332110469344805,-4.440892098500626e-16,,AMPLO_PROXY,Multifator
2016-01-04,2016,1.0,0.9980039920159688,0.0,0.9980039920159688,0.4990019960079844,0.0019960079840319364,19.960079840319363,0.0,,AMPLO_PROXY,Uniao_TCC
2017-01-02,2017,1.4531885558634667,0.8630746524406168,0.8665338694844665,1.1902161732187406,0.5951080866093703,0.003459217043850166,23.804323464374804,2.220446049250313e-16,,AMPLO_PROXY,Uniao_TCC
2018-01-02,2018,2.241140698327612,1.0748914217761043,1.0791996038273104,0.9611583187128074,0.4805791593564037,0.0043081820512068285,19.223166374256145,4.440892098500626e-16,,AMPLO_PROXY,Uniao_TCC
2019-01-02,2019,2.76849275455787,1.3973727983059228,1.4029734908843023,1.0115057316223468,0.5057528658111734,0.005600692578380451,20.23011463244694,0.0,,AMPLO_PROXY,Uniao_TCC
2020-01-02,2020,4.072863606657198,2.2658586461091215,2.2749402438891173,1.1148909780765035,0.5574454890382518,0.00908159777999648,22.297819561530073,0.0,,AMPLO_PROXY,Uniao_TCC
2021-01-04,2021,4.423122822224627,2.8025952153940468,2.7164938345591154,1.2477810976040937,0.6238905488020469,0.011038178099906325,24.955621952081874,-1.7763568394002505e-15,,AMPLO_PROXY,Uniao_TCC
2022-01-03,2022,4.053049307674515,2.1261193701873893,2.134640890709183,1.051248069651843,0.5256240348259215,0.008521520521793145,21.024961393036858,0.0,,AMPLO_PROXY,Uniao_TCC
2023-01-02,2023,4.073841622494691,2.1472695983761105,1.8396226715144397,0.9786566684075224,0.4893283342037612,0.0079737845397811,19.573133368150447,0.0,,AMPLO_PROXY,Uniao_TCC
2024-01-02,2024,4.812424533323114,2.401651909221758,2.147488188606922,0.9452906879533696,0.4726453439766848,0.009098280195657364,18.9058137590674,-8.881784197001252e-16,,AMPLO_PROXY,Uniao_TCC
2025-01-02,2025,4.069436346042252,2.1375740172495212,2.036588601097856,1.0257348348517548,0.5128674174258774,0.008348325236694758,20.5146966970351,0.0,,AMPLO_PROXY,Uniao_TCC
2016-01-04,2016,1.0,0.9980039920159677,0.0,0.9980039920159677,0.49900199600798384,0.001996007984031936,19.96007984031936,2.220446049250313e-16,,AMPLO_PROXY,Universo_EW
2017-01-02,2017,1.4791991717335122,0.27568123049288507,0.2767861652844393,0.3734908769113718,0.1867454384556859,0.0011049347915546486,7.469817538227436,2.220446049250313e-16,,AMPLO_PROXY,Universo_EW
2018-01-02,2018,2.1554678539990024,0.387769398995133,0.38932358496304886,0.3605217227046345,0.18026086135231725,0.0015541859679163636,7.210434454092689,0.0,,AMPLO_PROXY,Universo_EW
2019-01-02,2019,2.4454926704870728,0.5833545267038767,0.5856926209992829,0.47804156676139964,0.23902078338069982,0.0023380942954063194,9.560831335227995,-4.440892098500626e-16,,AMPLO_PROXY,Universo_EW
2020-01-02,2020,3.6359280132498926,0.7096654311831911,0.7125097816087753,0.3911450412685116,0.1955725206342558,0.0028443504255839334,7.822900825370232,0.0,,AMPLO_PROXY,Universo_EW
2021-01-04,2021,3.7236156067083153,0.7861875973407788,0.7572792771137467,0.4145075747544612,0.2072537873772306,0.0030869337489090516,8.290151495089226,8.881784197001252e-16,,AMPLO_PROXY,Universo_EW
2022-01-03,2022,3.337210938968717,0.8717689934510683,0.7497403067470267,0.48588756595026106,0.24294378297513053,0.00324301860039619,9.71775131900522,-4.440892098500626e-16,,AMPLO_PROXY,Universo_EW
2023-01-02,2023,2.978010902084645,0.8478841762296148,0.6655943421964896,0.5082179240400532,0.2541089620200266,0.003026957036852208,10.164358480801061,4.440892098500626e-16,,AMPLO_PROXY,Universo_EW
2024-01-02,2024,3.566096715555021,0.6849935216136736,0.6121252209090603,0.3637362769396602,0.1818681384698301,0.0025942374850454683,7.274725538793206,-8.881784197001252e-16,,AMPLO_PROXY,Universo_EW
2025-01-02,2025,2.9493045386044474,0.649933350018153,0.5705342257686125,0.41381537912129845,0.20690768956064923,0.0024409351515735315,8.27630758242597,4.440892098500626e-16,,AMPLO_PROXY,Universo_EW
2016-01-04,2016,1.0,0.9980039920159682,0.0,0.9980039920159682,0.4990019960079841,0.0019960079840319364,19.960079840319363,0.0,,ISE,Momentum
2017-01-02,2017,1.475878726490085,1.176929260117543,1.1816464114606993,1.5980823012385137,0.7990411506192568,0.004717151343156485,31.961646024770285,0.0,,ISE,Momentum
2018-01-02,2018,1.8783577127368745,1.3111717607094135,1.3164269581471262,1.3988808952837732,0.6994404476418866,0.005255197437713079,27.977617905675466,0.0,,ISE,Momentum
2019-01-02,2019,2.340019594778034,1.6334309441566095,1.6399777615680577,1.3988808952837728,0.6994404476418864,0.0065468174114493355,27.977617905675462,0.0,,ISE,Momentum
2020-01-02,2020,3.3349559537546334,2.659437508467539,2.6700965766377487,1.5980823012385137,0.7990411506192568,0.010659068170210576,31.96164602477028,-8.881784197001252e-16,,ISE,Momentum
2021-01-04,2021,3.66177294939011,2.1917929249248282,2.2005776661068923,1.1995201919232312,0.5997600959616156,0.008784741182063443,23.990403838464626,0.0,,ISE,Momentum
2022-01-03,2022,3.3616612125761822,2.6807334320024214,2.691477854575577,1.598082301238514,0.799041150619257,0.010744422573155995,31.96164602477027,0.0,,ISE,Momentum
2023-01-02,2023,2.689081557688748,2.411474695603069,2.4211399248439625,1.797124600638978,0.898562300319489,0.009665229240894064,35.94249201277956,0.0,,ISE,Momentum
2024-01-02,2024,3.1352396054617118,2.81157369571257,2.822842528160315,1.7971246006389776,0.8985623003194888,0.011268832447745769,35.94249201277955,0.0,,ISE,Momentum
2025-01-02,2025,2.5611900539860337,2.2967860488121565,2.305991604118016,1.7971246006389778,0.8985623003194889,0.009205555305860346,35.94249201277956,-4.440892098500626e-16,,ISE,Momentum
2016-01-04,2016,1.0,0.9980039920159682,0.0,0.9980039920159682,0.4990019960079841,0.0019960079840319364,19.960079840319363,0.0,,ISE,Baixa_Vol
2017-01-02,2017,1.247632576741956,0.6977697486927708,0.7005664210322207,1.120791646348783,0.5603958231743915,0.002796672339449983,22.415832926975664,0.0,,ISE,Baixa_Vol
2018-01-02,2018,1.5403400067044941,0.7581190438470284,0.7611575971289797,0.9863255088897221,0.4931627544448611,0.0030385532819520162,19.72651017779444,0.0,,ISE,Baixa_Vol
2019-01-02,2019,1.6957266003826212,0.5953353827523431,0.5977214965108693,0.7035667654172629,0.35178338270863146,0.002386113758526425,14.07133530834526,0.0,,ISE,Baixa_Vol
2020-01-02,2020,2.4015139641291126,0.4402453570101902,0.44200986745912835,0.3673745968782074,0.1836872984391037,0.001764510448938637,7.347491937564148,0.0,,ISE,Baixa_Vol
2021-01-04,2021,2.622013734862473,1.2651462785118854,1.270217005079067,0.9669527088590689,0.48347635442953446,0.005070726567181906,19.339054177181378,0.0,,ISE,Baixa_Vol
2022-01-03,2022,2.3920457485409337,0.32561036733925486,0.3269154189117568,0.2727898438602314,0.1363949219301157,0.0013050515725020237,5.455796877204629,0.0,,ISE,Baixa_Vol
2023-01-02,2023,2.5614582090288343,1.1228738082594383,1.1273743044849267,0.8785027625328843,0.43925138126644214,0.004500496225488731,17.57005525065769,0.0,,ISE,Baixa_Vol
2024-01-02,2024,3.4792498680597768,1.5496382422284365,1.2221601025325148,0.79666550258624,0.39833275129312,0.005543596689521902,15.933310051724797,-4.440892098500626e-16,,ISE,Baixa_Vol
2025-01-02,2025,3.0988547140655323,1.4175889410772993,1.3879924221240654,0.9053607290677372,0.4526803645338686,0.005611162726402729,18.107214581354743,-4.440892098500626e-16,,ISE,Baixa_Vol
2016-01-04,2016,1.0,0.9980039920159682,0.0,0.9980039920159682,0.4990019960079841,0.0019960079840319364,19.960079840319363,0.0,,ISE,Valor
2017-01-02,2017,1.7399112425953545,0.8653979753320551,0.8688665042913014,0.9967545683746633,0.4983772841873316,0.0034685289592467127,19.935091367493264,-2.220446049250313e-16,,ISE,Valor
2018-01-02,2018,2.0701665633726707,0.5535533298260479,0.5557719804465929,0.535862828576147,0.2679314142880735,0.0022186506205452822,10.717256571522944,0.0,,ISE,Valor
2019-01-02,2019,2.8958559139971056,0.8785481453213094,0.8820693803726966,0.6079782896600862,0.3039891448300431,0.0035212350513880125,12.159565793201725,0.0,,ISE,Valor
2020-01-02,2020,4.3644606212855415,1.204241444186148,1.2090680632009208,0.5529456482245071,0.27647282411225355,0.0048266190147741375,11.05891296449014,0.0,,ISE,Valor
2021-01-04,2021,4.118124960619479,1.3455784657542758,1.3509715658174193,0.6548004388788775,0.32740021943943876,0.00539310006314339,13.09600877757755,0.0,,ISE,Valor
2022-01-03,2022,4.283588006420441,1.4261376346589036,1.431853617162547,0.6671956424235386,0.3335978212117693,0.005715982503642901,13.34391284847077,0.0,,ISE,Valor
2023-01-02,2023,4.7368548692482895,3.5786820146535803,3.5930254295419712,1.5140230473925536,0.7570115236962768,0.014343414888391103,30.280460947851072,0.0,,ISE,Valor
2024-01-02,2024,5.246559222844095,2.698449660085198,2.7092650895845356,1.0307164219406788,0.5153582109703394,0.010815429499339467,20.614328438813573,-8.881784197001252e-16,,ISE,Valor
2025-01-02,2025,3.886110984420185,2.1755273108341378,2.1842468591741557,1.1218861703865568,0.5609430851932784,0.008719548340016587,22.437723407731134,0.0,,ISE,Valor
2016-01-04,2016,1.0,0.9980039920159682,0.0,0.9980039920159682,0.4990019960079841,0.0019960079840319364,19.960079840319363,0.0,,ISE,Qualidade
2017-01-02,2017,1.311181343408182,0.6888476561923366,0.691608568642005,1.0528339438129066,0.5264169719064533,0.002760912449668684,21.056678876258143,-2.220446049250313e-16,,ISE,Qualidade
2018-01-02,2018,1.6736873671120742,0.7155452393988737,0.7184131561900517,0.8567659789792176,0.4283829894896088,0.002867916791177851,17.135319579584355,-4.440892098500626e-16,,ISE,Qualidade
2019-01-02,2019,1.8551918541427819,0.5946298392185736,0.5970131251473058,0.6423286959269747,0.32116434796348736,0.002383285928731758,12.846573918539491,-2.220446049250313e-16,,ISE,Qualidade
2020-01-02,2020,2.3405407233798052,0.7655122028068746,0.7685803879884651,0.6554436654193598,0.3277218327096799,0.0030681851815906793,13.1088733083872,0.0,,ISE,Qualidade
2021-01-04,2021,2.2819524189166476,1.4735986923829911,1.4795048995668907,1.294112693792214,0.647056346896107,0.0059062071838997645,25.882253875844285,0.0,,ISE,Qualidade
2022-01-03,2022,2.115805757532136,1.2828537806800733,1.2879954791998327,1.215068656812112,0.607534328406056,0.005141698519759812,24.30137313624224,0.0,,ISE,Qualidade
2023-01-02,2023,1.9410968026340127,1.265519444204072,1.2705916664253307,1.3065351028284486,0.6532675514142243,0.005072222221258806,26.13070205656898,0.0,,ISE,Qualidade
2024-01-02,2024,2.232264999509807,0.744266042323572,0.7472490725533247,0.6681622097754635,0.33408110488773174,0.002983030229753794,13.363244195509273,-4.440892098500626e-16,,ISE,Qualidade
2025-01-02,2025,2.0475647597454647,0.8421772477913358,0.8455527077023233,0.8242620642208469,0.41213103211042346,0.003375459910987319,16.48524128441694,0.0,,ISE,Qualidade
2016-01-04,2016,1.0,0.9980039920159682,0.0,0.9980039920159682,0.4990019960079841,0.0019960079840319364,19.960079840319363,0.0,,ISE,Multifator
2017-01-02,2017,1.1121654488963233,0.8868886280451704,0.8904432918850309,1.5980823012385141,0.7990411506192571,0.0035546638398604026,31.96164602477028,0.0,,ISE,Multifator
2018-01-02,2018,1.3739327182904482,0.5816769582386505,0.5840083288127532,0.8484296731078931,0.42421483655394654,0.002331370574102807,16.968593462157855,2.220446049250313e-16,,ISE,Multifator
2019-01-02,2019,1.6973385026251548,0.7116913492574044,0.7145438195951092,0.8402773911312653,0.42013869556563266,0.002852470337705027,16.805547822625307,0.0,,ISE,Multifator
2020-01-02,2020,2.3080998819290572,0.8188081733982533,0.8220899696844186,0.7109303006901273,0.35546515034506365,0.0032817962861653436,14.218606013802544,0.0,,ISE,Multifator
2021-01-04,2021,2.4102291843503223,1.0796012861689093,1.083928345432111,0.8976447740525554,0.4488223870262777,0.004327059263202041,17.95289548105111,0.0,,ISE,Multifator
2022-01-03,2022,2.298899736480765,0.5098304508999829,0.5118738595208242,0.4444318706934419,0.22221593534672096,0.0020434086208416143,8.88863741386884,-4.440892098500626e-16,,ISE,Multifator
2023-01-02,2023,2.4161286670911863,0.7494963144971746,0.7525003077416522,0.6216542366707246,0.3108271183353623,0.0030039932444776538,12.433084733414494,0.0,,ISE,Multifator
2024-01-02,2024,3.4308853243853448,1.1712252974633774,0.8610010291984636,0.5923329212485182,0.2961664606242591,0.004064452653323682,11.846658424970363,0.0,,ISE,Multifator
2025-01-02,2025,3.28056705692369,1.3865812929236272,1.3921387329754245,0.8470243033241822,0.4235121516620911,0.005557440051798103,16.940486066483647,0.0,,ISE,Multifator
2016-01-04,2016,1.0,0.9980039920159688,0.0,0.9980039920159688,0.4990019960079844,0.001996007984031937,19.96007984031937,-1.1102230246251565e-16,,ISE,Uniao_TCC
2017-01-02,2017,1.4256224940857696,0.49813361146773616,0.5001301389686087,0.7002300781431738,0.3501150390715869,0.00199652750087269,14.00460156286348,0.0,,ISE,Uniao_TCC
2018-01-02,2018,1.7736371300239233,0.3296305730394493,0.3309517376608492,0.372445016806447,0.1862225084032235,0.0013211646214005973,7.448900336128942,4.440892098500626e-16,,ISE,Uniao_TCC
2019-01-02,2019,2.2144751131995726,0.462538487365156,0.4643923490379615,0.41857812304056397,0.20928906152028198,0.0018538616728062353,8.37156246081128,0.0,,ISE,Uniao_TCC
2020-01-02,2020,3.1676424541855024,0.5856524023253573,0.5879997065430941,0.3705128106607073,0.18525640533035365,0.002347304217736903,7.410256213214147,4.440892098500626e-16,,ISE,Uniao_TCC
2021-01-04,2021,3.190804334835439,1.1051501477012482,1.109579607211072,0.6940976388721566,0.3470488194360783,0.004429459509824641,13.881952777443132,0.0,,ISE,Uniao_TCC
2022-01-03,2022,2.9197144938934048,1.1557914149990978,1.1604238455201352,0.7933019702315439,0.39665098511577196,0.004632430521038467,15.86603940463088,-4.440892098500626e-16,,ISE,Uniao_TCC
2023-01-02,2023,2.8797837497325887,1.3959671680982468,1.4015622268882197,0.9714373154742053,0.48571865773710265,0.005595058789972936,19.428746309484115,-1.3322676295501878e-15,,ISE,Uniao_TCC
2024-01-02,2024,3.4155474435232525,1.3947229428325272,1.3016055099663784,0.7894279020810648,0.3947139510405324,0.005392656905597812,15.7885580416213,0.0,,ISE,Uniao_TCC
2025-01-02,2025,2.9270568827984857,1.4534605970547356,1.4487912957329578,0.9915256207842886,0.4957628103921443,0.005804503785575387,19.83051241568577,0.0,,ISE,Uniao_TCC
2016-01-04,2016,1.0,0.9980039920159679,0.0,0.9980039920159679,0.49900199600798395,0.0019960079840319364,19.960079840319363,1.1102230246251565e-16,,ISE,Universo_EW
2017-01-02,2017,1.4258168377417515,0.3285821965625438,0.3298991592742173,0.4618274510488193,0.23091372552440964,0.0013169627116735223,9.236549020976387,0.0,,ISE,Universo_EW
2018-01-02,2018,1.8209171751053579,0.2726664847907393,0.27375933643318706,0.3000827432979264,0.1500413716489632,0.0010928516424478527,6.001654865958527,2.220446049250313e-16,,ISE,Universo_EW
2019-01-02,2019,2.2506260986328726,0.4034603953561485,0.4050774710890383,0.3592501957283476,0.1796250978641738,0.0016170757328903738,7.185003914566953,8.881784197001252e-16,,ISE,Universo_EW
2020-01-02,2020,3.234813973671655,0.4915739842614993,0.4935442206713643,0.30453627718650894,0.15226813859325447,0.001970236409865727,6.090725543730179,-8.881784197001252e-16,,ISE,Universo_EW
2021-01-04,2021,3.1218340840620455,0.8213320516885998,0.8246239637194166,0.5272400682057847,0.26362003410289236,0.0032919120308160335,10.544801364115697,0.0,,ISE,Universo_EW
2022-01-03,2022,2.9696590538559247,0.7873497497451318,0.7905054601649522,0.5313253748309367,0.26566268741546833,0.003155710419820168,10.626507496618734,4.440892098500626e-16,,ISE,Universo_EW
2023-01-02,2023,2.6320800193673177,0.9578703925101362,0.9617095523999568,0.729301514690085,0.3646507573450425,0.0038391598898201863,14.5860302938017,-8.881784197001252e-16,,ISE,Universo_EW
2024-01-02,2024,3.139728744376261,0.42013316977933085,0.37281825079730774,0.25255411697489377,0.12627705848744689,0.0015859028411532772,5.051082339497876,-8.881784197001252e-16,,ISE,Universo_EW
2025-01-02,2025,2.809980934137144,0.8312372921074026,0.7648141934783422,0.5679937063615137,0.28399685318075685,0.0031921029711714896,11.359874127230274,0.0,,ISE,Universo_EW
