Ano,AMPLO_PROXY_Momentum,AMPLO_PROXY_Baixa_Vol,AMPLO_PROXY_Valor,AMPLO_PROXY_Qualidade,AMPLO_PROXY_Multifator,AMPLO_PROXY_Uniao_TCC,AMPLO_PROXY_Universo_EW,ISE_Momentum,ISE_Baixa_Vol,ISE_Valor,ISE_Qualidade,ISE_Multifator,ISE_Uniao_TCC,ISE_Universo_EW,ret_ise,ret_ibrx
2016,35.7596543259405,11.289105478533102,79.18127516164152,47.561242153328934,35.63854279463412,45.782807830213756,48.56253170048106,49.350680206520295,26.832655908468883,75.09489921377994,32.3486019847643,12.661576908827987,44.23280464269628,44.12469771241143,17.188981546765113,40.731373043286666
2017,92.0656316441688,17.546876380908728,55.60096957935316,34.94368120373525,20.3961955387312,51.896564258075,43.34367538530832,24.26286029411755,20.086498464115742,17.37965009166551,24.776492478676502,20.493667295237337,21.502888650184417,25.10783125476781,17.404203232298123,27.54543221062733
2018,29.43640481959582,17.228614411839583,23.837448942761096,22.495047859786823,18.683343295645006,22.15290631981228,11.758307896273013,23.84885025502168,8.466893882865566,38.06288511424201,9.368996018588271,22.313880403002084,23.109695406997453,21.70959668431751,9.865700653825593,15.42076796558689
2019,50.72865092853489,42.67054559341281,41.328422521808996,53.08475073949126,46.80620907139479,46.560222593811964,49.75693342895071,42.72636516055635,43.73453070453424,52.09790160253414,27.076247963375245,37.004323099547534,44.898389316986595,45.44055481607023,33.18514467694958,33.38863398885707
2020,22.33107475000786,0.9698492853498664,18.63909566224311,2.4569616444803266,0.39654285891377317,11.603235749445972,4.72439583119344,13.225267322150746,12.234396615010933,-2.969660099867255,1.300301760791589,7.76938379137424,3.6748988291277707,-0.6313821235299777,0.31519759628644284,3.5005142225788877
2021,-5.001884911087706,-6.0646504736712625,0.311708868168159,-5.615715727016568,-1.2303806810101903,-6.319331186183696,-8.464100256695517,-7.982017660503093,-8.902898261453062,4.412473400331551,-7.136305653271535,-4.902925008626335,-7.9994503050287324,-4.74605517502259,-11.62470415162835,-11.174726291408088
2022,-31.088960519140485,14.446423124275265,20.017338814476826,-14.575431672200834,12.576456499702893,0.15498638383513175,-10.013126001284112,-18.588981625275192,7.751601771531447,11.807089279926375,-7.523151763136493,6.327721070770687,-0.6014188305333401,-9.92106659594878,-13.962675384824907,4.016419379318892
2023,5.14155696349301,29.184913310655315,13.379556457258413,21.9507673161635,23.285621987550197,18.170382082720305,18.57913484228957,14.750377182579877,34.846060334457675,11.546161664365972,14.704576390802405,40.28292579026043,18.027935842279284,18.29048383824976,19.179544015199546,21.274740374705893
2024,-21.95112138784323,-7.3310467228055565,-26.943582531044484,-8.943221512205268,0.9541859991746504,-16.84202942625713,-18.72527958703456,-19.092050469171685,-11.479805375818774,-28.481336097177568,-10.269980117850153,-5.296774138498184,-15.845564859855621,-11.161623098867246,-18.144958803727306,-9.712377160377883
2025,12.513543319815422,32.01578124456405,38.32433714706194,25.800536743257418,38.26111033837136,28.649631571552604,37.21577800334926,11.816153694911113,39.98961700047832,32.931180588318966,20.265293328401878,59.56060796880218,27.629767616315192,38.612876837208,35.406408138225245,33.4543200681541
