Serie,Custo_bps_lado,Retorno Total (%),Retorno Anual (%),Volatilidade (%),Sharpe,Max Drawdown (%)
ISE_Momentum,0.0,197.7833742840151,11.54458776058217,25.26406217979782,0.21104554166577114,-46.87998124865681
ISE_Momentum,10.0,193.29061165767044,11.374934033312218,25.26877469796159,0.20494706418179603,-46.87998124865683
ISE_Momentum,20.0,188.86428546564665,11.205486403254254,25.27441195743921,0.19885117052252257,-46.87998124865685
ISE_Momentum,50.0,175.97430840631407,10.69837580261236,25.296830133833808,0.18058579745783665,-46.879981248656854
ISE_Baixa_Vol,0.0,344.18716008550473,16.101139093942113,18.842498295009673,0.4218205977981057,-32.14451738743038
ISE_Baixa_Vol,10.0,340.64576084420395,16.008126065559093,18.845036871129874,0.417476632446266,-32.14451738743036
ISE_Baixa_Vol,20.0,337.1337177300793,15.91521732612551,18.847947426513763,0.41313084256191657,-32.14451738743037
ISE_Baixa_Vol,50.0,326.77118860202245,15.637114758002344,18.85889471440773,0.40008534018984426,-32.14451738743039
ISE_Valor,0.0,427.5255187232738,18.117280642451153,30.54371330293646,0.4121380555618073,-47.500246027909654
ISE_Valor,10.0,422.9614680068126,18.014561250508493,30.547233225633818,0.40923785029708726,-47.50024602790963
ISE_Valor,20.0,418.4377714787023,17.911950927918472,30.55101969711562,0.40633808993318726,-47.50024602790969
ISE_Valor,50.0,405.1051398622481,17.604772093434853,30.563966715142975,0.39764230887312635,-47.50024602790971
ISE_Qualidade,0.0,151.90165623963142,9.691404243855665,23.555640839652735,0.13578738117796874,-42.37296423499855
ISE_Qualidade,10.0,149.5142380729606,9.58686854104654,23.55901722338535,0.13169914272396804,-42.37296423499852
ISE_Qualidade,20.0,147.149240606542,9.482423312946503,23.562795018339067,0.12761366367320318,-42.37296423499855
ISE_Qualidade,50.0,140.186673629742,9.169628763965202,23.57652278962673,0.11537584899518945,-42.37296423499858
ISE_Multifator,0.0,434.38765821662446,18.270226046725316,21.56995923329024,0.48126648637213354,-39.71129736365175
ISE_Multifator,10.0,429.91413731527314,18.17072095759646,21.57174689898517,0.4772876133202503,-39.711297363651774
ISE_Multifator,20.0,425.4778307982125,18.071294303144143,21.57390157928169,0.4733048539708226,-39.711297363651795
ISE_Multifator,50.0,412.38794191317857,17.773456939433345,21.582556585055503,0.461334425148767,-39.71129736365175
ISE_Uniao_TCC,0.0,281.0973791298619,14.33396640903232,23.192482377920438,0.31557508578751986,-43.97243901254686
ISE_Uniao_TCC,10.0,278.3994058712931,14.252664689418651,23.195622434850325,0.3124545811906512,-43.97243901254686
ISE_Uniao_TCC,20.0,275.72015583020277,14.171409311123936,23.198999080398657,0.30933376316655303,-43.97243901254689
ISE_Uniao_TCC,50.0,267.79331646960514,13.927916075316135,23.21054207524482,0.29997026327259274,-43.97243901254686
ISE_Universo_EW,0.0,300.42036241045923,14.901563677721743,24.452220254117226,0.3321586252140585,-45.81008103519324
ISE_Universo_EW,10.0,298.40940671028926,14.843656679733053,24.45426145803869,0.33006140218619645,-45.81008103519315
ISE_Universo_EW,20.0,296.40827017805714,14.785770745160518,24.45642419671829,0.32796385131133615,-45.81008103519314
ISE_Universo_EW,50.0,290.46329121335634,14.612238696712623,24.46363874557223,0.3216695529747188,-45.810081035193186
