Universo,Estrategia,Setor,Peso
AMPLO_PROXY,Baixa_Vol,agrícola,0.01
AMPLO_PROXY,Baixa_Vol,aviação,0.0
AMPLO_PROXY,Baixa_Vol,banco,0.02
AMPLO_PROXY,Baixa_Vol,construção,0.0
AMPLO_PROXY,Baixa_Vol,consumo,0.01
AMPLO_PROXY,Baixa_Vol,educação,0.0
AMPLO_PROXY,Baixa_Vol,energia,0.51
AMPLO_PROXY,Baixa_Vol,financeiro,0.05
AMPLO_PROXY,Baixa_Vol,indústria,0.08
AMPLO_PROXY,Baixa_Vol,madeira-papel,0.07
AMPLO_PROXY,Baixa_Vol,mineração,0.0
AMPLO_PROXY,Baixa_Vol,petróleo,0.0
AMPLO_PROXY,Baixa_Vol,proteína,0.01
AMPLO_PROXY,Baixa_Vol,químico,0.030000000000000006
AMPLO_PROXY,Baixa_Vol,saneamento,0.02
AMPLO_PROXY,Baixa_Vol,saúde,0.030000000000000006
AMPLO_PROXY,Baixa_Vol,seguro,0.07
AMPLO_PROXY,Baixa_Vol,shopping,0.0
AMPLO_PROXY,Baixa_Vol,siderurgico,0.0
AMPLO_PROXY,Baixa_Vol,supermercado,0.01
AMPLO_PROXY,Baixa_Vol,tecnologia,0.01
AMPLO_PROXY,Baixa_Vol,telecom,0.07
AMPLO_PROXY,Baixa_Vol,transporte,0.0
AMPLO_PROXY,Baixa_Vol,varejo,0.0
AMPLO_PROXY,Momentum,agrícola,0.04
AMPLO_PROXY,Momentum,aviação,0.0
AMPLO_PROXY,Momentum,banco,0.06000000000000001
AMPLO_PROXY,Momentum,construção,0.05
AMPLO_PROXY,Momentum,consumo,0.05
AMPLO_PROXY,Momentum,educação,0.030000000000000006
AMPLO_PROXY,Momentum,energia,0.1
AMPLO_PROXY,Momentum,financeiro,0.0
AMPLO_PROXY,Momentum,indústria,0.08
AMPLO_PROXY,Momentum,madeira-papel,0.02
AMPLO_PROXY,Momentum,mineração,0.05
AMPLO_PROXY,Momentum,petróleo,0.05
AMPLO_PROXY,Momentum,proteína,0.06000000000000001
AMPLO_PROXY,Momentum,químico,0.030000000000000006
AMPLO_PROXY,Momentum,saneamento,0.05
AMPLO_PROXY,Momentum,saúde,0.05
AMPLO_PROXY,Momentum,seguro,0.05
AMPLO_PROXY,Momentum,shopping,0.0
AMPLO_PROXY,Momentum,siderurgico,0.06000000000000001
AMPLO_PROXY,Momentum,supermercado,0.02
AMPLO_PROXY,Momentum,tecnologia,0.02
AMPLO_PROXY,Momentum,telecom,0.01
AMPLO_PROXY,Momentum,transporte,0.04
AMPLO_PROXY,Momentum,varejo,0.08
AMPLO_PROXY,Multifator,agrícola,0.01
AMPLO_PROXY,Multifator,aviação,0.0
AMPLO_PROXY,Multifator,banco,0.11000000000000001
AMPLO_PROXY,Multifator,construção,0.01
AMPLO_PROXY,Multifator,consumo,0.02
AMPLO_PROXY,Multifator,educação,0.0
AMPLO_PROXY,Multifator,energia,0.41000000000000003
AMPLO_PROXY,Multifator,financeiro,0.06000000000000001
AMPLO_PROXY,Multifator,indústria,0.030000000000000006
AMPLO_PROXY,Multifator,madeira-papel,0.0
AMPLO_PROXY,Multifator,mineração,0.04
AMPLO_PROXY,Multifator,petróleo,0.04
AMPLO_PROXY,Multifator,proteína,0.01
AMPLO_PROXY,Multifator,químico,0.04
AMPLO_PROXY,Multifator,saneamento,0.07
AMPLO_PROXY,Multifator,saúde,0.01
AMPLO_PROXY,Multifator,seguro,0.01
AMPLO_PROXY,Multifator,shopping,0.02
AMPLO_PROXY,Multifator,siderurgico,0.06000000000000001
AMPLO_PROXY,Multifator,supermercado,0.0
AMPLO_PROXY,Multifator,tecnologia,0.0
AMPLO_PROXY,Multifator,telecom,0.04
AMPLO_PROXY,Multifator,transporte,0.01
AMPLO_PROXY,Multifator,varejo,0.0
AMPLO_PROXY,Qualidade,agrícola,0.02
AMPLO_PROXY,Qualidade,aviação,0.04
AMPLO_PROXY,Qualidade,banco,0.09000000000000001
AMPLO_PROXY,Qualidade,construção,0.030000000000000006
AMPLO_PROXY,Qualidade,consumo,0.09000000000000001
AMPLO_PROXY,Qualidade,educação,0.01
AMPLO_PROXY,Qualidade,energia,0.11000000000000001
AMPLO_PROXY,Qualidade,financeiro,0.02
AMPLO_PROXY,Qualidade,indústria,0.11000000000000001
AMPLO_PROXY,Qualidade,madeira-papel,0.0
AMPLO_PROXY,Qualidade,mineração,0.09000000000000001
AMPLO_PROXY,Qualidade,petróleo,0.04
AMPLO_PROXY,Qualidade,proteína,0.01
AMPLO_PROXY,Qualidade,químico,0.05
AMPLO_PROXY,Qualidade,saneamento,0.01
AMPLO_PROXY,Qualidade,saúde,0.030000000000000006
AMPLO_PROXY,Qualidade,seguro,0.06000000000000001
AMPLO_PROXY,Qualidade,shopping,0.01
AMPLO_PROXY,Qualidade,siderurgico,0.06000000000000001
AMPLO_PROXY,Qualidade,supermercado,0.01
AMPLO_PROXY,Qualidade,tecnologia,0.0
AMPLO_PROXY,Qualidade,telecom,0.0
AMPLO_PROXY,Qualidade,transporte,0.04
AMPLO_PROXY,Qualidade,varejo,0.07
AMPLO_PROXY,Uniao_TCC,agrícola,0.01735231572692873
AMPLO_PROXY,Uniao_TCC,aviação,0.0108230034545824
AMPLO_PROXY,Uniao_TCC,banco,0.04855094751379581
AMPLO_PROXY,Uniao_TCC,construção,0.0647035182019702
AMPLO_PROXY,Uniao_TCC,consumo,0.0396469113961374
AMPLO_PROXY,Uniao_TCC,educação,0.028086192621796336
AMPLO_PROXY,Uniao_TCC,energia,0.2135903109896918
AMPLO_PROXY,Uniao_TCC,financeiro,0.019572260733251447
AMPLO_PROXY,Uniao_TCC,indústria,0.06528873672836522
AMPLO_PROXY,Uniao_TCC,madeira-papel,0.02257050947453424
AMPLO_PROXY,Uniao_TCC,mineração,0.039082356249538916
AMPLO_PROXY,Uniao_TCC,petróleo,0.027386112339672707
AMPLO_PROXY,Uniao_TCC,proteína,0.025052741213731928
AMPLO_PROXY,Uniao_TCC,químico,0.03100550069590317
AMPLO_PROXY,Uniao_TCC,saneamento,0.025694229068842073
AMPLO_PROXY,Uniao_TCC,saúde,0.039262956012182014
AMPLO_PROXY,Uniao_TCC,seguro,0.045247345371184376
AMPLO_PROXY,Uniao_TCC,shopping,0.022605712141315855
AMPLO_PROXY,Uniao_TCC,siderurgico,0.07652337412399332
AMPLO_PROXY,Uniao_TCC,supermercado,0.01656891904569923
AMPLO_PROXY,Uniao_TCC,tecnologia,0.011469962785752259
AMPLO_PROXY,Uniao_TCC,telecom,0.03706925513427061
AMPLO_PROXY,Uniao_TCC,transporte,0.021412201675359573
AMPLO_PROXY,Uniao_TCC,varejo,0.05143462730150037
AMPLO_PROXY,Universo_EW,agrícola,0.021813725807798095
AMPLO_PROXY,Universo_EW,aviação,0.007227898077299286
AMPLO_PROXY,Universo_EW,banco,0.06343457771351577
AMPLO_PROXY,Universo_EW,construção,0.057293570240347216
AMPLO_PROXY,Universo_EW,consumo,0.07179163596956543
AMPLO_PROXY,Universo_EW,educação,0.02712120302283299
AMPLO_PROXY,Universo_EW,energia,0.12894127641590108
AMPLO_PROXY,Universo_EW,financeiro,0.0218466136238035
AMPLO_PROXY,Universo_EW,indústria,0.05532726104029541
AMPLO_PROXY,Universo_EW,madeira-papel,0.03017056490401889
AMPLO_PROXY,Universo_EW,mineração,0.023876245878224532
AMPLO_PROXY,Universo_EW,petróleo,0.02694732563948335
AMPLO_PROXY,Universo_EW,proteína,0.0311909730672842
AMPLO_PROXY,Universo_EW,químico,0.03329623622517893
AMPLO_PROXY,Universo_EW,saneamento,0.027002136359213454
AMPLO_PROXY,Universo_EW,saúde,0.05605472515659153
AMPLO_PROXY,Universo_EW,seguro,0.03635701547448039
AMPLO_PROXY,Universo_EW,shopping,0.02909667482167016
AMPLO_PROXY,Universo_EW,siderurgico,0.04158796408971226
AMPLO_PROXY,Universo_EW,supermercado,0.015443761742352938
AMPLO_PROXY,Universo_EW,tecnologia,0.03953596369107207
AMPLO_PROXY,Universo_EW,telecom,0.028119228905702037
AMPLO_PROXY,Universo_EW,transporte,0.0704787572721796
AMPLO_PROXY,Universo_EW,varejo,0.056044664861476856
AMPLO_PROXY,Valor,agrícola,0.0
AMPLO_PROXY,Valor,aviação,0.0
AMPLO_PROXY,Valor,banco,0.02
AMPLO_PROXY,Valor,construção,0.15
AMPLO_PROXY,Valor,consumo,0.01
AMPLO_PROXY,Valor,educação,0.06000000000000001
AMPLO_PROXY,Valor,energia,0.16
AMPLO_PROXY,Valor,financeiro,0.0
AMPLO_PROXY,Valor,indústria,0.04
AMPLO_PROXY,Valor,madeira-papel,0.0
AMPLO_PROXY,Valor,mineração,0.02
AMPLO_PROXY,Valor,petróleo,0.02
AMPLO_PROXY,Valor,proteína,0.02
AMPLO_PROXY,Valor,químico,0.02
AMPLO_PROXY,Valor,saneamento,0.01
AMPLO_PROXY,Valor,saúde,0.030000000000000006
AMPLO_PROXY,Valor,seguro,0.01
AMPLO_PROXY,Valor,shopping,0.07
AMPLO_PROXY,Valor,siderurgico,0.2
AMPLO_PROXY,Valor,supermercado,0.04
AMPLO_PROXY,Valor,tecnologia,0.01
AMPLO_PROXY,Valor,telecom,0.05
AMPLO_PROXY,Valor,transporte,0.01
AMPLO_PROXY,Valor,varejo,0.05
ISE,Baixa_Vol,agrícola,0.0
ISE,Baixa_Vol,aviação,0.0
ISE,Baixa_Vol,banco,0.11000000000000001
ISE,Baixa_Vol,construção,0.01
ISE,Baixa_Vol,consumo,0.01
ISE,Baixa_Vol,educação,0.0
ISE,Baixa_Vol,energia,0.34
ISE,Baixa_Vol,financeiro,0.09
ISE,Baixa_Vol,indústria,0.09
ISE,Baixa_Vol,madeira-papel,0.07
ISE,Baixa_Vol,mineração,0.0
ISE,Baixa_Vol,petróleo,0.0
ISE,Baixa_Vol,proteína,0.02
ISE,Baixa_Vol,químico,0.0
ISE,Baixa_Vol,saneamento,0.01
ISE,Baixa_Vol,saúde,0.06000000000000001
ISE,Baixa_Vol,seguro,0.0
ISE,Baixa_Vol,shopping,0.0
ISE,Baixa_Vol,siderurgico,0.0
ISE,Baixa_Vol,supermercado,0.0
ISE,Baixa_Vol,tecnologia,0.030000000000000006
ISE,Baixa_Vol,telecom,0.14
ISE,Baixa_Vol,transporte,0.0
ISE,Baixa_Vol,varejo,0.02
ISE,Momentum,agrícola,0.0
ISE,Momentum,aviação,0.0
ISE,Momentum,banco,0.12000000000000002
ISE,Momentum,construção,0.02
ISE,Momentum,consumo,0.06000000000000001
ISE,Momentum,educação,0.01
ISE,Momentum,energia,0.22000000000000003
ISE,Momentum,financeiro,0.01
ISE,Momentum,indústria,0.05
ISE,Momentum,madeira-papel,0.08
ISE,Momentum,mineração,0.0
ISE,Momentum,petróleo,0.0
ISE,Momentum,proteína,0.05
ISE,Momentum,químico,0.030000000000000006
ISE,Momentum,saneamento,0.04
ISE,Momentum,saúde,0.04
ISE,Momentum,seguro,0.02
ISE,Momentum,shopping,0.01
ISE,Momentum,siderurgico,0.0
ISE,Momentum,supermercado,0.02
ISE,Momentum,tecnologia,0.02
ISE,Momentum,telecom,0.030000000000000006
ISE,Momentum,transporte,0.10000000000000002
ISE,Momentum,varejo,0.07
ISE,Multifator,agrícola,0.0
ISE,Multifator,aviação,0.0
ISE,Multifator,banco,0.15
ISE,Multifator,construção,0.0
ISE,Multifator,consumo,0.0
ISE,Multifator,educação,0.0
ISE,Multifator,energia,0.45
ISE,Multifator,financeiro,0.09
ISE,Multifator,indústria,0.05
ISE,Multifator,madeira-papel,0.02
ISE,Multifator,mineração,0.0
ISE,Multifator,petróleo,0.0
ISE,Multifator,proteína,0.02
ISE,Multifator,químico,0.0
ISE,Multifator,saneamento,0.04
ISE,Multifator,saúde,0.02
ISE,Multifator,seguro,0.01
ISE,Multifator,shopping,0.01
ISE,Multifator,siderurgico,0.0
ISE,Multifator,supermercado,0.0
ISE,Multifator,tecnologia,0.01
ISE,Multifator,telecom,0.1
ISE,Multifator,transporte,0.01
ISE,Multifator,varejo,0.02
ISE,Qualidade,agrícola,0.02
ISE,Qualidade,aviação,0.030000000000000006
ISE,Qualidade,banco,0.14
ISE,Qualidade,construção,0.0
ISE,Qualidade,consumo,0.030000000000000006
ISE,Qualidade,educação,0.0
ISE,Qualidade,energia,0.22000000000000003
ISE,Qualidade,financeiro,0.04
ISE,Qualidade,indústria,0.09
ISE,Qualidade,madeira-papel,0.030000000000000006
ISE,Qualidade,mineração,0.0
ISE,Qualidade,petróleo,0.0
ISE,Qualidade,proteína,0.030000000000000006
ISE,Qualidade,químico,0.06000000000000001
ISE,Qualidade,saneamento,0.0
ISE,Qualidade,saúde,0.07
ISE,Qualidade,seguro,0.0
ISE,Qualidade,shopping,0.01
ISE,Qualidade,siderurgico,0.0
ISE,Qualidade,supermercado,0.0
ISE,Qualidade,tecnologia,0.030000000000000006
ISE,Qualidade,telecom,0.01
ISE,Qualidade,transporte,0.12000000000000002
ISE,Qualidade,varejo,0.07
ISE,Uniao_TCC,agrícola,0.005661881977671451
ISE,Uniao_TCC,aviação,0.008692185007974482
ISE,Uniao_TCC,banco,0.10798934957745025
ISE,Uniao_TCC,construção,0.03772753409824348
ISE,Uniao_TCC,consumo,0.033042083097003
ISE,Uniao_TCC,educação,0.008692185007974482
ISE,Uniao_TCC,energia,0.2644382177700256
ISE,Uniao_TCC,financeiro,0.03192320197812189
ISE,Uniao_TCC,indústria,0.0760557010579894
ISE,Uniao_TCC,madeira-papel,0.056866998921918835
ISE,Uniao_TCC,mineração,0.0
ISE,Uniao_TCC,petróleo,0.0
ISE,Uniao_TCC,proteína,0.03364271595850543
ISE,Uniao_TCC,químico,0.031051159366948845
ISE,Uniao_TCC,saneamento,0.012424242424242424
ISE,Uniao_TCC,saúde,0.04476457113528052
ISE,Uniao_TCC,seguro,0.007030303030303031
ISE,Uniao_TCC,shopping,0.005661881977671451
ISE,Uniao_TCC,siderurgico,0.008692185007974482
ISE,Uniao_TCC,supermercado,0.01836080099237994
ISE,Uniao_TCC,tecnologia,0.025360923676713148
ISE,Uniao_TCC,telecom,0.060662254772094595
ISE,Uniao_TCC,transporte,0.07024344009241035
ISE,Uniao_TCC,varejo,0.051016183071102984
ISE,Universo_EW,agrícola,0.008519024834814308
ISE,Universo_EW,aviação,0.006342845750740488
ISE,Universo_EW,banco,0.11674093693830537
ISE,Universo_EW,construção,0.032800736057315004
ISE,Universo_EW,consumo,0.04667063808511177
ISE,Universo_EW,educação,0.005575301891091364
ISE,Universo_EW,energia,0.2130475652515126
ISE,Universo_EW,financeiro,0.03016915710994658
ISE,Universo_EW,indústria,0.05148936102883471
ISE,Universo_EW,madeira-papel,0.0649216475532265
ISE,Universo_EW,mineração,0.0
ISE,Universo_EW,petróleo,0.0025
ISE,Universo_EW,proteína,0.03500441444520392
ISE,Universo_EW,químico,0.0332373389281284
ISE,Universo_EW,saneamento,0.011918147641831852
ISE,Universo_EW,saúde,0.04503102769550138
ISE,Universo_EW,seguro,0.009857456140350877
ISE,Universo_EW,shopping,0.005575301891091364
ISE,Universo_EW,siderurgico,0.004259512417407154
ISE,Universo_EW,supermercado,0.014418147641831853
ISE,Universo_EW,tecnologia,0.024593855218855216
ISE,Universo_EW,telecom,0.05181928938507886
ISE,Universo_EW,transporte,0.098692153363206
ISE,Universo_EW,varejo,0.08681614073061442
ISE,Valor,agrícola,0.0
ISE,Valor,aviação,0.0
ISE,Valor,banco,0.1
ISE,Valor,construção,0.11000000000000001
ISE,Valor,consumo,0.0
ISE,Valor,educação,0.030000000000000006
ISE,Valor,energia,0.39
ISE,Valor,financeiro,0.0
ISE,Valor,indústria,0.08
ISE,Valor,madeira-papel,0.04
ISE,Valor,mineração,0.0
ISE,Valor,petróleo,0.0
ISE,Valor,proteína,0.02
ISE,Valor,químico,0.02
ISE,Valor,saneamento,0.0
ISE,Valor,saúde,0.01
ISE,Valor,seguro,0.0
ISE,Valor,shopping,0.01
ISE,Valor,siderurgico,0.030000000000000006
ISE,Valor,supermercado,0.05
ISE,Valor,tecnologia,0.02
ISE,Valor,telecom,0.06000000000000001
ISE,Valor,transporte,0.0
ISE,Valor,varejo,0.030000000000000006
