Ano,Ticker_universo,Ticker_serie,Renomeado,Pregoes_observacao,Pregoes_posse,Elegivel,Ultimo_pregao,Situacao
2016,KLBN11,KLBN11,False,246,249,True,2016-12-29,ok
2016,EGIE3,EGIE3,False,246,249,True,2016-12-29,ok
2016,CPFE3,CPFE3,False,246,249,True,2016-12-29,ok
2016,LAME4,LAME4,False,246,249,True,2016-12-29,ok
2016,SULA11,SULA11,False,246,249,True,2016-12-29,ok
2016,EVEN3,EVEN3,False,246,249,True,2016-12-29,ok
2016,BRFS3,BRFS3,False,246,249,True,2016-12-29,ok
2016,TIMP3,TIMS3,True,246,249,True,2016-12-29,ok
2016,LREN3,LREN3,False,246,249,True,2016-12-29,ok
2016,ELET3,AXIA3,True,246,249,True,2016-12-29,ok
2016,CMIG4,CMIG4,False,246,249,True,2016-12-29,ok
2016,ITSA4,ITSA4,False,246,249,True,2016-12-29,ok
2016,WEGE3,WEGE3,False,246,249,True,2016-12-29,ok
2016,ELPL3,ELPL3,False,0,11,False,2016-12-28,poucos pregões
2016,CESP6,CESP6,False,246,249,True,2016-12-29,ok
2016,TIET11,AESB3,True,0,249,False,2016-12-29,poucos pregões
2016,BBDC4,BBDC4,False,246,249,True,2016-12-29,ok
2016,SANB11,SANB11,False,246,249,True,2016-12-29,ok
2016,BBAS3,BBAS3,False,246,249,True,2016-12-29,ok
2016,CCRO3,MOTV3,True,246,249,True,2016-12-29,ok
2016,VIVT3,VIVT3,False,246,249,True,2016-12-29,ok
2016,BRKM5,BRKM5,False,246,249,True,2016-12-29,ok
2016,ITUB4,ITUB4,False,246,249,True,2016-12-29,ok
2016,FLRY3,FLRY3,False,246,249,True,2016-12-29,ok
2016,EMBR3,EMBJ3,True,246,249,True,2016-12-29,ok
2016,FIBR3,FIBR3,False,242,242,True,2016-12-29,ok
2016,ENBR3,ENBR3,False,246,249,True,2016-12-29,ok
2016,DTEX3,DXCO3,True,246,249,True,2016-12-29,ok
2016,ECOR3,ECOR3,False,246,249,True,2016-12-29,ok
2016,CPLE6,CPLE3,True,246,249,True,2016-12-29,ok
2016,BTOW3,AMER3,True,246,249,True,2016-12-29,ok
2016,LIGT3,LIGT3,False,246,249,True,2016-12-29,ok
2016,CIEL3,CIEL3,False,246,249,True,2016-12-29,ok
2016,NATU3,NATU3,False,246,249,True,2016-12-29,ok
2017,KLBN11,KLBN11,False,249,246,True,2017-12-28,ok
2017,CPFE3,CPFE3,False,249,246,True,2017-12-28,ok
2017,LAME4,LAME4,False,249,246,True,2017-12-28,ok
2017,SULA11,SULA11,False,249,246,True,2017-12-28,ok
2017,BRFS3,BRFS3,False,249,246,True,2017-12-28,ok
2017,TIMP3,TIMS3,True,249,246,True,2017-12-28,ok
2017,LREN3,LREN3,False,249,246,True,2017-12-28,ok
2017,ELET3,AXIA3,True,249,246,True,2017-12-28,ok
2017,CMIG4,CMIG4,False,249,246,True,2017-12-28,ok
2017,ITSA4,ITSA4,False,249,246,True,2017-12-28,ok
2017,WEGE3,WEGE3,False,249,246,True,2017-12-28,ok
2017,CLSC4,CLSC4,False,249,246,True,2017-12-28,ok
2017,ELPL3,ELPL3,False,11,126,False,2017-12-28,poucos pregões
2017,TIET11,AESB3,True,249,246,True,2017-12-28,ok
2017,BBDC4,BBDC4,False,249,246,True,2017-12-28,ok
2017,SANB11,SANB11,False,249,246,True,2017-12-28,ok
2017,BBAS3,BBAS3,False,249,246,True,2017-12-28,ok
2017,CCRO3,MOTV3,True,249,246,True,2017-12-28,ok
2017,VIVT3,VIVT3,False,249,246,True,2017-12-28,ok
2017,BRKM5,BRKM5,False,249,246,True,2017-12-28,ok
2017,ITUB4,ITUB4,False,249,246,True,2017-12-28,ok
2017,FLRY3,FLRY3,False,249,246,True,2017-12-28,ok
2017,EMBR3,EMBJ3,True,249,246,True,2017-12-28,ok
2017,FIBR3,FIBR3,False,242,239,True,2017-12-28,ok
2017,ENBR3,ENBR3,False,249,246,True,2017-12-28,ok
2017,DTEX3,DXCO3,True,249,246,True,2017-12-28,ok
2017,ECOR3,ECOR3,False,249,246,True,2017-12-28,ok
2017,CPLE6,CPLE3,True,249,246,True,2017-12-28,ok
2017,BTOW3,AMER3,True,249,246,True,2017-12-28,ok
2017,MRVE3,MRVE3,False,249,246,True,2017-12-28,ok
2017,LIGT3,LIGT3,False,249,246,True,2017-12-28,ok
2017,CIEL3,CIEL3,False,249,246,True,2017-12-28,ok
2017,EGIE3,EGIE3,False,249,246,True,2017-12-28,ok
2017,NATU3,NATU3,False,249,246,True,2017-12-28,ok
2018,KLBN11,KLBN11,False,246,245,True,2018-12-28,ok
2018,CPFE3,CPFE3,False,246,245,True,2018-12-28,ok
2018,LAME4,LAME4,False,246,245,True,2018-12-28,ok
2018,TIMP3,TIMS3,True,246,245,True,2018-12-28,ok
2018,LREN3,LREN3,False,246,245,True,2018-12-28,ok
2018,CMIG4,CMIG4,False,246,245,True,2018-12-28,ok
2018,ITSA4,ITSA4,False,246,245,True,2018-12-28,ok
2018,WEGE3,WEGE3,False,246,245,True,2018-12-28,ok
2018,CLSC4,CLSC4,False,246,245,True,2018-12-28,ok
2018,ELPL3,ELPL3,False,126,245,False,2018-12-28,poucos pregões
2018,TIET11,AESB3,True,246,245,True,2018-12-28,ok
2018,BBDC4,BBDC4,False,246,245,True,2018-12-28,ok
2018,SANB11,SANB11,False,246,245,True,2018-12-28,ok
2018,BBAS3,BBAS3,False,246,245,True,2018-12-28,ok
2018,CCRO3,MOTV3,True,246,245,True,2018-12-28,ok
2018,VIVT3,VIVT3,False,246,245,True,2018-12-28,ok
2018,BRKM5,BRKM5,False,246,245,True,2018-12-28,ok
2018,ITUB4,ITUB4,False,246,245,True,2018-12-28,ok
2018,FLRY3,FLRY3,False,246,245,True,2018-12-28,ok
2018,FIBR3,FIBR3,False,239,238,True,2018-12-28,ok
2018,ENBR3,ENBR3,False,246,245,True,2018-12-28,ok
2018,DTEX3,DXCO3,True,246,245,True,2018-12-28,ok
2018,ECOR3,ECOR3,False,246,245,True,2018-12-28,ok
2018,CPLE6,CPLE3,True,246,245,True,2018-12-28,ok
2018,BTOW3,AMER3,True,246,245,True,2018-12-28,ok
2018,MRVE3,MRVE3,False,246,245,True,2018-12-28,ok
2018,LIGT3,LIGT3,False,246,245,True,2018-12-28,ok
2018,CIEL3,CIEL3,False,246,245,True,2018-12-28,ok
2018,EGIE3,EGIE3,False,246,245,True,2018-12-28,ok
2018,NATU3,NATU3,False,246,245,True,2018-12-28,ok
2019,KLBN11,KLBN11,False,245,248,True,2019-12-30,ok
2019,LAME4,LAME4,False,245,248,True,2019-12-30,ok
2019,TIMP3,TIMS3,True,245,248,True,2019-12-30,ok
2019,LREN3,LREN3,False,245,248,True,2019-12-30,ok
2019,ELET3,AXIA3,True,245,248,True,2019-12-30,ok
2019,CMIG4,CMIG4,False,245,248,True,2019-12-30,ok
2019,ITSA4,ITSA4,False,245,248,True,2019-12-30,ok
2019,WEGE3,WEGE3,False,245,248,True,2019-12-30,ok
2019,ELPL3,ELPL3,False,245,226,True,2019-11-26,deslistou no período
2019,TIET11,AESB3,True,245,248,True,2019-12-30,ok
2019,BBDC4,BBDC4,False,245,248,True,2019-12-30,ok
2019,SANB11,SANB11,False,245,248,True,2019-12-30,ok
2019,BBAS3,BBAS3,False,245,248,True,2019-12-30,ok
2019,CCRO3,MOTV3,True,245,248,True,2019-12-30,ok
2019,VIVT3,VIVT3,False,245,248,True,2019-12-30,ok
2019,BRKM5,BRKM5,False,245,248,True,2019-12-30,ok
2019,ITUB4,ITUB4,False,245,248,True,2019-12-30,ok
2019,FLRY3,FLRY3,False,245,248,True,2019-12-30,ok
2019,ENBR3,ENBR3,False,245,248,True,2019-12-30,ok
2019,DTEX3,DXCO3,True,245,248,True,2019-12-30,ok
2019,ECOR3,ECOR3,False,245,248,True,2019-12-30,ok
2019,CPLE6,CPLE3,True,245,248,True,2019-12-30,ok
2019,BTOW3,AMER3,True,245,248,True,2019-12-30,ok
2019,MRVE3,MRVE3,False,245,248,True,2019-12-30,ok
2019,LIGT3,LIGT3,False,245,248,True,2019-12-30,ok
2019,CIEL3,CIEL3,False,245,248,True,2019-12-30,ok
2019,EGIE3,EGIE3,False,245,248,True,2019-12-30,ok
2019,NATU3,NATU3,False,245,248,True,2019-12-30,ok
2020,KLBN11,KLBN11,False,248,248,True,2020-12-30,ok
2020,LAME4,LAME4,False,248,249,True,2020-12-30,ok
2020,BRFS3,BRFS3,False,248,249,True,2020-12-30,ok
2020,TIMP3,TIMS3,True,248,248,True,2020-12-30,ok
2020,LREN3,LREN3,False,248,248,True,2020-12-30,ok
2020,ELET3,AXIA3,True,248,248,True,2020-12-30,ok
2020,CMIG4,CMIG4,False,248,248,True,2020-12-30,ok
2020,ITSA4,ITSA4,False,248,248,True,2020-12-30,ok
2020,WEGE3,WEGE3,False,248,248,True,2020-12-30,ok
2020,TIET11,AESB3,True,248,249,True,2020-12-30,ok
2020,BBDC4,BBDC4,False,248,248,True,2020-12-30,ok
2020,SANB11,SANB11,False,248,248,True,2020-12-30,ok
2020,BBAS3,BBAS3,False,248,248,True,2020-12-30,ok
2020,CCRO3,MOTV3,True,248,249,True,2020-12-30,ok
2020,VIVT3,VIVT3,False,248,248,True,2020-12-30,ok
2020,BRKM5,BRKM5,False,248,248,True,2020-12-30,ok
2020,ITUB4,ITUB4,False,248,248,True,2020-12-30,ok
2020,FLRY3,FLRY3,False,248,248,True,2020-12-30,ok
2020,BRDT3,VBBR3,True,248,248,True,2020-12-30,ok
2020,ENBR3,ENBR3,False,248,249,True,2020-12-30,ok
2020,DTEX3,DXCO3,True,248,248,True,2020-12-30,ok
2020,ECOR3,ECOR3,False,248,248,True,2020-12-30,ok
2020,CPLE6,CPLE3,True,248,249,True,2020-12-30,ok
2020,BTOW3,AMER3,True,248,248,True,2020-12-30,ok
2020,MOVI3,MOVI3,False,248,248,True,2020-12-30,ok
2020,MRVE3,MRVE3,False,248,248,True,2020-12-30,ok
2020,LIGT3,LIGT3,False,248,248,True,2020-12-30,ok
2020,CIEL3,CIEL3,False,248,249,True,2020-12-30,ok
2020,EGIE3,EGIE3,False,248,248,True,2020-12-30,ok
2020,NATU3,NATU3,False,248,249,True,2020-12-30,ok
2021,KLBN11,KLBN11,False,248,247,True,2021-12-30,ok
2021,CPFE3,CPFE3,False,248,247,True,2021-12-30,ok
2021,LAME4,LAME4,False,249,247,True,2021-12-30,ok
2021,BRFS3,BRFS3,False,249,247,True,2021-12-30,ok
2021,TIMP3,TIMS3,True,248,247,True,2021-12-30,ok
2021,LREN3,LREN3,False,248,247,True,2021-12-30,ok
2021,ELET3,AXIA3,True,248,247,True,2021-12-30,ok
2021,CMIG4,CMIG4,False,248,247,True,2021-12-30,ok
2021,ITSA4,ITSA4,False,248,247,True,2021-12-30,ok
2021,WEGE3,WEGE3,False,248,247,True,2021-12-30,ok
2021,BBDC4,BBDC4,False,248,247,True,2021-12-30,ok
2021,SANB11,SANB11,False,248,247,True,2021-12-30,ok
2021,BBAS3,BBAS3,False,248,247,True,2021-12-30,ok
2021,CCRO3,MOTV3,True,249,247,True,2021-12-30,ok
2021,VIVT3,VIVT3,False,248,247,True,2021-12-30,ok
2021,BRKM5,BRKM5,False,248,247,True,2021-12-30,ok
2021,ITUB4,ITUB4,False,248,247,True,2021-12-30,ok
2021,FLRY3,FLRY3,False,248,247,True,2021-12-30,ok
2021,CSAN3,CSAN3,False,248,247,True,2021-12-30,ok
2021,PCAR3,PCAR3,False,248,247,True,2021-12-30,ok
2021,BPAC11,BPAC11,False,248,247,True,2021-12-30,ok
2021,BRDT3,VBBR3,True,248,247,True,2021-12-30,ok
2021,ENBR3,ENBR3,False,249,247,True,2021-12-30,ok
2021,PETR4,PETR4,False,248,247,True,2021-12-30,ok
2021,DTEX3,DXCO3,True,248,247,True,2021-12-30,ok
2021,ECOR3,ECOR3,False,248,247,True,2021-12-30,ok
2021,CPLE6,CPLE3,True,249,247,True,2021-12-30,ok
2021,BTOW3,AMER3,True,248,247,True,2021-12-30,ok
2021,MDIA3,MDIA3,False,248,247,True,2021-12-30,ok
2021,MRFG3,MBRF3,True,249,247,True,2021-12-30,ok
2021,MOVI3,MOVI3,False,248,247,True,2021-12-30,ok
2021,MRVE3,MRVE3,False,248,247,True,2021-12-30,ok
2021,LIGT3,LIGT3,False,248,247,True,2021-12-30,ok
2021,ASAI3,ASAI3,False,0,210,False,2021-12-30,poucos pregões
2021,CIEL3,CIEL3,False,249,247,True,2021-12-30,ok
2021,SUZB3,SUZB3,False,248,247,True,2021-12-30,ok
2021,EGIE3,EGIE3,False,248,247,True,2021-12-30,ok
2021,BEEF3,BEEF3,False,248,247,True,2021-12-30,ok
2021,NATU3,NATU3,False,249,247,True,2021-12-30,ok
2021,AESB3,AESB3,False,249,247,True,2021-12-30,ok
2021,NEOE3,NEOE3,False,248,247,True,2021-12-30,ok
2022,KLBN11,KLBN11,False,247,250,True,2022-12-29,ok
2022,CPFE3,CPFE3,False,247,250,True,2022-12-29,ok
2022,BRFS3,BRFS3,False,247,250,True,2022-12-29,ok
2022,SULA11,SULA11,False,247,246,True,2022-12-23,deslistou no período
2022,AMER3,AMER3,False,247,250,True,2022-12-29,ok
2022,TIMP3,TIMS3,True,247,250,True,2022-12-29,ok
2022,LREN3,LREN3,False,247,250,True,2022-12-29,ok
2022,ELET3,AXIA3,True,247,250,True,2022-12-29,ok
2022,CMIG4,CMIG4,False,247,250,True,2022-12-29,ok
2022,ITSA4,ITSA4,False,247,250,True,2022-12-29,ok
2022,WEGE3,WEGE3,False,247,250,True,2022-12-29,ok
2022,ARZZ3,AZZA3,True,247,250,True,2022-12-29,ok
2022,BBDC4,BBDC4,False,247,250,True,2022-12-29,ok
2022,SANB11,SANB11,False,247,250,True,2022-12-29,ok
2022,BBAS3,BBAS3,False,247,250,True,2022-12-29,ok
2022,CCRO3,MOTV3,True,247,250,True,2022-12-29,ok
2022,VIVT3,VIVT3,False,247,250,True,2022-12-29,ok
2022,BRKM5,BRKM5,False,247,250,True,2022-12-29,ok
2022,ITUB4,ITUB4,False,247,250,True,2022-12-29,ok
2022,FLRY3,FLRY3,False,247,250,True,2022-12-29,ok
2022,CSAN3,CSAN3,False,247,250,True,2022-12-29,ok
2022,SIMH3,SIMH3,False,247,250,True,2022-12-29,ok
2022,PCAR3,PCAR3,False,247,250,True,2022-12-29,ok
2022,BPAC11,BPAC11,False,247,250,True,2022-12-29,ok
2022,ENBR3,ENBR3,False,247,250,True,2022-12-29,ok
2022,MYPK3,MYPK3,False,247,250,True,2022-12-29,ok
2022,ECOR3,ECOR3,False,247,250,True,2022-12-29,ok
2022,CPLE6,CPLE3,True,247,250,True,2022-12-29,ok
2022,MDIA3,MDIA3,False,247,250,True,2022-12-29,ok
2022,AZUL4,AZUL3,True,247,250,True,2022-12-29,ok
2022,DXCO3,DXCO3,False,247,250,True,2022-12-29,ok
2022,MGLU3,MGLU3,False,247,250,True,2022-12-29,ok
2022,MRFG3,MBRF3,True,247,250,True,2022-12-29,ok
2022,MOVI3,MOVI3,False,247,250,True,2022-12-29,ok
2022,MRVE3,MRVE3,False,247,250,True,2022-12-29,ok
2022,VBBR3,VBBR3,False,247,250,True,2022-12-29,ok
2022,AMBP3,AMBP3,False,247,250,True,2022-12-29,ok
2022,LIGT3,LIGT3,False,247,250,True,2022-12-29,ok
2022,CIEL3,CIEL3,False,247,250,True,2022-12-29,ok
2022,SUZB3,SUZB3,False,247,250,True,2022-12-29,ok
2022,EGIE3,EGIE3,False,247,250,True,2022-12-29,ok
2022,BEEF3,BEEF3,False,247,250,True,2022-12-29,ok
2022,RADL3,RADL3,False,247,250,True,2022-12-29,ok
2022,NATU3,NATU3,False,247,250,True,2022-12-29,ok
2022,AESB3,AESB3,False,247,250,True,2022-12-29,ok
2022,NEOE3,NEOE3,False,247,250,True,2022-12-29,ok
2022,RAIL3,RAIL3,False,247,250,True,2022-12-29,ok
2022,VIIA3,BHIA3,True,247,250,True,2022-12-29,ok
2023,KLBN11,KLBN11,False,250,248,True,2023-12-28,ok
2023,CPFE3,CPFE3,False,250,248,True,2023-12-28,ok
2023,BRFS3,BRFS3,False,250,248,True,2023-12-28,ok
2023,AMER3,AMER3,False,250,248,True,2023-12-28,ok
2023,TIMS3,TIMS3,False,250,248,True,2023-12-28,ok
2023,LREN3,LREN3,False,250,248,True,2023-12-28,ok
2023,ELET3,AXIA3,True,250,248,True,2023-12-28,ok
2023,CMIG4,CMIG4,False,250,248,True,2023-12-28,ok
2023,ITSA4,ITSA4,False,250,248,True,2023-12-28,ok
2023,WEGE3,WEGE3,False,250,248,True,2023-12-28,ok
2023,ARZZ3,AZZA3,True,250,248,True,2023-12-28,ok
2023,B3SA3,B3SA3,False,250,248,True,2023-12-28,ok
2023,BBDC4,BBDC4,False,250,248,True,2023-12-28,ok
2023,SANB11,SANB11,False,250,248,True,2023-12-28,ok
2023,BBAS3,BBAS3,False,250,248,True,2023-12-28,ok
2023,CCRO3,MOTV3,True,250,248,True,2023-12-28,ok
2023,VIVT3,VIVT3,False,250,248,True,2023-12-28,ok
2023,ITUB4,ITUB4,False,250,248,True,2023-12-28,ok
2023,FLRY3,FLRY3,False,250,248,True,2023-12-28,ok
2023,CSAN3,CSAN3,False,250,248,True,2023-12-28,ok
2023,SIMH3,SIMH3,False,250,248,True,2023-12-28,ok
2023,PCAR3,PCAR3,False,250,248,True,2023-12-28,ok
2023,BPAC11,BPAC11,False,250,248,True,2023-12-28,ok
2023,CBAV3,CBAV3,False,250,248,True,2023-12-28,ok
2023,MYPK3,MYPK3,False,250,248,True,2023-12-28,ok
2023,ECOR3,ECOR3,False,250,248,True,2023-12-28,ok
2023,CPLE6,CPLE3,True,250,248,True,2023-12-28,ok
2023,MDIA3,MDIA3,False,250,248,True,2023-12-28,ok
2023,AZUL4,AZUL3,True,250,248,True,2023-12-28,ok
2023,DXCO3,DXCO3,False,250,248,True,2023-12-28,ok
2023,MGLU3,MGLU3,False,250,248,True,2023-12-28,ok
2023,MRFG3,MBRF3,True,250,248,True,2023-12-28,ok
2023,MOVI3,MOVI3,False,250,248,True,2023-12-28,ok
2023,MRVE3,MRVE3,False,250,248,True,2023-12-28,ok
2023,TRPL4,ISAE4,True,250,248,True,2023-12-28,ok
2023,VBBR3,VBBR3,False,250,248,True,2023-12-28,ok
2023,STBP3,STBP3,False,250,248,True,2023-12-28,ok
2023,AMBP3,AMBP3,False,250,248,True,2023-12-28,ok
2023,LIGT3,LIGT3,False,250,248,True,2023-12-28,ok
2023,RANI3,RANI3,False,250,248,True,2023-12-28,ok
2023,ASAI3,ASAI3,False,250,248,True,2023-12-28,ok
2023,CIEL3,CIEL3,False,250,248,True,2023-12-28,ok
2023,COGN3,COGN3,False,250,248,True,2023-12-28,ok
2023,HYPE3,HYPE3,False,250,248,True,2023-12-28,ok
2023,SUZB3,SUZB3,False,250,248,True,2023-12-28,ok
2023,DASA3,DASA3,False,250,248,True,2023-12-28,ok
2023,EGIE3,EGIE3,False,250,248,True,2023-12-28,ok
2023,VAMO3,VAMO3,False,250,248,True,2023-12-28,ok
2023,RAIZ4,RAIZ4,False,250,248,True,2023-12-28,ok
2023,BEEF3,BEEF3,False,250,248,True,2023-12-28,ok
2023,RADL3,RADL3,False,250,248,True,2023-12-28,ok
2023,NATU3,NATU3,False,250,248,True,2023-12-28,ok
2023,BPAN4,BPAN4,False,250,248,True,2023-12-28,ok
2023,AESB3,AESB3,False,250,248,True,2023-12-28,ok
2023,AERI3,AERI3,False,250,248,True,2023-12-28,ok
2023,NEOE3,NEOE3,False,250,248,True,2023-12-28,ok
2023,ALSO3,ALOS3,True,250,248,True,2023-12-28,ok
2023,ENEV3,ENEV3,False,250,248,True,2023-12-28,ok
2023,RDOR3,RDOR3,False,250,248,True,2023-12-28,ok
2023,RAIL3,RAIL3,False,250,248,True,2023-12-28,ok
2023,GUAR3,RIAA3,True,250,248,True,2023-12-28,ok
2023,SAPR11,SAPR11,False,250,248,True,2023-12-28,ok
2023,GRND3,GRND3,False,250,248,True,2023-12-28,ok
2023,SLCE3,SLCE3,False,250,248,True,2023-12-28,ok
2023,ABEV3,ABEV3,False,250,248,True,2023-12-28,ok
2023,GFSA3,GFSA3,False,250,248,True,2023-12-28,ok
2023,VIIA3,BHIA3,True,250,248,True,2023-12-28,ok
2024,KLBN11,KLBN11,False,248,251,True,2024-12-30,ok
2024,CPFE3,CPFE3,False,248,251,True,2024-12-30,ok
2024,BRFS3,BRFS3,False,248,251,True,2024-12-30,ok
2024,TIMS3,TIMS3,False,248,251,True,2024-12-30,ok
2024,LREN3,LREN3,False,248,251,True,2024-12-30,ok
2024,ELET3,AXIA3,True,248,251,True,2024-12-30,ok
2024,CMIG4,CMIG4,False,248,251,True,2024-12-30,ok
2024,ITSA4,ITSA4,False,248,251,True,2024-12-30,ok
2024,WEGE3,WEGE3,False,248,251,True,2024-12-30,ok
2024,B3SA3,B3SA3,False,248,251,True,2024-12-30,ok
2024,BBDC4,BBDC4,False,248,251,True,2024-12-30,ok
2024,SANB11,SANB11,False,248,251,True,2024-12-30,ok
2024,BBAS3,BBAS3,False,248,251,True,2024-12-30,ok
2024,CCRO3,MOTV3,True,248,251,True,2024-12-30,ok
2024,VIVT3,VIVT3,False,248,251,True,2024-12-30,ok
2024,ITUB4,ITUB4,False,248,251,True,2024-12-30,ok
2024,FLRY3,FLRY3,False,248,251,True,2024-12-30,ok
2024,CSAN3,CSAN3,False,248,251,True,2024-12-30,ok
2024,SIMH3,SIMH3,False,248,251,True,2024-12-30,ok
2024,PCAR3,PCAR3,False,248,251,True,2024-12-30,ok
2024,BPAC11,BPAC11,False,248,251,True,2024-12-30,ok
2024,CBAV3,CBAV3,False,248,251,True,2024-12-30,ok
2024,MYPK3,MYPK3,False,248,251,True,2024-12-30,ok
2024,ECOR3,ECOR3,False,248,251,True,2024-12-30,ok
2024,CPLE6,CPLE3,True,248,251,True,2024-12-30,ok
2024,MDIA3,MDIA3,False,248,251,True,2024-12-30,ok
2024,AZUL4,AZUL3,True,248,251,True,2024-12-30,ok
2024,DXCO3,DXCO3,False,248,251,True,2024-12-30,ok
2024,MGLU3,MGLU3,False,248,251,True,2024-12-30,ok
2024,MOVI3,MOVI3,False,248,251,True,2024-12-30,ok
2024,MRVE3,MRVE3,False,248,251,True,2024-12-30,ok
2024,VBBR3,VBBR3,False,248,251,True,2024-12-30,ok
2024,STBP3,STBP3,False,248,251,True,2024-12-30,ok
2024,AMBP3,AMBP3,False,248,251,True,2024-12-30,ok
2024,RANI3,RANI3,False,248,251,True,2024-12-30,ok
2024,ASAI3,ASAI3,False,248,251,True,2024-12-30,ok
2024,COGN3,COGN3,False,248,251,True,2024-12-30,ok
2024,HYPE3,HYPE3,False,248,251,True,2024-12-30,ok
2024,SUZB3,SUZB3,False,248,251,True,2024-12-30,ok
2024,DASA3,DASA3,False,248,251,True,2024-12-30,ok
2024,EGIE3,EGIE3,False,248,251,True,2024-12-30,ok
2024,VAMO3,VAMO3,False,248,251,True,2024-12-30,ok
2024,RAIZ4,RAIZ4,False,248,251,True,2024-12-30,ok
2024,BEEF3,BEEF3,False,248,251,True,2024-12-30,ok
2024,RADL3,RADL3,False,248,251,True,2024-12-30,ok
2024,NATU3,NATU3,False,248,251,True,2024-12-30,ok
2024,BPAN4,BPAN4,False,248,251,True,2024-12-30,ok
2024,ISAE4,ISAE4,False,248,251,True,2024-12-30,ok
2024,AERI3,AERI3,False,248,251,True,2024-12-30,ok
2024,NEOE3,NEOE3,False,248,251,True,2024-12-30,ok
2024,ALSO3,ALOS3,True,248,251,True,2024-12-30,ok
2024,ENEV3,ENEV3,False,248,251,True,2024-12-30,ok
2024,RDOR3,RDOR3,False,248,251,True,2024-12-30,ok
2024,PSSA3,PSSA3,False,248,251,True,2024-12-30,ok
2024,RAIL3,RAIL3,False,248,251,True,2024-12-30,ok
2024,GUAR3,RIAA3,True,248,251,True,2024-12-30,ok
2024,SAPR11,SAPR11,False,248,251,True,2024-12-30,ok
2024,GRND3,GRND3,False,248,251,True,2024-12-30,ok
2024,SLCE3,SLCE3,False,248,251,True,2024-12-30,ok
2024,ABEV3,ABEV3,False,248,251,True,2024-12-30,ok
2024,GFSA3,GFSA3,False,248,251,True,2024-12-30,ok
2024,CSMG3,CSMG3,False,248,251,True,2024-12-30,ok
2024,SRNA3,SRNA3,False,248,251,True,2024-12-30,ok
2024,IGTI11,IGTI11,False,248,251,True,2024-12-30,ok
2024,CAML3,CAML3,False,248,251,True,2024-12-30,ok
2024,CRFB3,CRFB3,False,248,251,True,2024-12-30,ok
2024,JSLG3,JSLG3,False,248,251,True,2024-12-30,ok
2024,AURE3,AURE3,False,248,251,True,2024-12-30,ok
2024,YDUQ3,YDUQ3,False,248,251,True,2024-12-30,ok
2024,UGPA3,UGPA3,False,248,251,True,2024-12-30,ok
2024,AZZA3,AZZA3,False,248,251,True,2024-12-30,ok
2024,USIM5,USIM5,False,248,251,True,2024-12-30,ok
2024,MTRE3,MTRE3,False,248,251,True,2024-12-30,ok
2024,CEAB3,CEAB3,False,248,251,True,2024-12-30,ok
2024,BHIA3,BHIA3,False,248,251,True,2024-12-30,ok
2025,ALOS3,ALOS3,False,251,250,True,2025-12-30,ok
2025,AURE3,AURE3,False,251,250,True,2025-12-30,ok
2025,AXIA3,AXIA3,False,251,250,True,2025-12-30,ok
2025,AZZA3,AZZA3,False,251,250,True,2025-12-30,ok
2025,B3SA3,B3SA3,False,251,250,True,2025-12-30,ok
2025,BBAS3,BBAS3,False,251,250,True,2025-12-30,ok
2025,BBDC4,BBDC4,False,251,250,True,2025-12-30,ok
2025,BRKM5,BRKM5,False,251,250,True,2025-12-30,ok
2025,BPAC11,BPAC11,False,251,250,True,2025-12-30,ok
2025,CEAB3,CEAB3,False,251,250,True,2025-12-30,ok
2025,CAML3,CAML3,False,251,250,True,2025-12-30,ok
2025,BHIA3,BHIA3,False,251,250,True,2025-12-30,ok
2025,CMIG4,CMIG4,False,251,250,True,2025-12-30,ok
2025,CBAV3,CBAV3,False,251,250,True,2025-12-30,ok
2025,COGN3,COGN3,False,251,250,True,2025-12-30,ok
2025,CSMG3,CSMG3,False,251,250,True,2025-12-30,ok
2025,CPLE6,CPLE3,True,251,250,True,2025-12-30,ok
2025,CSAN3,CSAN3,False,251,250,True,2025-12-30,ok
2025,CPFE3,CPFE3,False,251,250,True,2025-12-30,ok
2025,CYRE3,CYRE3,False,251,250,True,2025-12-30,ok
2025,DXCO3,DXCO3,False,251,250,True,2025-12-30,ok
2025,ECOR3,ECOR3,False,251,250,True,2025-12-30,ok
2025,ENEV3,ENEV3,False,251,250,True,2025-12-30,ok
2025,EGIE3,EGIE3,False,251,250,True,2025-12-30,ok
2025,EQTL3,EQTL3,False,251,250,True,2025-12-30,ok
2025,FLRY3,FLRY3,False,251,250,True,2025-12-30,ok
2025,GFSA3,GFSA3,False,251,250,True,2025-12-30,ok
2025,GUAR3,RIAA3,True,251,250,True,2025-12-30,ok
2025,HBSA3,HBSA3,False,251,250,True,2025-12-30,ok
2025,HYPE3,HYPE3,False,251,250,True,2025-12-30,ok
2025,IGTI11,IGTI11,False,251,250,True,2025-12-30,ok
2025,MYPK3,MYPK3,False,251,250,True,2025-12-30,ok
2025,RANI3,RANI3,False,251,250,True,2025-12-30,ok
2025,ISAE4,ISAE4,False,251,250,True,2025-12-30,ok
2025,ITUB4,ITUB4,False,251,250,True,2025-12-30,ok
2025,ITSA4,ITSA4,False,251,250,True,2025-12-30,ok
2025,JSLG3,JSLG3,False,251,250,True,2025-12-30,ok
2025,KLBN11,KLBN11,False,251,250,True,2025-12-30,ok
2025,LJQQ3,LJQQ3,False,251,250,True,2025-12-30,ok
2025,LREN3,LREN3,False,251,250,True,2025-12-30,ok
2025,MDIA3,MDIA3,False,251,250,True,2025-12-30,ok
2025,MGLU3,MGLU3,False,251,250,True,2025-12-30,ok
2025,MRFG3,MBRF3,True,251,250,True,2025-12-30,ok
2025,BEEF3,BEEF3,False,251,250,True,2025-12-30,ok
2025,MTRE3,MTRE3,False,251,250,True,2025-12-30,ok
2025,MOTV3,MOTV3,False,251,250,True,2025-12-30,ok
2025,MOVI3,MOVI3,False,251,250,True,2025-12-30,ok
2025,MRVE3,MRVE3,False,251,250,True,2025-12-30,ok
2025,NTCO3,NATU3,True,251,250,True,2025-12-30,ok
2025,OPCT3,OPCT3,False,251,250,True,2025-12-30,ok
2025,ODPV3,ODPV3,False,251,250,True,2025-12-30,ok
2025,PTBL3,PTBL3,False,251,250,True,2025-12-30,ok
2025,PSSA3,PSSA3,False,251,250,True,2025-12-30,ok
2025,RADL3,RADL3,False,251,250,True,2025-12-30,ok
2025,RDOR3,RDOR3,False,251,250,True,2025-12-30,ok
2025,RAIL3,RAIL3,False,251,250,True,2025-12-30,ok
2025,SBSP3,SBSP3,False,251,250,True,2025-12-30,ok
2025,SAPR11,SAPR11,False,251,250,True,2025-12-30,ok
2025,SANB11,SANB11,False,251,250,True,2025-12-30,ok
2025,SIMH3,SIMH3,False,251,250,True,2025-12-30,ok
2025,SLCE3,SLCE3,False,251,250,True,2025-12-30,ok
2025,VIVT3,VIVT3,False,251,250,True,2025-12-30,ok
2025,TIMS3,TIMS3,False,251,250,True,2025-12-30,ok
2025,TTEN3,TTEN3,False,251,250,True,2025-12-30,ok
2025,UGPA3,UGPA3,False,251,250,True,2025-12-30,ok
2025,USIM5,USIM5,False,251,250,True,2025-12-30,ok
2025,VAMO3,VAMO3,False,251,250,True,2025-12-30,ok
2025,VBBR3,VBBR3,False,251,250,True,2025-12-30,ok
2025,WEGE3,WEGE3,False,251,250,True,2025-12-30,ok
2025,YDUQ3,YDUQ3,False,251,250,True,2025-12-30,ok
2025,AZUL4,AZUL3,True,251,250,True,2025-12-30,ok
2025,CRFB3,CRFB3,False,251,102,True,2025-05-30,deslistou no período
2025,BRFS3,BRFS3,False,251,182,True,2025-09-22,deslistou no período
2025,STBP3,STBP3,False,251,190,True,2025-10-02,deslistou no período
2025,AMBP3,AMBP3,False,251,250,True,2025-12-30,ok
2025,SRNA3,SRNA3,False,251,220,True,2025-11-13,deslistou no período
2025,PORT3,PORT3,False,251,233,True,2025-12-03,deslistou no período
2025,BPAN4,BPAN4,False,251,250,True,2025-12-30,ok
2025,NEOE3,NEOE3,False,251,250,True,2025-12-30,ok
2025,PCAR3,PCAR3,False,251,250,True,2025-12-30,ok
2025,RAIZ4,RAIZ4,False,251,250,True,2025-12-30,ok
