Ano,Data_Sinal,Data_Compra,Planilhao,N_universo,Momentum_carteira,Momentum_turnover,Baixa_Vol_carteira,Baixa_Vol_turnover,Valor_carteira,Valor_turnover,Qualidade_carteira,Qualidade_turnover,Multifator_carteira,Multifator_turnover,Uniao_TCC_carteira,Uniao_TCC_turnover
2016,2015-12-30,2016-01-04,2015-12-30,30,"KLBN11, BRKM5, SULA11, ENBR3, SANB11, EMBJ3, LAME4, LREN3, CIEL3, AXIA3",0.5,"BRFS3, KLBN11, WEGE3, CIEL3, EMBJ3, FLRY3, ITSA4, ITUB4, LREN3, VIVT3",0.5,"AXIA3, CPLE3, EVEN3, CMIG4, LIGT3, BBAS3, CESP6, SANB11, ENBR3, DXCO3",0.5,"LREN3, BRKM5, CMIG4, ITSA4, NATU3, ENBR3, CIEL3, ITUB4, MOTV3, LAME4",0.5,"ENBR3, ITSA4, LREN3, ITUB4, CIEL3, BRFS3, KLBN11, SULA11, WEGE3, EMBJ3",0.5,"AXIA3, BBAS3, BRFS3, BRKM5, CESP6, CIEL3, CMIG4, CPLE3, DXCO3, EMBJ3, ENBR3, EVEN3, FLRY3, ITSA4, ITUB4, KLBN11, LAME4, LIGT3, LREN3, MOTV3, NATU3, SANB11, SULA11, VIVT3, WEGE3",0.5
2017,2016-12-29,2017-01-02,2016-12-29,32,"AXIA3, FLRY3, BBAS3, SANB11, LIGT3, CLSC4, ECOR3, CPFE3, BBDC4, ITUB4",0.8,"EGIE3, CPFE3, ENBR3, AESB3, BRFS3, MRVE3, FLRY3, WEGE3, LREN3, CIEL3",0.5603,"CLSC4, CPLE3, AXIA3, CMIG4, ENBR3, MRVE3, VIVT3, EMBJ3, LIGT3, DXCO3",0.4959,"BBDC4, BRKM5, ITUB4, EGIE3, AESB3, MOTV3, BBAS3, NATU3, LREN3, SANB11",0.5255,"ENBR3, SANB11, AXIA3, ITUB4, FLRY3, CLSC4, BBDC4, CPFE3, ITSA4, BBAS3",0.7,"AESB3, AXIA3, BBAS3, BBDC4, BRFS3, BRKM5, CIEL3, CLSC4, CMIG4, CPFE3, CPLE3, DXCO3, ECOR3, EGIE3, EMBJ3, ENBR3, FLRY3, ITUB4, LIGT3, LREN3, MOTV3, MRVE3, NATU3, SANB11, VIVT3, WEGE3",0.348
2018,2017-12-28,2018-01-02,2017-12-28,28,"AMER3, FLRY3, CLSC4, TIMS3, LREN3, WEGE3, ECOR3, NATU3, MRVE3, DXCO3",0.7,"EGIE3, CPFE3, TIMS3, AESB3, ITSA4, ENBR3, ITUB4, VIVT3, WEGE3, CIEL3",0.4939,"CPLE3, CLSC4, CMIG4, ENBR3, VIVT3, LIGT3, BBAS3, MRVE3, SANB11, DXCO3",0.2567,"EGIE3, ITUB4, LREN3, BBDC4, ECOR3, BRKM5, FLRY3, CIEL3, MOTV3, CLSC4",0.4289,"ITUB4, ITSA4, CLSC4, EGIE3, BBDC4, TIMS3, LREN3, VIVT3, FLRY3, ENBR3",0.4159,"AESB3, AMER3, BBAS3, BBDC4, BRKM5, CIEL3, CLSC4, CMIG4, CPFE3, CPLE3, DXCO3, ECOR3, EGIE3, ENBR3, FLRY3, ITSA4, ITUB4, LIGT3, LREN3, MOTV3, MRVE3, NATU3, SANB11, TIMS3, VIVT3, WEGE3",0.183
2019,2018-12-28,2019-01-02,2018-12-28,27,"CMIG4, AMER3, CPLE3, BBAS3, NATU3, SANB11, EGIE3, DXCO3, ITSA4, ITUB4",0.7,"EGIE3, KLBN11, AESB3, VIVT3, WEGE3, ITUB4, CPLE3, ITSA4, BBDC4, TIMS3",0.3504,"CPLE3, AXIA3, MRVE3, ENBR3, VIVT3, LIGT3, CMIG4, BBAS3, TIMS3, DXCO3",0.3031,"BRKM5, LREN3, EGIE3, BBDC4, BBAS3, ITUB4, FLRY3, ITSA4, CIEL3, ECOR3",0.3234,"EGIE3, ITUB4, CPLE3, VIVT3, ITSA4, BBDC4, BBAS3, SANB11, CMIG4, ENBR3",0.4187,"AESB3, AMER3, AXIA3, BBAS3, BBDC4, BRKM5, CIEL3, CMIG4, CPLE3, DXCO3, ECOR3, EGIE3, ENBR3, FLRY3, ITSA4, ITUB4, KLBN11, LIGT3, LREN3, MRVE3, NATU3, SANB11, TIMS3, VIVT3, WEGE3",0.2101
2020,2019-12-30,2020-01-02,2019-12-30,30,"CPLE3, MOVI3, WEGE3, MRVE3, AESB3, NATU3, ECOR3, MOTV3, AXIA3, FLRY3",0.8,"AESB3, VIVT3, ITSA4, ITUB4, EGIE3, KLBN11, WEGE3, TIMS3, ENBR3, SANB11",0.2899,"AXIA3, LIGT3, CPLE3, CMIG4, VIVT3, ENBR3, BBAS3, SANB11, MRVE3, BBDC4",0.2766,"LREN3, ITUB4, SANB11, BBAS3, EGIE3, FLRY3, BBDC4, AXIA3, ITSA4, WEGE3",0.3298,"CPLE3, AESB3, ENBR3, ITSA4, EGIE3, WEGE3, ITUB4, SANB11, AXIA3, FLRY3",0.4454,"AESB3, AXIA3, BBAS3, BBDC4, CMIG4, CPLE3, ECOR3, EGIE3, ENBR3, FLRY3, ITSA4, ITUB4, KLBN11, LIGT3, LREN3, MOTV3, MOVI3, MRVE3, NATU3, SANB11, TIMS3, VIVT3, WEGE3",0.1868
2021,2020-12-30,2021-01-04,2020-12-30,40,"WEGE3, MBRF3, KLBN11, SUZB3, NATU3, BPAC11, AMER3, AESB3, CMIG4, DXCO3",0.7,"EGIE3, ENBR3, VIVT3, CPFE3, ITSA4, FLRY3, TIMS3, NEOE3, KLBN11, ITUB4",0.4072,"AXIA3, CPLE3, BBAS3, NEOE3, ENBR3, LIGT3, VIVT3, CIEL3, PCAR3, CMIG4",0.3262,"MBRF3, WEGE3, EGIE3, AESB3, CPFE3, BEEF3, LREN3, ECOR3, ITSA4, CPLE3",0.6484,"CPLE3, ENBR3, CPFE3, VIVT3, CMIG4, TIMS3, AESB3, ITSA4, WEGE3, EGIE3",0.4536,"AESB3, AMER3, AXIA3, BBAS3, BEEF3, BPAC11, CIEL3, CMIG4, CPFE3, CPLE3, DXCO3, ECOR3, EGIE3, ENBR3, FLRY3, ITSA4, ITUB4, KLBN11, LIGT3, LREN3, MBRF3, NATU3, NEOE3, PCAR3, SUZB3, TIMS3, VIVT3, WEGE3",0.3649
2022,2021-12-30,2022-01-03,2021-12-30,48,"BRKM5, PCAR3, MBRF3, AMBP3, SIMH3, BEEF3, AZZA3, VIVT3, CMIG4, CSAN3",0.8,"EGIE3, ENBR3, VIVT3, NEOE3, TIMS3, ITSA4, CPFE3, KLBN11, MDIA3, CPLE3",0.2095,"PCAR3, LIGT3, MYPK3, BBAS3, CIEL3, AXIA3, CPLE3, NEOE3, MRVE3, ENBR3",0.3338,"BRKM5, MBRF3, WEGE3, VBBR3, EGIE3, CMIG4, RADL3, DXCO3, AZZA3, CPFE3",0.6087,"ENBR3, CMIG4, CPLE3, VIVT3, NEOE3, ITSA4, MBRF3, CPFE3, TIMS3, EGIE3",0.2208,"AMBP3, AXIA3, AZZA3, BBAS3, BEEF3, BRKM5, CIEL3, CMIG4, CPFE3, CPLE3, CSAN3, DXCO3, EGIE3, ENBR3, ITSA4, KLBN11, LIGT3, MBRF3, MDIA3, MRVE3, MYPK3, NEOE3, PCAR3, RADL3, SIMH3, TIMS3, VBBR3, VIVT3, WEGE3",0.3763
2023,2022-12-29,2023-01-02,2022-12-29,67,"CIEL3, HYPE3, MDIA3, ASAI3, CPFE3, BBAS3, RANI3, CMIG4, AXIA3, BEEF3",0.8,"ISAE4, EGIE3, VIVT3, ITSA4, TIMS3, ABEV3, AESB3, ITUB4, NEOE3, SANB11",0.5494,"MBRF3, LIGT3, GFSA3, PCAR3, COGN3, MYPK3, MRVE3, ALOS3, AMER3, BBAS3",0.6562,"SLCE3, RANI3, AZUL3, WEGE3, MOTV3, CPFE3, RADL3, STBP3, CBAV3, KLBN11",0.7,"ISAE4, SAPR11, NEOE3, ITSA4, CPFE3, CMIG4, RANI3, TIMS3, CPLE3, SLCE3",0.4083,"ABEV3, AESB3, ALOS3, AMER3, ASAI3, AXIA3, AZUL3, BBAS3, BEEF3, CBAV3, CIEL3, CMIG4, COGN3, CPFE3, EGIE3, GFSA3, HYPE3, ISAE4, ITSA4, ITUB4, KLBN11, LIGT3, MBRF3, MDIA3, MOTV3, MRVE3, MYPK3, NEOE3, PCAR3, RADL3, RANI3, SANB11, SLCE3, STBP3, TIMS3, VIVT3, WEGE3",0.4853
2024,2023-12-28,2024-01-02,2023-12-28,75,"CEAB3, JSLG3, YDUQ3, UGPA3, ECOR3, MTRE3, BBAS3, SAPR11, BRFS3, BPAC11",0.9,"AURE3, EGIE3, ABEV3, ISAE4, ITSA4, VIVT3, KLBN11, SAPR11, CPFE3, RADL3",0.5387,"PCAR3, GFSA3, USIM5, MYPK3, COGN3, CBAV3, MTRE3, RIAA3, CSAN3, AERI3",0.7212,"AZUL3, ALOS3, WEGE3, CPFE3, STBP3, RADL3, EGIE3, RANI3, SLCE3, ABEV3",0.3388,"SAPR11, ALOS3, ITSA4, NEOE3, ISAE4, TIMS3, CSMG3, VIVT3, CMIG4, BBAS3",0.4285,"ABEV3, AERI3, ALOS3, AURE3, AZUL3, BBAS3, BPAC11, BRFS3, CBAV3, CEAB3, COGN3, CPFE3, CSAN3, ECOR3, EGIE3, GFSA3, ISAE4, ITSA4, JSLG3, KLBN11, MTRE3, MYPK3, PCAR3, RADL3, RANI3, RIAA3, SAPR11, SLCE3, STBP3, UGPA3, USIM5, VIVT3, WEGE3, YDUQ3",0.4944
2025,2024-12-30,2025-01-02,2024-12-30,80,"AMBP3, MBRF3, BRFS3, STBP3, WEGE3, CMIG4, PSSA3, TTEN3, KLBN11, SBSP3",0.9,"BBAS3, EGIE3, AURE3, ITUB4, ITSA4, CPFE3, KLBN11, NEOE3, PORT3, ISAE4",0.4439,"GFSA3, BHIA3, COGN3, USIM5, MTRE3, CSAN3, PCAR3, MYPK3, MRVE3, SIMH3",0.4576,"AZUL3, VBBR3, WEGE3, SBSP3, CMIG4, STBP3, RADL3, EGIE3, CPFE3, TIMS3",0.5099,"NEOE3, ISAE4, ITSA4, CMIG4, SAPR11, SBSP3, VBBR3, CSMG3, AXIA3, CPLE3",0.4187,"AMBP3, AURE3, AZUL3, BBAS3, BHIA3, BRFS3, CMIG4, COGN3, CPFE3, CSAN3, EGIE3, GFSA3, ISAE4, ITSA4, ITUB4, KLBN11, MBRF3, MRVE3, MTRE3, MYPK3, NEOE3, PCAR3, PORT3, PSSA3, RADL3, SBSP3, SIMH3, STBP3, TIMS3, TTEN3, USIM5, VBBR3, WEGE3",0.5402
