Ano,Estrategia,Ticker,Setor,Peso
2016,Momentum,KLBN11,madeira-papel,0.1
2016,Momentum,BRKM5,químico,0.1
2016,Momentum,SULA11,seguro,0.1
2016,Momentum,ENBR3,energia,0.1
2016,Momentum,SANB11,banco,0.1
2016,Momentum,EMBJ3,indústria,0.1
2016,Momentum,LAME4,varejo,0.1
2016,Momentum,LREN3,varejo,0.1
2016,Momentum,CIEL3,tecnologia,0.1
2016,Momentum,AXIA3,energia,0.1
2016,Baixa_Vol,BRFS3,proteína,0.1
2016,Baixa_Vol,KLBN11,madeira-papel,0.1
2016,Baixa_Vol,WEGE3,indústria,0.1
2016,Baixa_Vol,CIEL3,tecnologia,0.1
2016,Baixa_Vol,EMBJ3,indústria,0.1
2016,Baixa_Vol,FLRY3,saúde,0.1
2016,Baixa_Vol,ITSA4,financeiro,0.1
2016,Baixa_Vol,ITUB4,banco,0.1
2016,Baixa_Vol,LREN3,varejo,0.1
2016,Baixa_Vol,VIVT3,telecom,0.1
2016,Valor,AXIA3,energia,0.1
2016,Valor,CPLE3,energia,0.1
2016,Valor,EVEN3,construção,0.1
2016,Valor,CMIG4,energia,0.1
2016,Valor,LIGT3,energia,0.1
2016,Valor,BBAS3,banco,0.1
2016,Valor,CESP6,energia,0.1
2016,Valor,SANB11,banco,0.1
2016,Valor,ENBR3,energia,0.1
2016,Valor,DXCO3,madeira-papel,0.1
2016,Qualidade,LREN3,varejo,0.1
2016,Qualidade,BRKM5,químico,0.1
2016,Qualidade,CMIG4,energia,0.1
2016,Qualidade,ITSA4,financeiro,0.1
2016,Qualidade,NATU3,consumo,0.1
2016,Qualidade,ENBR3,energia,0.1
2016,Qualidade,CIEL3,tecnologia,0.1
2016,Qualidade,ITUB4,banco,0.1
2016,Qualidade,MOTV3,transporte,0.1
2016,Qualidade,LAME4,varejo,0.1
2016,Multifator,ENBR3,energia,0.1
2016,Multifator,ITSA4,financeiro,0.1
2016,Multifator,LREN3,varejo,0.1
2016,Multifator,ITUB4,banco,0.1
2016,Multifator,CIEL3,tecnologia,0.1
2016,Multifator,BRFS3,proteína,0.1
2016,Multifator,KLBN11,madeira-papel,0.1
2016,Multifator,SULA11,seguro,0.1
2016,Multifator,WEGE3,indústria,0.1
2016,Multifator,EMBJ3,indústria,0.1
2016,Uniao_TCC,AXIA3,energia,0.04
2016,Uniao_TCC,BBAS3,banco,0.04
2016,Uniao_TCC,BRFS3,proteína,0.04
2016,Uniao_TCC,BRKM5,químico,0.04
2016,Uniao_TCC,CESP6,energia,0.04
2016,Uniao_TCC,CIEL3,tecnologia,0.04
2016,Uniao_TCC,CMIG4,energia,0.04
2016,Uniao_TCC,CPLE3,energia,0.04
2016,Uniao_TCC,DXCO3,madeira-papel,0.04
2016,Uniao_TCC,EMBJ3,indústria,0.04
2016,Uniao_TCC,ENBR3,energia,0.04
2016,Uniao_TCC,EVEN3,construção,0.04
2016,Uniao_TCC,FLRY3,saúde,0.04
2016,Uniao_TCC,ITSA4,financeiro,0.04
2016,Uniao_TCC,ITUB4,banco,0.04
2016,Uniao_TCC,KLBN11,madeira-papel,0.04
2016,Uniao_TCC,LAME4,varejo,0.04
2016,Uniao_TCC,LIGT3,energia,0.04
2016,Uniao_TCC,LREN3,varejo,0.04
2016,Uniao_TCC,MOTV3,transporte,0.04
2016,Uniao_TCC,NATU3,consumo,0.04
2016,Uniao_TCC,SANB11,banco,0.04
2016,Uniao_TCC,SULA11,seguro,0.04
2016,Uniao_TCC,VIVT3,telecom,0.04
2016,Uniao_TCC,WEGE3,indústria,0.04
2017,Momentum,AXIA3,energia,0.1
2017,Momentum,FLRY3,saúde,0.1
2017,Momentum,BBAS3,banco,0.1
2017,Momentum,SANB11,banco,0.1
2017,Momentum,LIGT3,energia,0.1
2017,Momentum,CLSC4,energia,0.1
2017,Momentum,ECOR3,transporte,0.1
2017,Momentum,CPFE3,energia,0.1
2017,Momentum,BBDC4,banco,0.1
2017,Momentum,ITUB4,banco,0.1
2017,Baixa_Vol,EGIE3,energia,0.1
2017,Baixa_Vol,CPFE3,energia,0.1
2017,Baixa_Vol,ENBR3,energia,0.1
2017,Baixa_Vol,AESB3,energia,0.1
2017,Baixa_Vol,BRFS3,proteína,0.1
2017,Baixa_Vol,MRVE3,construção,0.1
2017,Baixa_Vol,FLRY3,saúde,0.1
2017,Baixa_Vol,WEGE3,indústria,0.1
2017,Baixa_Vol,LREN3,varejo,0.1
2017,Baixa_Vol,CIEL3,tecnologia,0.1
2017,Valor,CLSC4,energia,0.1
2017,Valor,CPLE3,energia,0.1
2017,Valor,AXIA3,energia,0.1
2017,Valor,CMIG4,energia,0.1
2017,Valor,ENBR3,energia,0.1
2017,Valor,MRVE3,construção,0.1
2017,Valor,VIVT3,telecom,0.1
2017,Valor,EMBJ3,indústria,0.1
2017,Valor,LIGT3,energia,0.1
2017,Valor,DXCO3,madeira-papel,0.1
2017,Qualidade,BBDC4,banco,0.1
2017,Qualidade,BRKM5,químico,0.1
2017,Qualidade,ITUB4,banco,0.1
2017,Qualidade,EGIE3,energia,0.1
2017,Qualidade,AESB3,energia,0.1
2017,Qualidade,MOTV3,transporte,0.1
2017,Qualidade,BBAS3,banco,0.1
2017,Qualidade,NATU3,consumo,0.1
2017,Qualidade,LREN3,varejo,0.1
2017,Qualidade,SANB11,banco,0.1
2017,Multifator,ENBR3,energia,0.1
2017,Multifator,SANB11,banco,0.1
2017,Multifator,AXIA3,energia,0.1
2017,Multifator,ITUB4,banco,0.1
2017,Multifator,FLRY3,saúde,0.1
2017,Multifator,CLSC4,energia,0.1
2017,Multifator,BBDC4,banco,0.1
2017,Multifator,CPFE3,energia,0.1
2017,Multifator,ITSA4,financeiro,0.1
2017,Multifator,BBAS3,banco,0.1
2017,Uniao_TCC,AESB3,energia,0.0385
2017,Uniao_TCC,AXIA3,energia,0.0385
2017,Uniao_TCC,BBAS3,banco,0.0385
2017,Uniao_TCC,BBDC4,banco,0.0385
2017,Uniao_TCC,BRFS3,proteína,0.0385
2017,Uniao_TCC,BRKM5,químico,0.0385
2017,Uniao_TCC,CIEL3,tecnologia,0.0385
2017,Uniao_TCC,CLSC4,energia,0.0385
2017,Uniao_TCC,CMIG4,energia,0.0385
2017,Uniao_TCC,CPFE3,energia,0.0385
2017,Uniao_TCC,CPLE3,energia,0.0385
2017,Uniao_TCC,DXCO3,madeira-papel,0.0385
2017,Uniao_TCC,ECOR3,transporte,0.0385
2017,Uniao_TCC,EGIE3,energia,0.0385
2017,Uniao_TCC,EMBJ3,indústria,0.0385
2017,Uniao_TCC,ENBR3,energia,0.0385
2017,Uniao_TCC,FLRY3,saúde,0.0385
2017,Uniao_TCC,ITUB4,banco,0.0385
2017,Uniao_TCC,LIGT3,energia,0.0385
2017,Uniao_TCC,LREN3,varejo,0.0385
2017,Uniao_TCC,MOTV3,transporte,0.0385
2017,Uniao_TCC,MRVE3,construção,0.0385
2017,Uniao_TCC,NATU3,consumo,0.0385
2017,Uniao_TCC,SANB11,banco,0.0385
2017,Uniao_TCC,VIVT3,telecom,0.0385
2017,Uniao_TCC,WEGE3,indústria,0.0385
2018,Momentum,AMER3,varejo,0.1
2018,Momentum,FLRY3,saúde,0.1
2018,Momentum,CLSC4,energia,0.1
2018,Momentum,TIMS3,telecom,0.1
2018,Momentum,LREN3,varejo,0.1
2018,Momentum,WEGE3,indústria,0.1
2018,Momentum,ECOR3,transporte,0.1
2018,Momentum,NATU3,consumo,0.1
2018,Momentum,MRVE3,construção,0.1
2018,Momentum,DXCO3,madeira-papel,0.1
2018,Baixa_Vol,EGIE3,energia,0.1
2018,Baixa_Vol,CPFE3,energia,0.1
2018,Baixa_Vol,TIMS3,telecom,0.1
2018,Baixa_Vol,AESB3,energia,0.1
2018,Baixa_Vol,ITSA4,financeiro,0.1
2018,Baixa_Vol,ENBR3,energia,0.1
2018,Baixa_Vol,ITUB4,banco,0.1
2018,Baixa_Vol,VIVT3,telecom,0.1
2018,Baixa_Vol,WEGE3,indústria,0.1
2018,Baixa_Vol,CIEL3,tecnologia,0.1
2018,Valor,CPLE3,energia,0.1
2018,Valor,CLSC4,energia,0.1
2018,Valor,CMIG4,energia,0.1
2018,Valor,ENBR3,energia,0.1
2018,Valor,VIVT3,telecom,0.1
2018,Valor,LIGT3,energia,0.1
2018,Valor,BBAS3,banco,0.1
2018,Valor,MRVE3,construção,0.1
2018,Valor,SANB11,banco,0.1
2018,Valor,DXCO3,madeira-papel,0.1
2018,Qualidade,EGIE3,energia,0.1
2018,Qualidade,ITUB4,banco,0.1
2018,Qualidade,LREN3,varejo,0.1
2018,Qualidade,BBDC4,banco,0.1
2018,Qualidade,ECOR3,transporte,0.1
2018,Qualidade,BRKM5,químico,0.1
2018,Qualidade,FLRY3,saúde,0.1
2018,Qualidade,CIEL3,tecnologia,0.1
2018,Qualidade,MOTV3,transporte,0.1
2018,Qualidade,CLSC4,energia,0.1
2018,Multifator,ITUB4,banco,0.1
2018,Multifator,ITSA4,financeiro,0.1
2018,Multifator,CLSC4,energia,0.1
2018,Multifator,EGIE3,energia,0.1
2018,Multifator,BBDC4,banco,0.1
2018,Multifator,TIMS3,telecom,0.1
2018,Multifator,LREN3,varejo,0.1
2018,Multifator,VIVT3,telecom,0.1
2018,Multifator,FLRY3,saúde,0.1
2018,Multifator,ENBR3,energia,0.1
2018,Uniao_TCC,AESB3,energia,0.0385
2018,Uniao_TCC,AMER3,varejo,0.0385
2018,Uniao_TCC,BBAS3,banco,0.0385
2018,Uniao_TCC,BBDC4,banco,0.0385
2018,Uniao_TCC,BRKM5,químico,0.0385
2018,Uniao_TCC,CIEL3,tecnologia,0.0385
2018,Uniao_TCC,CLSC4,energia,0.0385
2018,Uniao_TCC,CMIG4,energia,0.0385
2018,Uniao_TCC,CPFE3,energia,0.0385
2018,Uniao_TCC,CPLE3,energia,0.0385
2018,Uniao_TCC,DXCO3,madeira-papel,0.0385
2018,Uniao_TCC,ECOR3,transporte,0.0385
2018,Uniao_TCC,EGIE3,energia,0.0385
2018,Uniao_TCC,ENBR3,energia,0.0385
2018,Uniao_TCC,FLRY3,saúde,0.0385
2018,Uniao_TCC,ITSA4,financeiro,0.0385
2018,Uniao_TCC,ITUB4,banco,0.0385
2018,Uniao_TCC,LIGT3,energia,0.0385
2018,Uniao_TCC,LREN3,varejo,0.0385
2018,Uniao_TCC,MOTV3,transporte,0.0385
2018,Uniao_TCC,MRVE3,construção,0.0385
2018,Uniao_TCC,NATU3,consumo,0.0385
2018,Uniao_TCC,SANB11,banco,0.0385
2018,Uniao_TCC,TIMS3,telecom,0.0385
2018,Uniao_TCC,VIVT3,telecom,0.0385
2018,Uniao_TCC,WEGE3,indústria,0.0385
2019,Momentum,CMIG4,energia,0.1
2019,Momentum,AMER3,varejo,0.1
2019,Momentum,CPLE3,energia,0.1
2019,Momentum,BBAS3,banco,0.1
2019,Momentum,NATU3,consumo,0.1
2019,Momentum,SANB11,banco,0.1
2019,Momentum,EGIE3,energia,0.1
2019,Momentum,DXCO3,madeira-papel,0.1
2019,Momentum,ITSA4,financeiro,0.1
2019,Momentum,ITUB4,banco,0.1
2019,Baixa_Vol,EGIE3,energia,0.1
2019,Baixa_Vol,KLBN11,madeira-papel,0.1
2019,Baixa_Vol,AESB3,energia,0.1
2019,Baixa_Vol,VIVT3,telecom,0.1
2019,Baixa_Vol,WEGE3,indústria,0.1
2019,Baixa_Vol,ITUB4,banco,0.1
2019,Baixa_Vol,CPLE3,energia,0.1
2019,Baixa_Vol,ITSA4,financeiro,0.1
2019,Baixa_Vol,BBDC4,banco,0.1
2019,Baixa_Vol,TIMS3,telecom,0.1
2019,Valor,CPLE3,energia,0.1
2019,Valor,AXIA3,energia,0.1
2019,Valor,MRVE3,construção,0.1
2019,Valor,ENBR3,energia,0.1
2019,Valor,VIVT3,telecom,0.1
2019,Valor,LIGT3,energia,0.1
2019,Valor,CMIG4,energia,0.1
2019,Valor,BBAS3,banco,0.1
2019,Valor,TIMS3,telecom,0.1
2019,Valor,DXCO3,madeira-papel,0.1
2019,Qualidade,BRKM5,químico,0.1
2019,Qualidade,LREN3,varejo,0.1
2019,Qualidade,EGIE3,energia,0.1
2019,Qualidade,BBDC4,banco,0.1
2019,Qualidade,BBAS3,banco,0.1
2019,Qualidade,ITUB4,banco,0.1
2019,Qualidade,FLRY3,saúde,0.1
2019,Qualidade,ITSA4,financeiro,0.1
2019,Qualidade,CIEL3,tecnologia,0.1
2019,Qualidade,ECOR3,transporte,0.1
2019,Multifator,EGIE3,energia,0.1
2019,Multifator,ITUB4,banco,0.1
2019,Multifator,CPLE3,energia,0.1
2019,Multifator,VIVT3,telecom,0.1
2019,Multifator,ITSA4,financeiro,0.1
2019,Multifator,BBDC4,banco,0.1
2019,Multifator,BBAS3,banco,0.1
2019,Multifator,SANB11,banco,0.1
2019,Multifator,CMIG4,energia,0.1
2019,Multifator,ENBR3,energia,0.1
2019,Uniao_TCC,AESB3,energia,0.04
2019,Uniao_TCC,AMER3,varejo,0.04
2019,Uniao_TCC,AXIA3,energia,0.04
2019,Uniao_TCC,BBAS3,banco,0.04
2019,Uniao_TCC,BBDC4,banco,0.04
2019,Uniao_TCC,BRKM5,químico,0.04
2019,Uniao_TCC,CIEL3,tecnologia,0.04
2019,Uniao_TCC,CMIG4,energia,0.04
2019,Uniao_TCC,CPLE3,energia,0.04
2019,Uniao_TCC,DXCO3,madeira-papel,0.04
2019,Uniao_TCC,ECOR3,transporte,0.04
2019,Uniao_TCC,EGIE3,energia,0.04
2019,Uniao_TCC,ENBR3,energia,0.04
2019,Uniao_TCC,FLRY3,saúde,0.04
2019,Uniao_TCC,ITSA4,financeiro,0.04
2019,Uniao_TCC,ITUB4,banco,0.04
2019,Uniao_TCC,KLBN11,madeira-papel,0.04
2019,Uniao_TCC,LIGT3,energia,0.04
2019,Uniao_TCC,LREN3,varejo,0.04
2019,Uniao_TCC,MRVE3,construção,0.04
2019,Uniao_TCC,NATU3,consumo,0.04
2019,Uniao_TCC,SANB11,banco,0.04
2019,Uniao_TCC,TIMS3,telecom,0.04
2019,Uniao_TCC,VIVT3,telecom,0.04
2019,Uniao_TCC,WEGE3,indústria,0.04
2020,Momentum,CPLE3,energia,0.1
2020,Momentum,MOVI3,transporte,0.1
2020,Momentum,WEGE3,indústria,0.1
2020,Momentum,MRVE3,construção,0.1
2020,Momentum,AESB3,energia,0.1
2020,Momentum,NATU3,consumo,0.1
2020,Momentum,ECOR3,transporte,0.1
2020,Momentum,MOTV3,transporte,0.1
2020,Momentum,AXIA3,energia,0.1
2020,Momentum,FLRY3,saúde,0.1
2020,Baixa_Vol,AESB3,energia,0.1
2020,Baixa_Vol,VIVT3,telecom,0.1
2020,Baixa_Vol,ITSA4,financeiro,0.1
2020,Baixa_Vol,ITUB4,banco,0.1
2020,Baixa_Vol,EGIE3,energia,0.1
2020,Baixa_Vol,KLBN11,madeira-papel,0.1
2020,Baixa_Vol,WEGE3,indústria,0.1
2020,Baixa_Vol,TIMS3,telecom,0.1
2020,Baixa_Vol,ENBR3,energia,0.1
2020,Baixa_Vol,SANB11,banco,0.1
2020,Valor,AXIA3,energia,0.1
2020,Valor,LIGT3,energia,0.1
2020,Valor,CPLE3,energia,0.1
2020,Valor,CMIG4,energia,0.1
2020,Valor,VIVT3,telecom,0.1
2020,Valor,ENBR3,energia,0.1
2020,Valor,BBAS3,banco,0.1
2020,Valor,SANB11,banco,0.1
2020,Valor,MRVE3,construção,0.1
2020,Valor,BBDC4,banco,0.1
2020,Qualidade,LREN3,varejo,0.1
2020,Qualidade,ITUB4,banco,0.1
2020,Qualidade,SANB11,banco,0.1
2020,Qualidade,BBAS3,banco,0.1
2020,Qualidade,EGIE3,energia,0.1
2020,Qualidade,FLRY3,saúde,0.1
2020,Qualidade,BBDC4,banco,0.1
2020,Qualidade,AXIA3,energia,0.1
2020,Qualidade,ITSA4,financeiro,0.1
2020,Qualidade,WEGE3,indústria,0.1
2020,Multifator,CPLE3,energia,0.1
2020,Multifator,AESB3,energia,0.1
2020,Multifator,ENBR3,energia,0.1
2020,Multifator,ITSA4,financeiro,0.1
2020,Multifator,EGIE3,energia,0.1
2020,Multifator,WEGE3,indústria,0.1
2020,Multifator,ITUB4,banco,0.1
2020,Multifator,SANB11,banco,0.1
2020,Multifator,AXIA3,energia,0.1
2020,Multifator,FLRY3,saúde,0.1
2020,Uniao_TCC,AESB3,energia,0.0435
2020,Uniao_TCC,AXIA3,energia,0.0435
2020,Uniao_TCC,BBAS3,banco,0.0435
2020,Uniao_TCC,BBDC4,banco,0.0435
2020,Uniao_TCC,CMIG4,energia,0.0435
2020,Uniao_TCC,CPLE3,energia,0.0435
2020,Uniao_TCC,ECOR3,transporte,0.0435
2020,Uniao_TCC,EGIE3,energia,0.0435
2020,Uniao_TCC,ENBR3,energia,0.0435
2020,Uniao_TCC,FLRY3,saúde,0.0435
2020,Uniao_TCC,ITSA4,financeiro,0.0435
2020,Uniao_TCC,ITUB4,banco,0.0435
2020,Uniao_TCC,KLBN11,madeira-papel,0.0435
2020,Uniao_TCC,LIGT3,energia,0.0435
2020,Uniao_TCC,LREN3,varejo,0.0435
2020,Uniao_TCC,MOTV3,transporte,0.0435
2020,Uniao_TCC,MOVI3,transporte,0.0435
2020,Uniao_TCC,MRVE3,construção,0.0435
2020,Uniao_TCC,NATU3,consumo,0.0435
2020,Uniao_TCC,SANB11,banco,0.0435
2020,Uniao_TCC,TIMS3,telecom,0.0435
2020,Uniao_TCC,VIVT3,telecom,0.0435
2020,Uniao_TCC,WEGE3,indústria,0.0435
2021,Momentum,WEGE3,indústria,0.1
2021,Momentum,MBRF3,proteína,0.1
2021,Momentum,KLBN11,madeira-papel,0.1
2021,Momentum,SUZB3,madeira-papel,0.1
2021,Momentum,NATU3,consumo,0.1
2021,Momentum,BPAC11,banco,0.1
2021,Momentum,AMER3,varejo,0.1
2021,Momentum,AESB3,energia,0.1
2021,Momentum,CMIG4,energia,0.1
2021,Momentum,DXCO3,madeira-papel,0.1
2021,Baixa_Vol,EGIE3,energia,0.1
2021,Baixa_Vol,ENBR3,energia,0.1
2021,Baixa_Vol,VIVT3,telecom,0.1
2021,Baixa_Vol,CPFE3,energia,0.1
2021,Baixa_Vol,ITSA4,financeiro,0.1
2021,Baixa_Vol,FLRY3,saúde,0.1
2021,Baixa_Vol,TIMS3,telecom,0.1
2021,Baixa_Vol,NEOE3,energia,0.1
2021,Baixa_Vol,KLBN11,madeira-papel,0.1
2021,Baixa_Vol,ITUB4,banco,0.1
2021,Valor,AXIA3,energia,0.1
2021,Valor,CPLE3,energia,0.1
2021,Valor,BBAS3,banco,0.1
2021,Valor,NEOE3,energia,0.1
2021,Valor,ENBR3,energia,0.1
2021,Valor,LIGT3,energia,0.1
2021,Valor,VIVT3,telecom,0.1
2021,Valor,CIEL3,tecnologia,0.1
2021,Valor,PCAR3,supermercado,0.1
2021,Valor,CMIG4,energia,0.1
2021,Qualidade,MBRF3,proteína,0.1
2021,Qualidade,WEGE3,indústria,0.1
2021,Qualidade,EGIE3,energia,0.1
2021,Qualidade,AESB3,energia,0.1
2021,Qualidade,CPFE3,energia,0.1
2021,Qualidade,BEEF3,proteína,0.1
2021,Qualidade,LREN3,varejo,0.1
2021,Qualidade,ECOR3,transporte,0.1
2021,Qualidade,ITSA4,financeiro,0.1
2021,Qualidade,CPLE3,energia,0.1
2021,Multifator,CPLE3,energia,0.1
2021,Multifator,ENBR3,energia,0.1
2021,Multifator,CPFE3,energia,0.1
2021,Multifator,VIVT3,telecom,0.1
2021,Multifator,CMIG4,energia,0.1
2021,Multifator,TIMS3,telecom,0.1
2021,Multifator,AESB3,energia,0.1
2021,Multifator,ITSA4,financeiro,0.1
2021,Multifator,WEGE3,indústria,0.1
2021,Multifator,EGIE3,energia,0.1
2021,Uniao_TCC,AESB3,energia,0.0357
2021,Uniao_TCC,AMER3,varejo,0.0357
2021,Uniao_TCC,AXIA3,energia,0.0357
2021,Uniao_TCC,BBAS3,banco,0.0357
2021,Uniao_TCC,BEEF3,proteína,0.0357
2021,Uniao_TCC,BPAC11,banco,0.0357
2021,Uniao_TCC,CIEL3,tecnologia,0.0357
2021,Uniao_TCC,CMIG4,energia,0.0357
2021,Uniao_TCC,CPFE3,energia,0.0357
2021,Uniao_TCC,CPLE3,energia,0.0357
2021,Uniao_TCC,DXCO3,madeira-papel,0.0357
2021,Uniao_TCC,ECOR3,transporte,0.0357
2021,Uniao_TCC,EGIE3,energia,0.0357
2021,Uniao_TCC,ENBR3,energia,0.0357
2021,Uniao_TCC,FLRY3,saúde,0.0357
2021,Uniao_TCC,ITSA4,financeiro,0.0357
2021,Uniao_TCC,ITUB4,banco,0.0357
2021,Uniao_TCC,KLBN11,madeira-papel,0.0357
2021,Uniao_TCC,LIGT3,energia,0.0357
2021,Uniao_TCC,LREN3,varejo,0.0357
2021,Uniao_TCC,MBRF3,proteína,0.0357
2021,Uniao_TCC,NATU3,consumo,0.0357
2021,Uniao_TCC,NEOE3,energia,0.0357
2021,Uniao_TCC,PCAR3,supermercado,0.0357
2021,Uniao_TCC,SUZB3,madeira-papel,0.0357
2021,Uniao_TCC,TIMS3,telecom,0.0357
2021,Uniao_TCC,VIVT3,telecom,0.0357
2021,Uniao_TCC,WEGE3,indústria,0.0357
2022,Momentum,BRKM5,químico,0.1
2022,Momentum,PCAR3,supermercado,0.1
2022,Momentum,MBRF3,proteína,0.1
2022,Momentum,AMBP3,saneamento,0.1
2022,Momentum,SIMH3,transporte,0.1
2022,Momentum,BEEF3,proteína,0.1
2022,Momentum,AZZA3,consumo,0.1
2022,Momentum,VIVT3,telecom,0.1
2022,Momentum,CMIG4,energia,0.1
2022,Momentum,CSAN3,químico,0.1
2022,Baixa_Vol,EGIE3,energia,0.1
2022,Baixa_Vol,ENBR3,energia,0.1
2022,Baixa_Vol,VIVT3,telecom,0.1
2022,Baixa_Vol,NEOE3,energia,0.1
2022,Baixa_Vol,TIMS3,telecom,0.1
2022,Baixa_Vol,ITSA4,financeiro,0.1
2022,Baixa_Vol,CPFE3,energia,0.1
2022,Baixa_Vol,KLBN11,madeira-papel,0.1
2022,Baixa_Vol,MDIA3,consumo,0.1
2022,Baixa_Vol,CPLE3,energia,0.1
2022,Valor,PCAR3,supermercado,0.1
2022,Valor,LIGT3,energia,0.1
2022,Valor,MYPK3,indústria,0.1
2022,Valor,BBAS3,banco,0.1
2022,Valor,CIEL3,tecnologia,0.1
2022,Valor,AXIA3,energia,0.1
2022,Valor,CPLE3,energia,0.1
2022,Valor,NEOE3,energia,0.1
2022,Valor,MRVE3,construção,0.1
2022,Valor,ENBR3,energia,0.1
2022,Qualidade,BRKM5,químico,0.1
2022,Qualidade,MBRF3,proteína,0.1
2022,Qualidade,WEGE3,indústria,0.1
2022,Qualidade,VBBR3,transporte,0.1
2022,Qualidade,EGIE3,energia,0.1
2022,Qualidade,CMIG4,energia,0.1
2022,Qualidade,RADL3,saúde,0.1
2022,Qualidade,DXCO3,madeira-papel,0.1
2022,Qualidade,AZZA3,consumo,0.1
2022,Qualidade,CPFE3,energia,0.1
2022,Multifator,ENBR3,energia,0.1
2022,Multifator,CMIG4,energia,0.1
2022,Multifator,CPLE3,energia,0.1
2022,Multifator,VIVT3,telecom,0.1
2022,Multifator,NEOE3,energia,0.1
2022,Multifator,ITSA4,financeiro,0.1
2022,Multifator,MBRF3,proteína,0.1
2022,Multifator,CPFE3,energia,0.1
2022,Multifator,TIMS3,telecom,0.1
2022,Multifator,EGIE3,energia,0.1
2022,Uniao_TCC,AMBP3,saneamento,0.0345
2022,Uniao_TCC,AXIA3,energia,0.0345
2022,Uniao_TCC,AZZA3,consumo,0.0345
2022,Uniao_TCC,BBAS3,banco,0.0345
2022,Uniao_TCC,BEEF3,proteína,0.0345
2022,Uniao_TCC,BRKM5,químico,0.0345
2022,Uniao_TCC,CIEL3,tecnologia,0.0345
2022,Uniao_TCC,CMIG4,energia,0.0345
2022,Uniao_TCC,CPFE3,energia,0.0345
2022,Uniao_TCC,CPLE3,energia,0.0345
2022,Uniao_TCC,CSAN3,químico,0.0345
2022,Uniao_TCC,DXCO3,madeira-papel,0.0345
2022,Uniao_TCC,EGIE3,energia,0.0345
2022,Uniao_TCC,ENBR3,energia,0.0345
2022,Uniao_TCC,ITSA4,financeiro,0.0345
2022,Uniao_TCC,KLBN11,madeira-papel,0.0345
2022,Uniao_TCC,LIGT3,energia,0.0345
2022,Uniao_TCC,MBRF3,proteína,0.0345
2022,Uniao_TCC,MDIA3,consumo,0.0345
2022,Uniao_TCC,MRVE3,construção,0.0345
2022,Uniao_TCC,MYPK3,indústria,0.0345
2022,Uniao_TCC,NEOE3,energia,0.0345
2022,Uniao_TCC,PCAR3,supermercado,0.0345
2022,Uniao_TCC,RADL3,saúde,0.0345
2022,Uniao_TCC,SIMH3,transporte,0.0345
2022,Uniao_TCC,TIMS3,telecom,0.0345
2022,Uniao_TCC,VBBR3,transporte,0.0345
2022,Uniao_TCC,VIVT3,telecom,0.0345
2022,Uniao_TCC,WEGE3,indústria,0.0345
2023,Momentum,CIEL3,tecnologia,0.1
2023,Momentum,HYPE3,saúde,0.1
2023,Momentum,MDIA3,consumo,0.1
2023,Momentum,ASAI3,supermercado,0.1
2023,Momentum,CPFE3,energia,0.1
2023,Momentum,BBAS3,banco,0.1
2023,Momentum,RANI3,madeira-papel,0.1
2023,Momentum,CMIG4,energia,0.1
2023,Momentum,AXIA3,energia,0.1
2023,Momentum,BEEF3,proteína,0.1
2023,Baixa_Vol,ISAE4,energia,0.1
2023,Baixa_Vol,EGIE3,energia,0.1
2023,Baixa_Vol,VIVT3,telecom,0.1
2023,Baixa_Vol,ITSA4,financeiro,0.1
2023,Baixa_Vol,TIMS3,telecom,0.1
2023,Baixa_Vol,ABEV3,indústria,0.1
2023,Baixa_Vol,AESB3,energia,0.1
2023,Baixa_Vol,ITUB4,banco,0.1
2023,Baixa_Vol,NEOE3,energia,0.1
2023,Baixa_Vol,SANB11,banco,0.1
2023,Valor,MBRF3,proteína,0.1
2023,Valor,LIGT3,energia,0.1
2023,Valor,GFSA3,construção,0.1
2023,Valor,PCAR3,supermercado,0.1
2023,Valor,COGN3,educação,0.1
2023,Valor,MYPK3,indústria,0.1
2023,Valor,MRVE3,construção,0.1
2023,Valor,ALOS3,shopping,0.1
2023,Valor,AMER3,varejo,0.1
2023,Valor,BBAS3,banco,0.1
2023,Qualidade,SLCE3,agrícola,0.1
2023,Qualidade,RANI3,madeira-papel,0.1
2023,Qualidade,AZUL3,aviação,0.1
2023,Qualidade,WEGE3,indústria,0.1
2023,Qualidade,MOTV3,transporte,0.1
2023,Qualidade,CPFE3,energia,0.1
2023,Qualidade,RADL3,saúde,0.1
2023,Qualidade,STBP3,transporte,0.1
2023,Qualidade,CBAV3,indústria,0.1
2023,Qualidade,KLBN11,madeira-papel,0.1
2023,Multifator,ISAE4,energia,0.1
2023,Multifator,SAPR11,saneamento,0.1
2023,Multifator,NEOE3,energia,0.1
2023,Multifator,ITSA4,financeiro,0.1
2023,Multifator,CPFE3,energia,0.1
2023,Multifator,CMIG4,energia,0.1
2023,Multifator,RANI3,madeira-papel,0.1
2023,Multifator,TIMS3,telecom,0.1
2023,Multifator,CPLE3,energia,0.1
2023,Multifator,SLCE3,agrícola,0.1
2023,Uniao_TCC,ABEV3,indústria,0.027
2023,Uniao_TCC,AESB3,energia,0.027
2023,Uniao_TCC,ALOS3,shopping,0.027
2023,Uniao_TCC,AMER3,varejo,0.027
2023,Uniao_TCC,ASAI3,supermercado,0.027
2023,Uniao_TCC,AXIA3,energia,0.027
2023,Uniao_TCC,AZUL3,aviação,0.027
2023,Uniao_TCC,BBAS3,banco,0.027
2023,Uniao_TCC,BEEF3,proteína,0.027
2023,Uniao_TCC,CBAV3,indústria,0.027
2023,Uniao_TCC,CIEL3,tecnologia,0.027
2023,Uniao_TCC,CMIG4,energia,0.027
2023,Uniao_TCC,COGN3,educação,0.027
2023,Uniao_TCC,CPFE3,energia,0.027
2023,Uniao_TCC,EGIE3,energia,0.027
2023,Uniao_TCC,GFSA3,construção,0.027
2023,Uniao_TCC,HYPE3,saúde,0.027
2023,Uniao_TCC,ISAE4,energia,0.027
2023,Uniao_TCC,ITSA4,financeiro,0.027
2023,Uniao_TCC,ITUB4,banco,0.027
2023,Uniao_TCC,KLBN11,madeira-papel,0.027
2023,Uniao_TCC,LIGT3,energia,0.027
2023,Uniao_TCC,MBRF3,proteína,0.027
2023,Uniao_TCC,MDIA3,consumo,0.027
2023,Uniao_TCC,MOTV3,transporte,0.027
2023,Uniao_TCC,MRVE3,construção,0.027
2023,Uniao_TCC,MYPK3,indústria,0.027
2023,Uniao_TCC,NEOE3,energia,0.027
2023,Uniao_TCC,PCAR3,supermercado,0.027
2023,Uniao_TCC,RADL3,saúde,0.027
2023,Uniao_TCC,RANI3,madeira-papel,0.027
2023,Uniao_TCC,SANB11,banco,0.027
2023,Uniao_TCC,SLCE3,agrícola,0.027
2023,Uniao_TCC,STBP3,transporte,0.027
2023,Uniao_TCC,TIMS3,telecom,0.027
2023,Uniao_TCC,VIVT3,telecom,0.027
2023,Uniao_TCC,WEGE3,indústria,0.027
2024,Momentum,CEAB3,varejo,0.1
2024,Momentum,JSLG3,transporte,0.1
2024,Momentum,YDUQ3,educação,0.1
2024,Momentum,UGPA3,químico,0.1
2024,Momentum,ECOR3,transporte,0.1
2024,Momentum,MTRE3,construção,0.1
2024,Momentum,BBAS3,banco,0.1
2024,Momentum,SAPR11,saneamento,0.1
2024,Momentum,BRFS3,proteína,0.1
2024,Momentum,BPAC11,banco,0.1
2024,Baixa_Vol,AURE3,energia,0.1
2024,Baixa_Vol,EGIE3,energia,0.1
2024,Baixa_Vol,ABEV3,indústria,0.1
2024,Baixa_Vol,ISAE4,energia,0.1
2024,Baixa_Vol,ITSA4,financeiro,0.1
2024,Baixa_Vol,VIVT3,telecom,0.1
2024,Baixa_Vol,KLBN11,madeira-papel,0.1
2024,Baixa_Vol,SAPR11,saneamento,0.1
2024,Baixa_Vol,CPFE3,energia,0.1
2024,Baixa_Vol,RADL3,saúde,0.1
2024,Valor,PCAR3,supermercado,0.1
2024,Valor,GFSA3,construção,0.1
2024,Valor,USIM5,siderurgico,0.1
2024,Valor,MYPK3,indústria,0.1
2024,Valor,COGN3,educação,0.1
2024,Valor,CBAV3,indústria,0.1
2024,Valor,MTRE3,construção,0.1
2024,Valor,RIAA3,varejo,0.1
2024,Valor,CSAN3,químico,0.1
2024,Valor,AERI3,indústria,0.1
2024,Qualidade,AZUL3,aviação,0.1
2024,Qualidade,ALOS3,shopping,0.1
2024,Qualidade,WEGE3,indústria,0.1
2024,Qualidade,CPFE3,energia,0.1
2024,Qualidade,STBP3,transporte,0.1
2024,Qualidade,RADL3,saúde,0.1
2024,Qualidade,EGIE3,energia,0.1
2024,Qualidade,RANI3,madeira-papel,0.1
2024,Qualidade,SLCE3,agrícola,0.1
2024,Qualidade,ABEV3,indústria,0.1
2024,Multifator,SAPR11,saneamento,0.1
2024,Multifator,ALOS3,shopping,0.1
2024,Multifator,ITSA4,financeiro,0.1
2024,Multifator,NEOE3,energia,0.1
2024,Multifator,ISAE4,energia,0.1
2024,Multifator,TIMS3,telecom,0.1
2024,Multifator,CSMG3,saneamento,0.1
2024,Multifator,VIVT3,telecom,0.1
2024,Multifator,CMIG4,energia,0.1
2024,Multifator,BBAS3,banco,0.1
2024,Uniao_TCC,ABEV3,indústria,0.0294
2024,Uniao_TCC,AERI3,indústria,0.0294
2024,Uniao_TCC,ALOS3,shopping,0.0294
2024,Uniao_TCC,AURE3,energia,0.0294
2024,Uniao_TCC,AZUL3,aviação,0.0294
2024,Uniao_TCC,BBAS3,banco,0.0294
2024,Uniao_TCC,BPAC11,banco,0.0294
2024,Uniao_TCC,BRFS3,proteína,0.0294
2024,Uniao_TCC,CBAV3,indústria,0.0294
2024,Uniao_TCC,CEAB3,varejo,0.0294
2024,Uniao_TCC,COGN3,educação,0.0294
2024,Uniao_TCC,CPFE3,energia,0.0294
2024,Uniao_TCC,CSAN3,químico,0.0294
2024,Uniao_TCC,ECOR3,transporte,0.0294
2024,Uniao_TCC,EGIE3,energia,0.0294
2024,Uniao_TCC,GFSA3,construção,0.0294
2024,Uniao_TCC,ISAE4,energia,0.0294
2024,Uniao_TCC,ITSA4,financeiro,0.0294
2024,Uniao_TCC,JSLG3,transporte,0.0294
2024,Uniao_TCC,KLBN11,madeira-papel,0.0294
2024,Uniao_TCC,MTRE3,construção,0.0294
2024,Uniao_TCC,MYPK3,indústria,0.0294
2024,Uniao_TCC,PCAR3,supermercado,0.0294
2024,Uniao_TCC,RADL3,saúde,0.0294
2024,Uniao_TCC,RANI3,madeira-papel,0.0294
2024,Uniao_TCC,RIAA3,varejo,0.0294
2024,Uniao_TCC,SAPR11,saneamento,0.0294
2024,Uniao_TCC,SLCE3,agrícola,0.0294
2024,Uniao_TCC,STBP3,transporte,0.0294
2024,Uniao_TCC,UGPA3,químico,0.0294
2024,Uniao_TCC,USIM5,siderurgico,0.0294
2024,Uniao_TCC,VIVT3,telecom,0.0294
2024,Uniao_TCC,WEGE3,indústria,0.0294
2024,Uniao_TCC,YDUQ3,educação,0.0294
2025,Momentum,AMBP3,saneamento,0.1
2025,Momentum,MBRF3,proteína,0.1
2025,Momentum,BRFS3,proteína,0.1
2025,Momentum,STBP3,transporte,0.1
2025,Momentum,WEGE3,indústria,0.1
2025,Momentum,CMIG4,energia,0.1
2025,Momentum,PSSA3,seguro,0.1
2025,Momentum,TTEN3,agrícola,0.1
2025,Momentum,KLBN11,madeira-papel,0.1
2025,Momentum,SBSP3,saneamento,0.1
2025,Baixa_Vol,BBAS3,banco,0.1
2025,Baixa_Vol,EGIE3,energia,0.1
2025,Baixa_Vol,AURE3,energia,0.1
2025,Baixa_Vol,ITUB4,banco,0.1
2025,Baixa_Vol,ITSA4,financeiro,0.1
2025,Baixa_Vol,CPFE3,energia,0.1
2025,Baixa_Vol,KLBN11,madeira-papel,0.1
2025,Baixa_Vol,NEOE3,energia,0.1
2025,Baixa_Vol,PORT3,financeiro,0.1
2025,Baixa_Vol,ISAE4,energia,0.1
2025,Valor,GFSA3,construção,0.1
2025,Valor,BHIA3,varejo,0.1
2025,Valor,COGN3,educação,0.1
2025,Valor,USIM5,siderurgico,0.1
2025,Valor,MTRE3,construção,0.1
2025,Valor,CSAN3,químico,0.1
2025,Valor,PCAR3,supermercado,0.1
2025,Valor,MYPK3,indústria,0.1
2025,Valor,MRVE3,construção,0.1
2025,Valor,SIMH3,transporte,0.1
2025,Qualidade,AZUL3,aviação,0.1
2025,Qualidade,VBBR3,transporte,0.1
2025,Qualidade,WEGE3,indústria,0.1
2025,Qualidade,SBSP3,saneamento,0.1
2025,Qualidade,CMIG4,energia,0.1
2025,Qualidade,STBP3,transporte,0.1
2025,Qualidade,RADL3,saúde,0.1
2025,Qualidade,EGIE3,energia,0.1
2025,Qualidade,CPFE3,energia,0.1
2025,Qualidade,TIMS3,telecom,0.1
2025,Multifator,NEOE3,energia,0.1
2025,Multifator,ISAE4,energia,0.1
2025,Multifator,ITSA4,financeiro,0.1
2025,Multifator,CMIG4,energia,0.1
2025,Multifator,SAPR11,saneamento,0.1
2025,Multifator,SBSP3,saneamento,0.1
2025,Multifator,VBBR3,transporte,0.1
2025,Multifator,CSMG3,saneamento,0.1
2025,Multifator,AXIA3,energia,0.1
2025,Multifator,CPLE3,energia,0.1
2025,Uniao_TCC,AMBP3,saneamento,0.0303
2025,Uniao_TCC,AURE3,energia,0.0303
2025,Uniao_TCC,AZUL3,aviação,0.0303
2025,Uniao_TCC,BBAS3,banco,0.0303
2025,Uniao_TCC,BHIA3,varejo,0.0303
2025,Uniao_TCC,BRFS3,proteína,0.0303
2025,Uniao_TCC,CMIG4,energia,0.0303
2025,Uniao_TCC,COGN3,educação,0.0303
2025,Uniao_TCC,CPFE3,energia,0.0303
2025,Uniao_TCC,CSAN3,químico,0.0303
2025,Uniao_TCC,EGIE3,energia,0.0303
2025,Uniao_TCC,GFSA3,construção,0.0303
2025,Uniao_TCC,ISAE4,energia,0.0303
2025,Uniao_TCC,ITSA4,financeiro,0.0303
2025,Uniao_TCC,ITUB4,banco,0.0303
2025,Uniao_TCC,KLBN11,madeira-papel,0.0303
2025,Uniao_TCC,MBRF3,proteína,0.0303
2025,Uniao_TCC,MRVE3,construção,0.0303
2025,Uniao_TCC,MTRE3,construção,0.0303
2025,Uniao_TCC,MYPK3,indústria,0.0303
2025,Uniao_TCC,NEOE3,energia,0.0303
2025,Uniao_TCC,PCAR3,supermercado,0.0303
2025,Uniao_TCC,PORT3,financeiro,0.0303
2025,Uniao_TCC,PSSA3,seguro,0.0303
2025,Uniao_TCC,RADL3,saúde,0.0303
2025,Uniao_TCC,SBSP3,saneamento,0.0303
2025,Uniao_TCC,SIMH3,transporte,0.0303
2025,Uniao_TCC,STBP3,transporte,0.0303
2025,Uniao_TCC,TIMS3,telecom,0.0303
2025,Uniao_TCC,TTEN3,agrícola,0.0303
2025,Uniao_TCC,USIM5,siderurgico,0.0303
2025,Uniao_TCC,VBBR3,transporte,0.0303
2025,Uniao_TCC,WEGE3,indústria,0.0303
