Ano,Baixa_Vol,Momentum,Multifator,Qualidade,Uniao_TCC,Valor
2016,"BRFS3, CIEL3, EMBJ3, FLRY3, ITSA4, ITUB4, KLBN11, LREN3, VIVT3, WEGE3","AXIA3, BRKM5, CIEL3, EMBJ3, ENBR3, KLBN11, LAME4, LREN3, SANB11, SULA11","BRFS3, CIEL3, EMBJ3, ENBR3, ITSA4, ITUB4, KLBN11, LREN3, SULA11, WEGE3","BRKM5, CIEL3, CMIG4, ENBR3, ITSA4, ITUB4, LAME4, LREN3, MOTV3, NATU3","AXIA3, BBAS3, BRFS3, BRKM5, CESP6, CIEL3, CMIG4, CPLE3, DXCO3, EMBJ3, ENBR3, EVEN3, FLRY3, ITSA4, ITUB4, KLBN11, LAME4, LIGT3, LREN3, MOTV3, NATU3, SANB11, SULA11, VIVT3, WEGE3","AXIA3, BBAS3, CESP6, CMIG4, CPLE3, DXCO3, ENBR3, EVEN3, LIGT3, SANB11"
2017,"AESB3, BRFS3, CIEL3, CPFE3, EGIE3, ENBR3, FLRY3, LREN3, MRVE3, WEGE3","AXIA3, BBAS3, BBDC4, CLSC4, CPFE3, ECOR3, FLRY3, ITUB4, LIGT3, SANB11","AXIA3, BBAS3, BBDC4, CLSC4, CPFE3, ENBR3, FLRY3, ITSA4, ITUB4, SANB11","AESB3, BBAS3, BBDC4, BRKM5, EGIE3, ITUB4, LREN3, MOTV3, NATU3, SANB11","AESB3, AXIA3, BBAS3, BBDC4, BRFS3, BRKM5, CIEL3, CLSC4, CMIG4, CPFE3, CPLE3, DXCO3, ECOR3, EGIE3, EMBJ3, ENBR3, FLRY3, ITUB4, LIGT3, LREN3, MOTV3, MRVE3, NATU3, SANB11, VIVT3, WEGE3","AXIA3, CLSC4, CMIG4, CPLE3, DXCO3, EMBJ3, ENBR3, LIGT3, MRVE3, VIVT3"
2018,"AESB3, CIEL3, CPFE3, EGIE3, ENBR3, ITSA4, ITUB4, TIMS3, VIVT3, WEGE3","AMER3, CLSC4, DXCO3, ECOR3, FLRY3, LREN3, MRVE3, NATU3, TIMS3, WEGE3","BBDC4, CLSC4, EGIE3, ENBR3, FLRY3, ITSA4, ITUB4, LREN3, TIMS3, VIVT3","BBDC4, BRKM5, CIEL3, CLSC4, ECOR3, EGIE3, FLRY3, ITUB4, LREN3, MOTV3","AESB3, AMER3, BBAS3, BBDC4, BRKM5, CIEL3, CLSC4, CMIG4, CPFE3, CPLE3, DXCO3, ECOR3, EGIE3, ENBR3, FLRY3, ITSA4, ITUB4, LIGT3, LREN3, MOTV3, MRVE3, NATU3, SANB11, TIMS3, VIVT3, WEGE3","BBAS3, CLSC4, CMIG4, CPLE3, DXCO3, ENBR3, LIGT3, MRVE3, SANB11, VIVT3"
2019,"AESB3, BBDC4, CPLE3, EGIE3, ITSA4, ITUB4, KLBN11, TIMS3, VIVT3, WEGE3","AMER3, BBAS3, CMIG4, CPLE3, DXCO3, EGIE3, ITSA4, ITUB4, NATU3, SANB11","BBAS3, BBDC4, CMIG4, CPLE3, EGIE3, ENBR3, ITSA4, ITUB4, SANB11, VIVT3","BBAS3, BBDC4, BRKM5, CIEL3, ECOR3, EGIE3, FLRY3, ITSA4, ITUB4, LREN3","AESB3, AMER3, AXIA3, BBAS3, BBDC4, BRKM5, CIEL3, CMIG4, CPLE3, DXCO3, ECOR3, EGIE3, ENBR3, FLRY3, ITSA4, ITUB4, KLBN11, LIGT3, LREN3, MRVE3, NATU3, SANB11, TIMS3, VIVT3, WEGE3","AXIA3, BBAS3, CMIG4, CPLE3, DXCO3, ENBR3, LIGT3, MRVE3, TIMS3, VIVT3"
2020,"AESB3, EGIE3, ENBR3, ITSA4, ITUB4, KLBN11, SANB11, TIMS3, VIVT3, WEGE3","AESB3, AXIA3, CPLE3, ECOR3, FLRY3, MOTV3, MOVI3, MRVE3, NATU3, WEGE3","AESB3, AXIA3, CPLE3, EGIE3, ENBR3, FLRY3, ITSA4, ITUB4, SANB11, WEGE3","AXIA3, BBAS3, BBDC4, EGIE3, FLRY3, ITSA4, ITUB4, LREN3, SANB11, WEGE3","AESB3, AXIA3, BBAS3, BBDC4, CMIG4, CPLE3, ECOR3, EGIE3, ENBR3, FLRY3, ITSA4, ITUB4, KLBN11, LIGT3, LREN3, MOTV3, MOVI3, MRVE3, NATU3, SANB11, TIMS3, VIVT3, WEGE3","AXIA3, BBAS3, BBDC4, CMIG4, CPLE3, ENBR3, LIGT3, MRVE3, SANB11, VIVT3"
2021,"CPFE3, EGIE3, ENBR3, FLRY3, ITSA4, ITUB4, KLBN11, NEOE3, TIMS3, VIVT3","AESB3, AMER3, BPAC11, CMIG4, DXCO3, KLBN11, MBRF3, NATU3, SUZB3, WEGE3","AESB3, CMIG4, CPFE3, CPLE3, EGIE3, ENBR3, ITSA4, TIMS3, VIVT3, WEGE3","AESB3, BEEF3, CPFE3, CPLE3, ECOR3, EGIE3, ITSA4, LREN3, MBRF3, WEGE3","AESB3, AMER3, AXIA3, BBAS3, BEEF3, BPAC11, CIEL3, CMIG4, CPFE3, CPLE3, DXCO3, ECOR3, EGIE3, ENBR3, FLRY3, ITSA4, ITUB4, KLBN11, LIGT3, LREN3, MBRF3, NATU3, NEOE3, PCAR3, SUZB3, TIMS3, VIVT3, WEGE3","AXIA3, BBAS3, CIEL3, CMIG4, CPLE3, ENBR3, LIGT3, NEOE3, PCAR3, VIVT3"
2022,"CPFE3, CPLE3, EGIE3, ENBR3, ITSA4, KLBN11, MDIA3, NEOE3, TIMS3, VIVT3","AMBP3, AZZA3, BEEF3, BRKM5, CMIG4, CSAN3, MBRF3, PCAR3, SIMH3, VIVT3","CMIG4, CPFE3, CPLE3, EGIE3, ENBR3, ITSA4, MBRF3, NEOE3, TIMS3, VIVT3","AZZA3, BRKM5, CMIG4, CPFE3, DXCO3, EGIE3, MBRF3, RADL3, VBBR3, WEGE3","AMBP3, AXIA3, AZZA3, BBAS3, BEEF3, BRKM5, CIEL3, CMIG4, CPFE3, CPLE3, CSAN3, DXCO3, EGIE3, ENBR3, ITSA4, KLBN11, LIGT3, MBRF3, MDIA3, MRVE3, MYPK3, NEOE3, PCAR3, RADL3, SIMH3, TIMS3, VBBR3, VIVT3, WEGE3","AXIA3, BBAS3, CIEL3, CPLE3, ENBR3, LIGT3, MRVE3, MYPK3, NEOE3, PCAR3"
2023,"ABEV3, AESB3, EGIE3, ISAE4, ITSA4, ITUB4, NEOE3, SANB11, TIMS3, VIVT3","ASAI3, AXIA3, BBAS3, BEEF3, CIEL3, CMIG4, CPFE3, HYPE3, MDIA3, RANI3","CMIG4, CPFE3, CPLE3, ISAE4, ITSA4, NEOE3, RANI3, SAPR11, SLCE3, TIMS3","AZUL3, CBAV3, CPFE3, KLBN11, MOTV3, RADL3, RANI3, SLCE3, STBP3, WEGE3","ABEV3, AESB3, ALOS3, AMER3, ASAI3, AXIA3, AZUL3, BBAS3, BEEF3, CBAV3, CIEL3, CMIG4, COGN3, CPFE3, EGIE3, GFSA3, HYPE3, ISAE4, ITSA4, ITUB4, KLBN11, LIGT3, MBRF3, MDIA3, MOTV3, MRVE3, MYPK3, NEOE3, PCAR3, RADL3, RANI3, SANB11, SLCE3, STBP3, TIMS3, VIVT3, WEGE3","ALOS3, AMER3, BBAS3, COGN3, GFSA3, LIGT3, MBRF3, MRVE3, MYPK3, PCAR3"
2024,"ABEV3, AURE3, CPFE3, EGIE3, ISAE4, ITSA4, KLBN11, RADL3, SAPR11, VIVT3","BBAS3, BPAC11, BRFS3, CEAB3, ECOR3, JSLG3, MTRE3, SAPR11, UGPA3, YDUQ3","ALOS3, BBAS3, CMIG4, CSMG3, ISAE4, ITSA4, NEOE3, SAPR11, TIMS3, VIVT3","ABEV3, ALOS3, AZUL3, CPFE3, EGIE3, RADL3, RANI3, SLCE3, STBP3, WEGE3","ABEV3, AERI3, ALOS3, AURE3, AZUL3, BBAS3, BPAC11, BRFS3, CBAV3, CEAB3, COGN3, CPFE3, CSAN3, ECOR3, EGIE3, GFSA3, ISAE4, ITSA4, JSLG3, KLBN11, MTRE3, MYPK3, PCAR3, RADL3, RANI3, RIAA3, SAPR11, SLCE3, STBP3, UGPA3, USIM5, VIVT3, WEGE3, YDUQ3","AERI3, CBAV3, COGN3, CSAN3, GFSA3, MTRE3, MYPK3, PCAR3, RIAA3, USIM5"
2025,"AURE3, BBAS3, CPFE3, EGIE3, ISAE4, ITSA4, ITUB4, KLBN11, NEOE3, PORT3","AMBP3, BRFS3, CMIG4, KLBN11, MBRF3, PSSA3, SBSP3, STBP3, TTEN3, WEGE3","AXIA3, CMIG4, CPLE3, CSMG3, ISAE4, ITSA4, NEOE3, SAPR11, SBSP3, VBBR3","AZUL3, CMIG4, CPFE3, EGIE3, RADL3, SBSP3, STBP3, TIMS3, VBBR3, WEGE3","AMBP3, AURE3, AZUL3, BBAS3, BHIA3, BRFS3, CMIG4, COGN3, CPFE3, CSAN3, EGIE3, GFSA3, ISAE4, ITSA4, ITUB4, KLBN11, MBRF3, MRVE3, MTRE3, MYPK3, NEOE3, PCAR3, PORT3, PSSA3, RADL3, SBSP3, SIMH3, STBP3, TIMS3, TTEN3, USIM5, VBBR3, WEGE3","BHIA3, COGN3, CSAN3, GFSA3, MRVE3, MTRE3, MYPK3, PCAR3, SIMH3, USIM5"
