Universo,Ano,Estrategia,Ticker
ISE,2016,Momentum,KLBN11
ISE,2016,Momentum,BRKM5
ISE,2016,Momentum,SULA11
ISE,2016,Momentum,ENBR3
ISE,2016,Momentum,SANB11
ISE,2016,Momentum,EMBJ3
ISE,2016,Momentum,LAME4
ISE,2016,Momentum,LREN3
ISE,2016,Momentum,CIEL3
ISE,2016,Momentum,AXIA3
ISE,2016,Baixa_Vol,BRFS3
ISE,2016,Baixa_Vol,KLBN11
ISE,2016,Baixa_Vol,WEGE3
ISE,2016,Baixa_Vol,CIEL3
ISE,2016,Baixa_Vol,EMBJ3
ISE,2016,Baixa_Vol,FLRY3
ISE,2016,Baixa_Vol,ITSA4
ISE,2016,Baixa_Vol,ITUB4
ISE,2016,Baixa_Vol,LREN3
ISE,2016,Baixa_Vol,VIVT3
ISE,2016,Valor,AXIA3
ISE,2016,Valor,CPLE3
ISE,2016,Valor,EVEN3
ISE,2016,Valor,CMIG4
ISE,2016,Valor,LIGT3
ISE,2016,Valor,BBAS3
ISE,2016,Valor,CESP6
ISE,2016,Valor,SANB11
ISE,2016,Valor,ENBR3
ISE,2016,Valor,DXCO3
ISE,2016,Qualidade,LREN3
ISE,2016,Qualidade,BRKM5
ISE,2016,Qualidade,CMIG4
ISE,2016,Qualidade,ITSA4
ISE,2016,Qualidade,NATU3
ISE,2016,Qualidade,ENBR3
ISE,2016,Qualidade,CIEL3
ISE,2016,Qualidade,ITUB4
ISE,2016,Qualidade,MOTV3
ISE,2016,Qualidade,LAME4
ISE,2016,Multifator,ENBR3
ISE,2016,Multifator,ITSA4
ISE,2016,Multifator,LREN3
ISE,2016,Multifator,ITUB4
ISE,2016,Multifator,CIEL3
ISE,2016,Multifator,BRFS3
ISE,2016,Multifator,KLBN11
ISE,2016,Multifator,SULA11
ISE,2016,Multifator,WEGE3
ISE,2016,Multifator,EMBJ3
ISE,2016,Uniao_TCC,AXIA3
ISE,2016,Uniao_TCC,BBAS3
ISE,2016,Uniao_TCC,BRFS3
ISE,2016,Uniao_TCC,BRKM5
ISE,2016,Uniao_TCC,CESP6
ISE,2016,Uniao_TCC,CIEL3
ISE,2016,Uniao_TCC,CMIG4
ISE,2016,Uniao_TCC,CPLE3
ISE,2016,Uniao_TCC,DXCO3
ISE,2016,Uniao_TCC,EMBJ3
ISE,2016,Uniao_TCC,ENBR3
ISE,2016,Uniao_TCC,EVEN3
ISE,2016,Uniao_TCC,FLRY3
ISE,2016,Uniao_TCC,ITSA4
ISE,2016,Uniao_TCC,ITUB4
ISE,2016,Uniao_TCC,KLBN11
ISE,2016,Uniao_TCC,LAME4
ISE,2016,Uniao_TCC,LIGT3
ISE,2016,Uniao_TCC,LREN3
ISE,2016,Uniao_TCC,MOTV3
ISE,2016,Uniao_TCC,NATU3
ISE,2016,Uniao_TCC,SANB11
ISE,2016,Uniao_TCC,SULA11
ISE,2016,Uniao_TCC,VIVT3
ISE,2016,Uniao_TCC,WEGE3
ISE,2016,Universo_EW,KLBN11
ISE,2016,Universo_EW,CPFE3
ISE,2016,Universo_EW,LAME4
ISE,2016,Universo_EW,SULA11
ISE,2016,Universo_EW,EVEN3
ISE,2016,Universo_EW,BRFS3
ISE,2016,Universo_EW,TIMS3
ISE,2016,Universo_EW,LREN3
ISE,2016,Universo_EW,AXIA3
ISE,2016,Universo_EW,CMIG4
ISE,2016,Universo_EW,ITSA4
ISE,2016,Universo_EW,WEGE3
ISE,2016,Universo_EW,CESP6
ISE,2016,Universo_EW,BBDC4
ISE,2016,Universo_EW,SANB11
ISE,2016,Universo_EW,BBAS3
ISE,2016,Universo_EW,MOTV3
ISE,2016,Universo_EW,VIVT3
ISE,2016,Universo_EW,BRKM5
ISE,2016,Universo_EW,ITUB4
ISE,2016,Universo_EW,FLRY3
ISE,2016,Universo_EW,EMBJ3
ISE,2016,Universo_EW,ENBR3
ISE,2016,Universo_EW,DXCO3
ISE,2016,Universo_EW,ECOR3
ISE,2016,Universo_EW,CPLE3
ISE,2016,Universo_EW,AMER3
ISE,2016,Universo_EW,LIGT3
ISE,2016,Universo_EW,CIEL3
ISE,2016,Universo_EW,NATU3
ISE,2017,Momentum,AXIA3
ISE,2017,Momentum,FLRY3
ISE,2017,Momentum,BBAS3
ISE,2017,Momentum,SANB11
ISE,2017,Momentum,LIGT3
ISE,2017,Momentum,CLSC4
ISE,2017,Momentum,ECOR3
ISE,2017,Momentum,CPFE3
ISE,2017,Momentum,BBDC4
ISE,2017,Momentum,ITUB4
ISE,2017,Baixa_Vol,EGIE3
ISE,2017,Baixa_Vol,CPFE3
ISE,2017,Baixa_Vol,ENBR3
ISE,2017,Baixa_Vol,AESB3
ISE,2017,Baixa_Vol,BRFS3
ISE,2017,Baixa_Vol,MRVE3
ISE,2017,Baixa_Vol,FLRY3
ISE,2017,Baixa_Vol,WEGE3
ISE,2017,Baixa_Vol,LREN3
ISE,2017,Baixa_Vol,CIEL3
ISE,2017,Valor,CLSC4
ISE,2017,Valor,CPLE3
ISE,2017,Valor,AXIA3
ISE,2017,Valor,CMIG4
ISE,2017,Valor,ENBR3
ISE,2017,Valor,MRVE3
ISE,2017,Valor,VIVT3
ISE,2017,Valor,EMBJ3
ISE,2017,Valor,LIGT3
ISE,2017,Valor,DXCO3
ISE,2017,Qualidade,BBDC4
ISE,2017,Qualidade,BRKM5
ISE,2017,Qualidade,ITUB4
ISE,2017,Qualidade,EGIE3
ISE,2017,Qualidade,AESB3
ISE,2017,Qualidade,MOTV3
ISE,2017,Qualidade,BBAS3
ISE,2017,Qualidade,NATU3
ISE,2017,Qualidade,LREN3
ISE,2017,Qualidade,SANB11
ISE,2017,Multifator,ENBR3
ISE,2017,Multifator,SANB11
ISE,2017,Multifator,AXIA3
ISE,2017,Multifator,ITUB4
ISE,2017,Multifator,FLRY3
ISE,2017,Multifator,CLSC4
ISE,2017,Multifator,BBDC4
ISE,2017,Multifator,CPFE3
ISE,2017,Multifator,ITSA4
ISE,2017,Multifator,BBAS3
ISE,2017,Uniao_TCC,AESB3
ISE,2017,Uniao_TCC,AXIA3
ISE,2017,Uniao_TCC,BBAS3
ISE,2017,Uniao_TCC,BBDC4
ISE,2017,Uniao_TCC,BRFS3
ISE,2017,Uniao_TCC,BRKM5
ISE,2017,Uniao_TCC,CIEL3
ISE,2017,Uniao_TCC,CLSC4
ISE,2017,Uniao_TCC,CMIG4
ISE,2017,Uniao_TCC,CPFE3
ISE,2017,Uniao_TCC,CPLE3
ISE,2017,Uniao_TCC,DXCO3
ISE,2017,Uniao_TCC,ECOR3
ISE,2017,Uniao_TCC,EGIE3
ISE,2017,Uniao_TCC,EMBJ3
ISE,2017,Uniao_TCC,ENBR3
ISE,2017,Uniao_TCC,FLRY3
ISE,2017,Uniao_TCC,ITUB4
ISE,2017,Uniao_TCC,LIGT3
ISE,2017,Uniao_TCC,LREN3
ISE,2017,Uniao_TCC,MOTV3
ISE,2017,Uniao_TCC,MRVE3
ISE,2017,Uniao_TCC,NATU3
ISE,2017,Uniao_TCC,SANB11
ISE,2017,Uniao_TCC,VIVT3
ISE,2017,Uniao_TCC,WEGE3
ISE,2017,Universo_EW,KLBN11
ISE,2017,Universo_EW,CPFE3
ISE,2017,Universo_EW,LAME4
ISE,2017,Universo_EW,SULA11
ISE,2017,Universo_EW,BRFS3
ISE,2017,Universo_EW,TIMS3
ISE,2017,Universo_EW,LREN3
ISE,2017,Universo_EW,AXIA3
ISE,2017,Universo_EW,CMIG4
ISE,2017,Universo_EW,ITSA4
ISE,2017,Universo_EW,WEGE3
ISE,2017,Universo_EW,CLSC4
ISE,2017,Universo_EW,AESB3
ISE,2017,Universo_EW,BBDC4
ISE,2017,Universo_EW,SANB11
ISE,2017,Universo_EW,BBAS3
ISE,2017,Universo_EW,MOTV3
ISE,2017,Universo_EW,VIVT3
ISE,2017,Universo_EW,BRKM5
ISE,2017,Universo_EW,ITUB4
ISE,2017,Universo_EW,FLRY3
ISE,2017,Universo_EW,EMBJ3
ISE,2017,Universo_EW,ENBR3
ISE,2017,Universo_EW,DXCO3
ISE,2017,Universo_EW,ECOR3
ISE,2017,Universo_EW,CPLE3
ISE,2017,Universo_EW,AMER3
ISE,2017,Universo_EW,MRVE3
ISE,2017,Universo_EW,LIGT3
ISE,2017,Universo_EW,CIEL3
ISE,2017,Universo_EW,EGIE3
ISE,2017,Universo_EW,NATU3
ISE,2018,Momentum,AMER3
ISE,2018,Momentum,FLRY3
ISE,2018,Momentum,CLSC4
ISE,2018,Momentum,TIMS3
ISE,2018,Momentum,LREN3
ISE,2018,Momentum,WEGE3
ISE,2018,Momentum,ECOR3
ISE,2018,Momentum,NATU3
ISE,2018,Momentum,MRVE3
ISE,2018,Momentum,DXCO3
ISE,2018,Baixa_Vol,EGIE3
ISE,2018,Baixa_Vol,CPFE3
ISE,2018,Baixa_Vol,TIMS3
ISE,2018,Baixa_Vol,AESB3
ISE,2018,Baixa_Vol,ITSA4
ISE,2018,Baixa_Vol,ENBR3
ISE,2018,Baixa_Vol,ITUB4
ISE,2018,Baixa_Vol,VIVT3
ISE,2018,Baixa_Vol,WEGE3
ISE,2018,Baixa_Vol,CIEL3
ISE,2018,Valor,CPLE3
ISE,2018,Valor,CLSC4
ISE,2018,Valor,CMIG4
ISE,2018,Valor,ENBR3
ISE,2018,Valor,VIVT3
ISE,2018,Valor,LIGT3
ISE,2018,Valor,BBAS3
ISE,2018,Valor,MRVE3
ISE,2018,Valor,SANB11
ISE,2018,Valor,DXCO3
ISE,2018,Qualidade,EGIE3
ISE,2018,Qualidade,ITUB4
ISE,2018,Qualidade,LREN3
ISE,2018,Qualidade,BBDC4
ISE,2018,Qualidade,ECOR3
ISE,2018,Qualidade,BRKM5
ISE,2018,Qualidade,FLRY3
ISE,2018,Qualidade,CIEL3
ISE,2018,Qualidade,MOTV3
ISE,2018,Qualidade,CLSC4
ISE,2018,Multifator,ITUB4
ISE,2018,Multifator,ITSA4
ISE,2018,Multifator,CLSC4
ISE,2018,Multifator,EGIE3
ISE,2018,Multifator,BBDC4
ISE,2018,Multifator,TIMS3
ISE,2018,Multifator,LREN3
ISE,2018,Multifator,VIVT3
ISE,2018,Multifator,FLRY3
ISE,2018,Multifator,ENBR3
ISE,2018,Uniao_TCC,AESB3
ISE,2018,Uniao_TCC,AMER3
ISE,2018,Uniao_TCC,BBAS3
ISE,2018,Uniao_TCC,BBDC4
ISE,2018,Uniao_TCC,BRKM5
ISE,2018,Uniao_TCC,CIEL3
ISE,2018,Uniao_TCC,CLSC4
ISE,2018,Uniao_TCC,CMIG4
ISE,2018,Uniao_TCC,CPFE3
ISE,2018,Uniao_TCC,CPLE3
ISE,2018,Uniao_TCC,DXCO3
ISE,2018,Uniao_TCC,ECOR3
ISE,2018,Uniao_TCC,EGIE3
ISE,2018,Uniao_TCC,ENBR3
ISE,2018,Uniao_TCC,FLRY3
ISE,2018,Uniao_TCC,ITSA4
ISE,2018,Uniao_TCC,ITUB4
ISE,2018,Uniao_TCC,LIGT3
ISE,2018,Uniao_TCC,LREN3
ISE,2018,Uniao_TCC,MOTV3
ISE,2018,Uniao_TCC,MRVE3
ISE,2018,Uniao_TCC,NATU3
ISE,2018,Uniao_TCC,SANB11
ISE,2018,Uniao_TCC,TIMS3
ISE,2018,Uniao_TCC,VIVT3
ISE,2018,Uniao_TCC,WEGE3
ISE,2018,Universo_EW,KLBN11
ISE,2018,Universo_EW,CPFE3
ISE,2018,Universo_EW,LAME4
ISE,2018,Universo_EW,TIMS3
ISE,2018,Universo_EW,LREN3
ISE,2018,Universo_EW,CMIG4
ISE,2018,Universo_EW,ITSA4
ISE,2018,Universo_EW,WEGE3
ISE,2018,Universo_EW,CLSC4
ISE,2018,Universo_EW,AESB3
ISE,2018,Universo_EW,BBDC4
ISE,2018,Universo_EW,SANB11
ISE,2018,Universo_EW,BBAS3
ISE,2018,Universo_EW,MOTV3
ISE,2018,Universo_EW,VIVT3
ISE,2018,Universo_EW,BRKM5
ISE,2018,Universo_EW,ITUB4
ISE,2018,Universo_EW,FLRY3
ISE,2018,Universo_EW,ENBR3
ISE,2018,Universo_EW,DXCO3
ISE,2018,Universo_EW,ECOR3
ISE,2018,Universo_EW,CPLE3
ISE,2018,Universo_EW,AMER3
ISE,2018,Universo_EW,MRVE3
ISE,2018,Universo_EW,LIGT3
ISE,2018,Universo_EW,CIEL3
ISE,2018,Universo_EW,EGIE3
ISE,2018,Universo_EW,NATU3
ISE,2019,Momentum,CMIG4
ISE,2019,Momentum,AMER3
ISE,2019,Momentum,CPLE3
ISE,2019,Momentum,BBAS3
ISE,2019,Momentum,NATU3
ISE,2019,Momentum,SANB11
ISE,2019,Momentum,EGIE3
ISE,2019,Momentum,DXCO3
ISE,2019,Momentum,ITSA4
ISE,2019,Momentum,ITUB4
ISE,2019,Baixa_Vol,EGIE3
ISE,2019,Baixa_Vol,KLBN11
ISE,2019,Baixa_Vol,AESB3
ISE,2019,Baixa_Vol,VIVT3
ISE,2019,Baixa_Vol,WEGE3
ISE,2019,Baixa_Vol,ITUB4
ISE,2019,Baixa_Vol,CPLE3
ISE,2019,Baixa_Vol,ITSA4
ISE,2019,Baixa_Vol,BBDC4
ISE,2019,Baixa_Vol,TIMS3
ISE,2019,Valor,CPLE3
ISE,2019,Valor,AXIA3
ISE,2019,Valor,MRVE3
ISE,2019,Valor,ENBR3
ISE,2019,Valor,VIVT3
ISE,2019,Valor,LIGT3
ISE,2019,Valor,CMIG4
ISE,2019,Valor,BBAS3
ISE,2019,Valor,TIMS3
ISE,2019,Valor,DXCO3
ISE,2019,Qualidade,BRKM5
ISE,2019,Qualidade,LREN3
ISE,2019,Qualidade,EGIE3
ISE,2019,Qualidade,BBDC4
ISE,2019,Qualidade,BBAS3
ISE,2019,Qualidade,ITUB4
ISE,2019,Qualidade,FLRY3
ISE,2019,Qualidade,ITSA4
ISE,2019,Qualidade,CIEL3
ISE,2019,Qualidade,ECOR3
ISE,2019,Multifator,EGIE3
ISE,2019,Multifator,ITUB4
ISE,2019,Multifator,CPLE3
ISE,2019,Multifator,VIVT3
ISE,2019,Multifator,ITSA4
ISE,2019,Multifator,BBDC4
ISE,2019,Multifator,BBAS3
ISE,2019,Multifator,SANB11
ISE,2019,Multifator,CMIG4
ISE,2019,Multifator,ENBR3
ISE,2019,Uniao_TCC,AESB3
ISE,2019,Uniao_TCC,AMER3
ISE,2019,Uniao_TCC,AXIA3
ISE,2019,Uniao_TCC,BBAS3
ISE,2019,Uniao_TCC,BBDC4
ISE,2019,Uniao_TCC,BRKM5
ISE,2019,Uniao_TCC,CIEL3
ISE,2019,Uniao_TCC,CMIG4
ISE,2019,Uniao_TCC,CPLE3
ISE,2019,Uniao_TCC,DXCO3
ISE,2019,Uniao_TCC,ECOR3
ISE,2019,Uniao_TCC,EGIE3
ISE,2019,Uniao_TCC,ENBR3
ISE,2019,Uniao_TCC,FLRY3
ISE,2019,Uniao_TCC,ITSA4
ISE,2019,Uniao_TCC,ITUB4
ISE,2019,Uniao_TCC,KLBN11
ISE,2019,Uniao_TCC,LIGT3
ISE,2019,Uniao_TCC,LREN3
ISE,2019,Uniao_TCC,MRVE3
ISE,2019,Uniao_TCC,NATU3
ISE,2019,Uniao_TCC,SANB11
ISE,2019,Uniao_TCC,TIMS3
ISE,2019,Uniao_TCC,VIVT3
ISE,2019,Uniao_TCC,WEGE3
ISE,2019,Universo_EW,KLBN11
ISE,2019,Universo_EW,LAME4
ISE,2019,Universo_EW,TIMS3
ISE,2019,Universo_EW,LREN3
ISE,2019,Universo_EW,AXIA3
ISE,2019,Universo_EW,CMIG4
ISE,2019,Universo_EW,ITSA4
ISE,2019,Universo_EW,WEGE3
ISE,2019,Universo_EW,AESB3
ISE,2019,Universo_EW,BBDC4
ISE,2019,Universo_EW,SANB11
ISE,2019,Universo_EW,BBAS3
ISE,2019,Universo_EW,MOTV3
ISE,2019,Universo_EW,VIVT3
ISE,2019,Universo_EW,BRKM5
ISE,2019,Universo_EW,ITUB4
ISE,2019,Universo_EW,FLRY3
ISE,2019,Universo_EW,ENBR3
ISE,2019,Universo_EW,DXCO3
ISE,2019,Universo_EW,ECOR3
ISE,2019,Universo_EW,CPLE3
ISE,2019,Universo_EW,AMER3
ISE,2019,Universo_EW,MRVE3
ISE,2019,Universo_EW,LIGT3
ISE,2019,Universo_EW,CIEL3
ISE,2019,Universo_EW,EGIE3
ISE,2019,Universo_EW,NATU3
ISE,2020,Momentum,CPLE3
ISE,2020,Momentum,MOVI3
ISE,2020,Momentum,WEGE3
ISE,2020,Momentum,MRVE3
ISE,2020,Momentum,AESB3
ISE,2020,Momentum,NATU3
ISE,2020,Momentum,ECOR3
ISE,2020,Momentum,MOTV3
ISE,2020,Momentum,AXIA3
ISE,2020,Momentum,FLRY3
ISE,2020,Baixa_Vol,AESB3
ISE,2020,Baixa_Vol,VIVT3
ISE,2020,Baixa_Vol,ITSA4
ISE,2020,Baixa_Vol,ITUB4
ISE,2020,Baixa_Vol,EGIE3
ISE,2020,Baixa_Vol,KLBN11
ISE,2020,Baixa_Vol,WEGE3
ISE,2020,Baixa_Vol,TIMS3
ISE,2020,Baixa_Vol,ENBR3
ISE,2020,Baixa_Vol,SANB11
ISE,2020,Valor,AXIA3
ISE,2020,Valor,LIGT3
ISE,2020,Valor,CPLE3
ISE,2020,Valor,CMIG4
ISE,2020,Valor,VIVT3
ISE,2020,Valor,ENBR3
ISE,2020,Valor,BBAS3
ISE,2020,Valor,SANB11
ISE,2020,Valor,MRVE3
ISE,2020,Valor,BBDC4
ISE,2020,Qualidade,LREN3
ISE,2020,Qualidade,ITUB4
ISE,2020,Qualidade,SANB11
ISE,2020,Qualidade,BBAS3
ISE,2020,Qualidade,EGIE3
ISE,2020,Qualidade,FLRY3
ISE,2020,Qualidade,BBDC4
ISE,2020,Qualidade,AXIA3
ISE,2020,Qualidade,ITSA4
ISE,2020,Qualidade,WEGE3
ISE,2020,Multifator,CPLE3
ISE,2020,Multifator,AESB3
ISE,2020,Multifator,ENBR3
ISE,2020,Multifator,ITSA4
ISE,2020,Multifator,EGIE3
ISE,2020,Multifator,WEGE3
ISE,2020,Multifator,ITUB4
ISE,2020,Multifator,SANB11
ISE,2020,Multifator,AXIA3
ISE,2020,Multifator,FLRY3
ISE,2020,Uniao_TCC,AESB3
ISE,2020,Uniao_TCC,AXIA3
ISE,2020,Uniao_TCC,BBAS3
ISE,2020,Uniao_TCC,BBDC4
ISE,2020,Uniao_TCC,CMIG4
ISE,2020,Uniao_TCC,CPLE3
ISE,2020,Uniao_TCC,ECOR3
ISE,2020,Uniao_TCC,EGIE3
ISE,2020,Uniao_TCC,ENBR3
ISE,2020,Uniao_TCC,FLRY3
ISE,2020,Uniao_TCC,ITSA4
ISE,2020,Uniao_TCC,ITUB4
ISE,2020,Uniao_TCC,KLBN11
ISE,2020,Uniao_TCC,LIGT3
ISE,2020,Uniao_TCC,LREN3
ISE,2020,Uniao_TCC,MOTV3
ISE,2020,Uniao_TCC,MOVI3
ISE,2020,Uniao_TCC,MRVE3
ISE,2020,Uniao_TCC,NATU3
ISE,2020,Uniao_TCC,SANB11
ISE,2020,Uniao_TCC,TIMS3
ISE,2020,Uniao_TCC,VIVT3
ISE,2020,Uniao_TCC,WEGE3
ISE,2020,Universo_EW,KLBN11
ISE,2020,Universo_EW,LAME4
ISE,2020,Universo_EW,BRFS3
ISE,2020,Universo_EW,TIMS3
ISE,2020,Universo_EW,LREN3
ISE,2020,Universo_EW,AXIA3
ISE,2020,Universo_EW,CMIG4
ISE,2020,Universo_EW,ITSA4
ISE,2020,Universo_EW,WEGE3
ISE,2020,Universo_EW,AESB3
ISE,2020,Universo_EW,BBDC4
ISE,2020,Universo_EW,SANB11
ISE,2020,Universo_EW,BBAS3
ISE,2020,Universo_EW,MOTV3
ISE,2020,Universo_EW,VIVT3
ISE,2020,Universo_EW,BRKM5
ISE,2020,Universo_EW,ITUB4
ISE,2020,Universo_EW,FLRY3
ISE,2020,Universo_EW,VBBR3
ISE,2020,Universo_EW,ENBR3
ISE,2020,Universo_EW,DXCO3
ISE,2020,Universo_EW,ECOR3
ISE,2020,Universo_EW,CPLE3
ISE,2020,Universo_EW,AMER3
ISE,2020,Universo_EW,MOVI3
ISE,2020,Universo_EW,MRVE3
ISE,2020,Universo_EW,LIGT3
ISE,2020,Universo_EW,CIEL3
ISE,2020,Universo_EW,EGIE3
ISE,2020,Universo_EW,NATU3
ISE,2021,Momentum,WEGE3
ISE,2021,Momentum,MBRF3
ISE,2021,Momentum,KLBN11
ISE,2021,Momentum,SUZB3
ISE,2021,Momentum,NATU3
ISE,2021,Momentum,BPAC11
ISE,2021,Momentum,AMER3
ISE,2021,Momentum,AESB3
ISE,2021,Momentum,CMIG4
ISE,2021,Momentum,DXCO3
ISE,2021,Baixa_Vol,EGIE3
ISE,2021,Baixa_Vol,ENBR3
ISE,2021,Baixa_Vol,VIVT3
ISE,2021,Baixa_Vol,CPFE3
ISE,2021,Baixa_Vol,ITSA4
ISE,2021,Baixa_Vol,FLRY3
ISE,2021,Baixa_Vol,TIMS3
ISE,2021,Baixa_Vol,NEOE3
ISE,2021,Baixa_Vol,KLBN11
ISE,2021,Baixa_Vol,ITUB4
ISE,2021,Valor,AXIA3
ISE,2021,Valor,CPLE3
ISE,2021,Valor,BBAS3
ISE,2021,Valor,NEOE3
ISE,2021,Valor,ENBR3
ISE,2021,Valor,LIGT3
ISE,2021,Valor,VIVT3
ISE,2021,Valor,CIEL3
ISE,2021,Valor,PCAR3
ISE,2021,Valor,CMIG4
ISE,2021,Qualidade,MBRF3
ISE,2021,Qualidade,WEGE3
ISE,2021,Qualidade,EGIE3
ISE,2021,Qualidade,AESB3
ISE,2021,Qualidade,CPFE3
ISE,2021,Qualidade,BEEF3
ISE,2021,Qualidade,LREN3
ISE,2021,Qualidade,ECOR3
ISE,2021,Qualidade,ITSA4
ISE,2021,Qualidade,CPLE3
ISE,2021,Multifator,CPLE3
ISE,2021,Multifator,ENBR3
ISE,2021,Multifator,CPFE3
ISE,2021,Multifator,VIVT3
ISE,2021,Multifator,CMIG4
ISE,2021,Multifator,TIMS3
ISE,2021,Multifator,AESB3
ISE,2021,Multifator,ITSA4
ISE,2021,Multifator,WEGE3
ISE,2021,Multifator,EGIE3
ISE,2021,Uniao_TCC,AESB3
ISE,2021,Uniao_TCC,AMER3
ISE,2021,Uniao_TCC,AXIA3
ISE,2021,Uniao_TCC,BBAS3
ISE,2021,Uniao_TCC,BEEF3
ISE,2021,Uniao_TCC,BPAC11
ISE,2021,Uniao_TCC,CIEL3
ISE,2021,Uniao_TCC,CMIG4
ISE,2021,Uniao_TCC,CPFE3
ISE,2021,Uniao_TCC,CPLE3
ISE,2021,Uniao_TCC,DXCO3
ISE,2021,Uniao_TCC,ECOR3
ISE,2021,Uniao_TCC,EGIE3
ISE,2021,Uniao_TCC,ENBR3
ISE,2021,Uniao_TCC,FLRY3
ISE,2021,Uniao_TCC,ITSA4
ISE,2021,Uniao_TCC,ITUB4
ISE,2021,Uniao_TCC,KLBN11
ISE,2021,Uniao_TCC,LIGT3
ISE,2021,Uniao_TCC,LREN3
ISE,2021,Uniao_TCC,MBRF3
ISE,2021,Uniao_TCC,NATU3
ISE,2021,Uniao_TCC,NEOE3
ISE,2021,Uniao_TCC,PCAR3
ISE,2021,Uniao_TCC,SUZB3
ISE,2021,Uniao_TCC,TIMS3
ISE,2021,Uniao_TCC,VIVT3
ISE,2021,Uniao_TCC,WEGE3
ISE,2021,Universo_EW,KLBN11
ISE,2021,Universo_EW,CPFE3
ISE,2021,Universo_EW,LAME4
ISE,2021,Universo_EW,BRFS3
ISE,2021,Universo_EW,TIMS3
ISE,2021,Universo_EW,LREN3
ISE,2021,Universo_EW,AXIA3
ISE,2021,Universo_EW,CMIG4
ISE,2021,Universo_EW,ITSA4
ISE,2021,Universo_EW,WEGE3
ISE,2021,Universo_EW,BBDC4
ISE,2021,Universo_EW,SANB11
ISE,2021,Universo_EW,BBAS3
ISE,2021,Universo_EW,MOTV3
ISE,2021,Universo_EW,VIVT3
ISE,2021,Universo_EW,BRKM5
ISE,2021,Universo_EW,ITUB4
ISE,2021,Universo_EW,FLRY3
ISE,2021,Universo_EW,CSAN3
ISE,2021,Universo_EW,PCAR3
ISE,2021,Universo_EW,BPAC11
ISE,2021,Universo_EW,VBBR3
ISE,2021,Universo_EW,ENBR3
ISE,2021,Universo_EW,PETR4
ISE,2021,Universo_EW,DXCO3
ISE,2021,Universo_EW,ECOR3
ISE,2021,Universo_EW,CPLE3
ISE,2021,Universo_EW,AMER3
ISE,2021,Universo_EW,MDIA3
ISE,2021,Universo_EW,MBRF3
ISE,2021,Universo_EW,MOVI3
ISE,2021,Universo_EW,MRVE3
ISE,2021,Universo_EW,LIGT3
ISE,2021,Universo_EW,CIEL3
ISE,2021,Universo_EW,SUZB3
ISE,2021,Universo_EW,EGIE3
ISE,2021,Universo_EW,BEEF3
ISE,2021,Universo_EW,NATU3
ISE,2021,Universo_EW,AESB3
ISE,2021,Universo_EW,NEOE3
ISE,2022,Momentum,BRKM5
ISE,2022,Momentum,PCAR3
ISE,2022,Momentum,MBRF3
ISE,2022,Momentum,AMBP3
ISE,2022,Momentum,SIMH3
ISE,2022,Momentum,BEEF3
ISE,2022,Momentum,AZZA3
ISE,2022,Momentum,VIVT3
ISE,2022,Momentum,CMIG4
ISE,2022,Momentum,CSAN3
ISE,2022,Baixa_Vol,EGIE3
ISE,2022,Baixa_Vol,ENBR3
ISE,2022,Baixa_Vol,VIVT3
ISE,2022,Baixa_Vol,NEOE3
ISE,2022,Baixa_Vol,TIMS3
ISE,2022,Baixa_Vol,ITSA4
ISE,2022,Baixa_Vol,CPFE3
ISE,2022,Baixa_Vol,KLBN11
ISE,2022,Baixa_Vol,MDIA3
ISE,2022,Baixa_Vol,CPLE3
ISE,2022,Valor,PCAR3
ISE,2022,Valor,LIGT3
ISE,2022,Valor,MYPK3
ISE,2022,Valor,BBAS3
ISE,2022,Valor,CIEL3
ISE,2022,Valor,AXIA3
ISE,2022,Valor,CPLE3
ISE,2022,Valor,NEOE3
ISE,2022,Valor,MRVE3
ISE,2022,Valor,ENBR3
ISE,2022,Qualidade,BRKM5
ISE,2022,Qualidade,MBRF3
ISE,2022,Qualidade,WEGE3
ISE,2022,Qualidade,VBBR3
ISE,2022,Qualidade,EGIE3
ISE,2022,Qualidade,CMIG4
ISE,2022,Qualidade,RADL3
ISE,2022,Qualidade,DXCO3
ISE,2022,Qualidade,AZZA3
ISE,2022,Qualidade,CPFE3
ISE,2022,Multifator,ENBR3
ISE,2022,Multifator,CMIG4
ISE,2022,Multifator,CPLE3
ISE,2022,Multifator,VIVT3
ISE,2022,Multifator,NEOE3
ISE,2022,Multifator,ITSA4
ISE,2022,Multifator,MBRF3
ISE,2022,Multifator,CPFE3
ISE,2022,Multifator,TIMS3
ISE,2022,Multifator,EGIE3
ISE,2022,Uniao_TCC,AMBP3
ISE,2022,Uniao_TCC,AXIA3
ISE,2022,Uniao_TCC,AZZA3
ISE,2022,Uniao_TCC,BBAS3
ISE,2022,Uniao_TCC,BEEF3
ISE,2022,Uniao_TCC,BRKM5
ISE,2022,Uniao_TCC,CIEL3
ISE,2022,Uniao_TCC,CMIG4
ISE,2022,Uniao_TCC,CPFE3
ISE,2022,Uniao_TCC,CPLE3
ISE,2022,Uniao_TCC,CSAN3
ISE,2022,Uniao_TCC,DXCO3
ISE,2022,Uniao_TCC,EGIE3
ISE,2022,Uniao_TCC,ENBR3
ISE,2022,Uniao_TCC,ITSA4
ISE,2022,Uniao_TCC,KLBN11
ISE,2022,Uniao_TCC,LIGT3
ISE,2022,Uniao_TCC,MBRF3
ISE,2022,Uniao_TCC,MDIA3
ISE,2022,Uniao_TCC,MRVE3
ISE,2022,Uniao_TCC,MYPK3
ISE,2022,Uniao_TCC,NEOE3
ISE,2022,Uniao_TCC,PCAR3
ISE,2022,Uniao_TCC,RADL3
ISE,2022,Uniao_TCC,SIMH3
ISE,2022,Uniao_TCC,TIMS3
ISE,2022,Uniao_TCC,VBBR3
ISE,2022,Uniao_TCC,VIVT3
ISE,2022,Uniao_TCC,WEGE3
ISE,2022,Universo_EW,KLBN11
ISE,2022,Universo_EW,CPFE3
ISE,2022,Universo_EW,BRFS3
ISE,2022,Universo_EW,SULA11
ISE,2022,Universo_EW,AMER3
ISE,2022,Universo_EW,TIMS3
ISE,2022,Universo_EW,LREN3
ISE,2022,Universo_EW,AXIA3
ISE,2022,Universo_EW,CMIG4
ISE,2022,Universo_EW,ITSA4
ISE,2022,Universo_EW,WEGE3
ISE,2022,Universo_EW,AZZA3
ISE,2022,Universo_EW,BBDC4
ISE,2022,Universo_EW,SANB11
ISE,2022,Universo_EW,BBAS3
ISE,2022,Universo_EW,MOTV3
ISE,2022,Universo_EW,VIVT3
ISE,2022,Universo_EW,BRKM5
ISE,2022,Universo_EW,ITUB4
ISE,2022,Universo_EW,FLRY3
ISE,2022,Universo_EW,CSAN3
ISE,2022,Universo_EW,SIMH3
ISE,2022,Universo_EW,PCAR3
ISE,2022,Universo_EW,BPAC11
ISE,2022,Universo_EW,ENBR3
ISE,2022,Universo_EW,MYPK3
ISE,2022,Universo_EW,ECOR3
ISE,2022,Universo_EW,CPLE3
ISE,2022,Universo_EW,MDIA3
ISE,2022,Universo_EW,AZUL3
ISE,2022,Universo_EW,DXCO3
ISE,2022,Universo_EW,MGLU3
ISE,2022,Universo_EW,MBRF3
ISE,2022,Universo_EW,MOVI3
ISE,2022,Universo_EW,MRVE3
ISE,2022,Universo_EW,VBBR3
ISE,2022,Universo_EW,AMBP3
ISE,2022,Universo_EW,LIGT3
ISE,2022,Universo_EW,CIEL3
ISE,2022,Universo_EW,SUZB3
ISE,2022,Universo_EW,EGIE3
ISE,2022,Universo_EW,BEEF3
ISE,2022,Universo_EW,RADL3
ISE,2022,Universo_EW,NATU3
ISE,2022,Universo_EW,AESB3
ISE,2022,Universo_EW,NEOE3
ISE,2022,Universo_EW,RAIL3
ISE,2022,Universo_EW,BHIA3
ISE,2023,Momentum,CIEL3
ISE,2023,Momentum,HYPE3
ISE,2023,Momentum,MDIA3
ISE,2023,Momentum,ASAI3
ISE,2023,Momentum,CPFE3
ISE,2023,Momentum,BBAS3
ISE,2023,Momentum,RANI3
ISE,2023,Momentum,CMIG4
ISE,2023,Momentum,AXIA3
ISE,2023,Momentum,BEEF3
ISE,2023,Baixa_Vol,ISAE4
ISE,2023,Baixa_Vol,EGIE3
ISE,2023,Baixa_Vol,VIVT3
ISE,2023,Baixa_Vol,ITSA4
ISE,2023,Baixa_Vol,TIMS3
ISE,2023,Baixa_Vol,ABEV3
ISE,2023,Baixa_Vol,AESB3
ISE,2023,Baixa_Vol,ITUB4
ISE,2023,Baixa_Vol,NEOE3
ISE,2023,Baixa_Vol,SANB11
ISE,2023,Valor,MBRF3
ISE,2023,Valor,LIGT3
ISE,2023,Valor,GFSA3
ISE,2023,Valor,PCAR3
ISE,2023,Valor,COGN3
ISE,2023,Valor,MYPK3
ISE,2023,Valor,MRVE3
ISE,2023,Valor,ALOS3
ISE,2023,Valor,AMER3
ISE,2023,Valor,BBAS3
ISE,2023,Qualidade,SLCE3
ISE,2023,Qualidade,RANI3
ISE,2023,Qualidade,AZUL3
ISE,2023,Qualidade,WEGE3
ISE,2023,Qualidade,MOTV3
ISE,2023,Qualidade,CPFE3
ISE,2023,Qualidade,RADL3
ISE,2023,Qualidade,STBP3
ISE,2023,Qualidade,CBAV3
ISE,2023,Qualidade,KLBN11
ISE,2023,Multifator,ISAE4
ISE,2023,Multifator,SAPR11
ISE,2023,Multifator,NEOE3
ISE,2023,Multifator,ITSA4
ISE,2023,Multifator,CPFE3
ISE,2023,Multifator,CMIG4
ISE,2023,Multifator,RANI3
ISE,2023,Multifator,TIMS3
ISE,2023,Multifator,CPLE3
ISE,2023,Multifator,SLCE3
ISE,2023,Uniao_TCC,ABEV3
ISE,2023,Uniao_TCC,AESB3
ISE,2023,Uniao_TCC,ALOS3
ISE,2023,Uniao_TCC,AMER3
ISE,2023,Uniao_TCC,ASAI3
ISE,2023,Uniao_TCC,AXIA3
ISE,2023,Uniao_TCC,AZUL3
ISE,2023,Uniao_TCC,BBAS3
ISE,2023,Uniao_TCC,BEEF3
ISE,2023,Uniao_TCC,CBAV3
ISE,2023,Uniao_TCC,CIEL3
ISE,2023,Uniao_TCC,CMIG4
ISE,2023,Uniao_TCC,COGN3
ISE,2023,Uniao_TCC,CPFE3
ISE,2023,Uniao_TCC,EGIE3
ISE,2023,Uniao_TCC,GFSA3
ISE,2023,Uniao_TCC,HYPE3
ISE,2023,Uniao_TCC,ISAE4
ISE,2023,Uniao_TCC,ITSA4
ISE,2023,Uniao_TCC,ITUB4
ISE,2023,Uniao_TCC,KLBN11
ISE,2023,Uniao_TCC,LIGT3
ISE,2023,Uniao_TCC,MBRF3
ISE,2023,Uniao_TCC,MDIA3
ISE,2023,Uniao_TCC,MOTV3
ISE,2023,Uniao_TCC,MRVE3
ISE,2023,Uniao_TCC,MYPK3
ISE,2023,Uniao_TCC,NEOE3
ISE,2023,Uniao_TCC,PCAR3
ISE,2023,Uniao_TCC,RADL3
ISE,2023,Uniao_TCC,RANI3
ISE,2023,Uniao_TCC,SANB11
ISE,2023,Uniao_TCC,SLCE3
ISE,2023,Uniao_TCC,STBP3
ISE,2023,Uniao_TCC,TIMS3
ISE,2023,Uniao_TCC,VIVT3
ISE,2023,Uniao_TCC,WEGE3
ISE,2023,Universo_EW,KLBN11
ISE,2023,Universo_EW,CPFE3
ISE,2023,Universo_EW,BRFS3
ISE,2023,Universo_EW,AMER3
ISE,2023,Universo_EW,TIMS3
ISE,2023,Universo_EW,LREN3
ISE,2023,Universo_EW,AXIA3
ISE,2023,Universo_EW,CMIG4
ISE,2023,Universo_EW,ITSA4
ISE,2023,Universo_EW,WEGE3
ISE,2023,Universo_EW,AZZA3
ISE,2023,Universo_EW,B3SA3
ISE,2023,Universo_EW,BBDC4
ISE,2023,Universo_EW,SANB11
ISE,2023,Universo_EW,BBAS3
ISE,2023,Universo_EW,MOTV3
ISE,2023,Universo_EW,VIVT3
ISE,2023,Universo_EW,ITUB4
ISE,2023,Universo_EW,FLRY3
ISE,2023,Universo_EW,CSAN3
ISE,2023,Universo_EW,SIMH3
ISE,2023,Universo_EW,PCAR3
ISE,2023,Universo_EW,BPAC11
ISE,2023,Universo_EW,CBAV3
ISE,2023,Universo_EW,MYPK3
ISE,2023,Universo_EW,ECOR3
ISE,2023,Universo_EW,CPLE3
ISE,2023,Universo_EW,MDIA3
ISE,2023,Universo_EW,AZUL3
ISE,2023,Universo_EW,DXCO3
ISE,2023,Universo_EW,MGLU3
ISE,2023,Universo_EW,MBRF3
ISE,2023,Universo_EW,MOVI3
ISE,2023,Universo_EW,MRVE3
ISE,2023,Universo_EW,ISAE4
ISE,2023,Universo_EW,VBBR3
ISE,2023,Universo_EW,STBP3
ISE,2023,Universo_EW,AMBP3
ISE,2023,Universo_EW,LIGT3
ISE,2023,Universo_EW,RANI3
ISE,2023,Universo_EW,ASAI3
ISE,2023,Universo_EW,CIEL3
ISE,2023,Universo_EW,COGN3
ISE,2023,Universo_EW,HYPE3
ISE,2023,Universo_EW,SUZB3
ISE,2023,Universo_EW,DASA3
ISE,2023,Universo_EW,EGIE3
ISE,2023,Universo_EW,VAMO3
ISE,2023,Universo_EW,RAIZ4
ISE,2023,Universo_EW,BEEF3
ISE,2023,Universo_EW,RADL3
ISE,2023,Universo_EW,NATU3
ISE,2023,Universo_EW,BPAN4
ISE,2023,Universo_EW,AESB3
ISE,2023,Universo_EW,AERI3
ISE,2023,Universo_EW,NEOE3
ISE,2023,Universo_EW,ALOS3
ISE,2023,Universo_EW,ENEV3
ISE,2023,Universo_EW,RDOR3
ISE,2023,Universo_EW,RAIL3
ISE,2023,Universo_EW,RIAA3
ISE,2023,Universo_EW,SAPR11
ISE,2023,Universo_EW,GRND3
ISE,2023,Universo_EW,SLCE3
ISE,2023,Universo_EW,ABEV3
ISE,2023,Universo_EW,GFSA3
ISE,2023,Universo_EW,BHIA3
ISE,2024,Momentum,CEAB3
ISE,2024,Momentum,JSLG3
ISE,2024,Momentum,YDUQ3
ISE,2024,Momentum,UGPA3
ISE,2024,Momentum,ECOR3
ISE,2024,Momentum,MTRE3
ISE,2024,Momentum,BBAS3
ISE,2024,Momentum,SAPR11
ISE,2024,Momentum,BRFS3
ISE,2024,Momentum,BPAC11
ISE,2024,Baixa_Vol,AURE3
ISE,2024,Baixa_Vol,EGIE3
ISE,2024,Baixa_Vol,ABEV3
ISE,2024,Baixa_Vol,ISAE4
ISE,2024,Baixa_Vol,ITSA4
ISE,2024,Baixa_Vol,VIVT3
ISE,2024,Baixa_Vol,KLBN11
ISE,2024,Baixa_Vol,SAPR11
ISE,2024,Baixa_Vol,CPFE3
ISE,2024,Baixa_Vol,RADL3
ISE,2024,Valor,PCAR3
ISE,2024,Valor,GFSA3
ISE,2024,Valor,USIM5
ISE,2024,Valor,MYPK3
ISE,2024,Valor,COGN3
ISE,2024,Valor,CBAV3
ISE,2024,Valor,MTRE3
ISE,2024,Valor,RIAA3
ISE,2024,Valor,CSAN3
ISE,2024,Valor,AERI3
ISE,2024,Qualidade,AZUL3
ISE,2024,Qualidade,ALOS3
ISE,2024,Qualidade,WEGE3
ISE,2024,Qualidade,CPFE3
ISE,2024,Qualidade,STBP3
ISE,2024,Qualidade,RADL3
ISE,2024,Qualidade,EGIE3
ISE,2024,Qualidade,RANI3
ISE,2024,Qualidade,SLCE3
ISE,2024,Qualidade,ABEV3
ISE,2024,Multifator,SAPR11
ISE,2024,Multifator,ALOS3
ISE,2024,Multifator,ITSA4
ISE,2024,Multifator,NEOE3
ISE,2024,Multifator,ISAE4
ISE,2024,Multifator,TIMS3
ISE,2024,Multifator,CSMG3
ISE,2024,Multifator,VIVT3
ISE,2024,Multifator,CMIG4
ISE,2024,Multifator,BBAS3
ISE,2024,Uniao_TCC,ABEV3
ISE,2024,Uniao_TCC,AERI3
ISE,2024,Uniao_TCC,ALOS3
ISE,2024,Uniao_TCC,AURE3
ISE,2024,Uniao_TCC,AZUL3
ISE,2024,Uniao_TCC,BBAS3
ISE,2024,Uniao_TCC,BPAC11
ISE,2024,Uniao_TCC,BRFS3
ISE,2024,Uniao_TCC,CBAV3
ISE,2024,Uniao_TCC,CEAB3
ISE,2024,Uniao_TCC,COGN3
ISE,2024,Uniao_TCC,CPFE3
ISE,2024,Uniao_TCC,CSAN3
ISE,2024,Uniao_TCC,ECOR3
ISE,2024,Uniao_TCC,EGIE3
ISE,2024,Uniao_TCC,GFSA3
ISE,2024,Uniao_TCC,ISAE4
ISE,2024,Uniao_TCC,ITSA4
ISE,2024,Uniao_TCC,JSLG3
ISE,2024,Uniao_TCC,KLBN11
ISE,2024,Uniao_TCC,MTRE3
ISE,2024,Uniao_TCC,MYPK3
ISE,2024,Uniao_TCC,PCAR3
ISE,2024,Uniao_TCC,RADL3
ISE,2024,Uniao_TCC,RANI3
ISE,2024,Uniao_TCC,RIAA3
ISE,2024,Uniao_TCC,SAPR11
ISE,2024,Uniao_TCC,SLCE3
ISE,2024,Uniao_TCC,STBP3
ISE,2024,Uniao_TCC,UGPA3
ISE,2024,Uniao_TCC,USIM5
ISE,2024,Uniao_TCC,VIVT3
ISE,2024,Uniao_TCC,WEGE3
ISE,2024,Uniao_TCC,YDUQ3
ISE,2024,Universo_EW,KLBN11
ISE,2024,Universo_EW,CPFE3
ISE,2024,Universo_EW,BRFS3
ISE,2024,Universo_EW,TIMS3
ISE,2024,Universo_EW,LREN3
ISE,2024,Universo_EW,AXIA3
ISE,2024,Universo_EW,CMIG4
ISE,2024,Universo_EW,ITSA4
ISE,2024,Universo_EW,WEGE3
ISE,2024,Universo_EW,B3SA3
ISE,2024,Universo_EW,BBDC4
ISE,2024,Universo_EW,SANB11
ISE,2024,Universo_EW,BBAS3
ISE,2024,Universo_EW,MOTV3
ISE,2024,Universo_EW,VIVT3
ISE,2024,Universo_EW,ITUB4
ISE,2024,Universo_EW,FLRY3
ISE,2024,Universo_EW,CSAN3
ISE,2024,Universo_EW,SIMH3
ISE,2024,Universo_EW,PCAR3
ISE,2024,Universo_EW,BPAC11
ISE,2024,Universo_EW,CBAV3
ISE,2024,Universo_EW,MYPK3
ISE,2024,Universo_EW,ECOR3
ISE,2024,Universo_EW,CPLE3
ISE,2024,Universo_EW,MDIA3
ISE,2024,Universo_EW,AZUL3
ISE,2024,Universo_EW,DXCO3
ISE,2024,Universo_EW,MGLU3
ISE,2024,Universo_EW,MOVI3
ISE,2024,Universo_EW,MRVE3
ISE,2024,Universo_EW,VBBR3
ISE,2024,Universo_EW,STBP3
ISE,2024,Universo_EW,AMBP3
ISE,2024,Universo_EW,RANI3
ISE,2024,Universo_EW,ASAI3
ISE,2024,Universo_EW,COGN3
ISE,2024,Universo_EW,HYPE3
ISE,2024,Universo_EW,SUZB3
ISE,2024,Universo_EW,DASA3
ISE,2024,Universo_EW,EGIE3
ISE,2024,Universo_EW,VAMO3
ISE,2024,Universo_EW,RAIZ4
ISE,2024,Universo_EW,BEEF3
ISE,2024,Universo_EW,RADL3
ISE,2024,Universo_EW,NATU3
ISE,2024,Universo_EW,BPAN4
ISE,2024,Universo_EW,ISAE4
ISE,2024,Universo_EW,AERI3
ISE,2024,Universo_EW,NEOE3
ISE,2024,Universo_EW,ALOS3
ISE,2024,Universo_EW,ENEV3
ISE,2024,Universo_EW,RDOR3
ISE,2024,Universo_EW,PSSA3
ISE,2024,Universo_EW,RAIL3
ISE,2024,Universo_EW,RIAA3
ISE,2024,Universo_EW,SAPR11
ISE,2024,Universo_EW,GRND3
ISE,2024,Universo_EW,SLCE3
ISE,2024,Universo_EW,ABEV3
ISE,2024,Universo_EW,GFSA3
ISE,2024,Universo_EW,CSMG3
ISE,2024,Universo_EW,SRNA3
ISE,2024,Universo_EW,IGTI11
ISE,2024,Universo_EW,CAML3
ISE,2024,Universo_EW,CRFB3
ISE,2024,Universo_EW,JSLG3
ISE,2024,Universo_EW,AURE3
ISE,2024,Universo_EW,YDUQ3
ISE,2024,Universo_EW,UGPA3
ISE,2024,Universo_EW,AZZA3
ISE,2024,Universo_EW,USIM5
ISE,2024,Universo_EW,MTRE3
ISE,2024,Universo_EW,CEAB3
ISE,2024,Universo_EW,BHIA3
ISE,2025,Momentum,AMBP3
ISE,2025,Momentum,MBRF3
ISE,2025,Momentum,BRFS3
ISE,2025,Momentum,STBP3
ISE,2025,Momentum,WEGE3
ISE,2025,Momentum,CMIG4
ISE,2025,Momentum,PSSA3
ISE,2025,Momentum,TTEN3
ISE,2025,Momentum,KLBN11
ISE,2025,Momentum,SBSP3
ISE,2025,Baixa_Vol,BBAS3
ISE,2025,Baixa_Vol,EGIE3
ISE,2025,Baixa_Vol,AURE3
ISE,2025,Baixa_Vol,ITUB4
ISE,2025,Baixa_Vol,ITSA4
ISE,2025,Baixa_Vol,CPFE3
ISE,2025,Baixa_Vol,KLBN11
ISE,2025,Baixa_Vol,NEOE3
ISE,2025,Baixa_Vol,PORT3
ISE,2025,Baixa_Vol,ISAE4
ISE,2025,Valor,GFSA3
ISE,2025,Valor,BHIA3
ISE,2025,Valor,COGN3
ISE,2025,Valor,USIM5
ISE,2025,Valor,MTRE3
ISE,2025,Valor,CSAN3
ISE,2025,Valor,PCAR3
ISE,2025,Valor,MYPK3
ISE,2025,Valor,MRVE3
ISE,2025,Valor,SIMH3
ISE,2025,Qualidade,AZUL3
ISE,2025,Qualidade,VBBR3
ISE,2025,Qualidade,WEGE3
ISE,2025,Qualidade,SBSP3
ISE,2025,Qualidade,CMIG4
ISE,2025,Qualidade,STBP3
ISE,2025,Qualidade,RADL3
ISE,2025,Qualidade,EGIE3
ISE,2025,Qualidade,CPFE3
ISE,2025,Qualidade,TIMS3
ISE,2025,Multifator,NEOE3
ISE,2025,Multifator,ISAE4
ISE,2025,Multifator,ITSA4
ISE,2025,Multifator,CMIG4
ISE,2025,Multifator,SAPR11
ISE,2025,Multifator,SBSP3
ISE,2025,Multifator,VBBR3
ISE,2025,Multifator,CSMG3
ISE,2025,Multifator,AXIA3
ISE,2025,Multifator,CPLE3
ISE,2025,Uniao_TCC,AMBP3
ISE,2025,Uniao_TCC,AURE3
ISE,2025,Uniao_TCC,AZUL3
ISE,2025,Uniao_TCC,BBAS3
ISE,2025,Uniao_TCC,BHIA3
ISE,2025,Uniao_TCC,BRFS3
ISE,2025,Uniao_TCC,CMIG4
ISE,2025,Uniao_TCC,COGN3
ISE,2025,Uniao_TCC,CPFE3
ISE,2025,Uniao_TCC,CSAN3
ISE,2025,Uniao_TCC,EGIE3
ISE,2025,Uniao_TCC,GFSA3
ISE,2025,Uniao_TCC,ISAE4
ISE,2025,Uniao_TCC,ITSA4
ISE,2025,Uniao_TCC,ITUB4
ISE,2025,Uniao_TCC,KLBN11
ISE,2025,Uniao_TCC,MBRF3
ISE,2025,Uniao_TCC,MRVE3
ISE,2025,Uniao_TCC,MTRE3
ISE,2025,Uniao_TCC,MYPK3
ISE,2025,Uniao_TCC,NEOE3
ISE,2025,Uniao_TCC,PCAR3
ISE,2025,Uniao_TCC,PORT3
ISE,2025,Uniao_TCC,PSSA3
ISE,2025,Uniao_TCC,RADL3
ISE,2025,Uniao_TCC,SBSP3
ISE,2025,Uniao_TCC,SIMH3
ISE,2025,Uniao_TCC,STBP3
ISE,2025,Uniao_TCC,TIMS3
ISE,2025,Uniao_TCC,TTEN3
ISE,2025,Uniao_TCC,USIM5
ISE,2025,Uniao_TCC,VBBR3
ISE,2025,Uniao_TCC,WEGE3
ISE,2025,Universo_EW,ALOS3
ISE,2025,Universo_EW,AURE3
ISE,2025,Universo_EW,AXIA3
ISE,2025,Universo_EW,AZZA3
ISE,2025,Universo_EW,B3SA3
ISE,2025,Universo_EW,BBAS3
ISE,2025,Universo_EW,BBDC4
ISE,2025,Universo_EW,BRKM5
ISE,2025,Universo_EW,BPAC11
ISE,2025,Universo_EW,CEAB3
ISE,2025,Universo_EW,CAML3
ISE,2025,Universo_EW,BHIA3
ISE,2025,Universo_EW,CMIG4
ISE,2025,Universo_EW,CBAV3
ISE,2025,Universo_EW,COGN3
ISE,2025,Universo_EW,CSMG3
ISE,2025,Universo_EW,CPLE3
ISE,2025,Universo_EW,CSAN3
ISE,2025,Universo_EW,CPFE3
ISE,2025,Universo_EW,CYRE3
ISE,2025,Universo_EW,DXCO3
ISE,2025,Universo_EW,ECOR3
ISE,2025,Universo_EW,ENEV3
ISE,2025,Universo_EW,EGIE3
ISE,2025,Universo_EW,EQTL3
ISE,2025,Universo_EW,FLRY3
ISE,2025,Universo_EW,GFSA3
ISE,2025,Universo_EW,RIAA3
ISE,2025,Universo_EW,HBSA3
ISE,2025,Universo_EW,HYPE3
ISE,2025,Universo_EW,IGTI11
ISE,2025,Universo_EW,MYPK3
ISE,2025,Universo_EW,RANI3
ISE,2025,Universo_EW,ISAE4
ISE,2025,Universo_EW,ITUB4
ISE,2025,Universo_EW,ITSA4
ISE,2025,Universo_EW,JSLG3
ISE,2025,Universo_EW,KLBN11
ISE,2025,Universo_EW,LJQQ3
ISE,2025,Universo_EW,LREN3
ISE,2025,Universo_EW,MDIA3
ISE,2025,Universo_EW,MGLU3
ISE,2025,Universo_EW,MBRF3
ISE,2025,Universo_EW,BEEF3
ISE,2025,Universo_EW,MTRE3
ISE,2025,Universo_EW,MOTV3
ISE,2025,Universo_EW,MOVI3
ISE,2025,Universo_EW,MRVE3
ISE,2025,Universo_EW,NATU3
ISE,2025,Universo_EW,OPCT3
ISE,2025,Universo_EW,PTBL3
ISE,2025,Universo_EW,PSSA3
ISE,2025,Universo_EW,RADL3
ISE,2025,Universo_EW,RDOR3
ISE,2025,Universo_EW,RAIL3
ISE,2025,Universo_EW,SBSP3
ISE,2025,Universo_EW,SAPR11
ISE,2025,Universo_EW,SANB11
ISE,2025,Universo_EW,SIMH3
ISE,2025,Universo_EW,SLCE3
ISE,2025,Universo_EW,VIVT3
ISE,2025,Universo_EW,TIMS3
ISE,2025,Universo_EW,TTEN3
ISE,2025,Universo_EW,UGPA3
ISE,2025,Universo_EW,USIM5
ISE,2025,Universo_EW,VAMO3
ISE,2025,Universo_EW,VBBR3
ISE,2025,Universo_EW,WEGE3
ISE,2025,Universo_EW,YDUQ3
ISE,2025,Universo_EW,AZUL3
ISE,2025,Universo_EW,CRFB3
ISE,2025,Universo_EW,BRFS3
ISE,2025,Universo_EW,STBP3
ISE,2025,Universo_EW,AMBP3
ISE,2025,Universo_EW,SRNA3
ISE,2025,Universo_EW,PORT3
ISE,2025,Universo_EW,BPAN4
ISE,2025,Universo_EW,NEOE3
ISE,2025,Universo_EW,PCAR3
ISE,2025,Universo_EW,RAIZ4
IBRX,2016,Momentum,KLBN11
IBRX,2016,Momentum,BRKM5
IBRX,2016,Momentum,SULA11
IBRX,2016,Momentum,RADL3
IBRX,2016,Momentum,BEEF3
IBRX,2016,Momentum,ENBR3
IBRX,2016,Momentum,SANB11
IBRX,2016,Momentum,HYPE3
IBRX,2016,Momentum,EQTL3
IBRX,2016,Momentum,SMTO3
IBRX,2016,Baixa_Vol,SUZB3
IBRX,2016,Baixa_Vol,ABEV3
IBRX,2016,Baixa_Vol,UGPA3
IBRX,2016,Baixa_Vol,TAEE11
IBRX,2016,Baixa_Vol,LEVE3
IBRX,2016,Baixa_Vol,BRFS3
IBRX,2016,Baixa_Vol,KLBN11
IBRX,2016,Baixa_Vol,WEGE3
IBRX,2016,Baixa_Vol,CIEL3
IBRX,2016,Baixa_Vol,EQTL3
IBRX,2016,Valor,GOAU4
IBRX,2016,Valor,RSID3
IBRX,2016,Valor,OIBR4
IBRX,2016,Valor,USIM5
IBRX,2016,Valor,RLOG3
IBRX,2016,Valor,BRAP4
IBRX,2016,Valor,GGBR4
IBRX,2016,Valor,TCSA3
IBRX,2016,Valor,GFSA3
IBRX,2016,Valor,DIRR3
IBRX,2016,Qualidade,BBSE3
IBRX,2016,Qualidade,CVCB3
IBRX,2016,Qualidade,ABEV3
IBRX,2016,Qualidade,LREN3
IBRX,2016,Qualidade,HGTX3
IBRX,2016,Qualidade,BRKM5
IBRX,2016,Qualidade,SEER3
IBRX,2016,Qualidade,CMIG4
IBRX,2016,Qualidade,ITSA4
IBRX,2016,Qualidade,AZZA3
IBRX,2016,Multifator,ENBR3
IBRX,2016,Multifator,B3SA3
IBRX,2016,Multifator,TAEE11
IBRX,2016,Multifator,EQTL3
IBRX,2016,Multifator,ABEV3
IBRX,2016,Multifator,ITSA4
IBRX,2016,Multifator,LEVE3
IBRX,2016,Multifator,GRND3
IBRX,2016,Multifator,UGPA3
IBRX,2016,Multifator,RADL3
IBRX,2016,Uniao_TCC,ABEV3
IBRX,2016,Uniao_TCC,AZZA3
IBRX,2016,Uniao_TCC,BBSE3
IBRX,2016,Uniao_TCC,BEEF3
IBRX,2016,Uniao_TCC,BRAP4
IBRX,2016,Uniao_TCC,BRFS3
IBRX,2016,Uniao_TCC,BRKM5
IBRX,2016,Uniao_TCC,CIEL3
IBRX,2016,Uniao_TCC,CMIG4
IBRX,2016,Uniao_TCC,CVCB3
IBRX,2016,Uniao_TCC,DIRR3
IBRX,2016,Uniao_TCC,ENBR3
IBRX,2016,Uniao_TCC,EQTL3
IBRX,2016,Uniao_TCC,GFSA3
IBRX,2016,Uniao_TCC,GGBR4
IBRX,2016,Uniao_TCC,GOAU4
IBRX,2016,Uniao_TCC,HGTX3
IBRX,2016,Uniao_TCC,HYPE3
IBRX,2016,Uniao_TCC,ITSA4
IBRX,2016,Uniao_TCC,KLBN11
IBRX,2016,Uniao_TCC,LEVE3
IBRX,2016,Uniao_TCC,LREN3
IBRX,2016,Uniao_TCC,OIBR4
IBRX,2016,Uniao_TCC,RADL3
IBRX,2016,Uniao_TCC,RLOG3
IBRX,2016,Uniao_TCC,RSID3
IBRX,2016,Uniao_TCC,SANB11
IBRX,2016,Uniao_TCC,SEER3
IBRX,2016,Uniao_TCC,SMTO3
IBRX,2016,Uniao_TCC,SULA11
IBRX,2016,Uniao_TCC,SUZB3
IBRX,2016,Uniao_TCC,TAEE11
IBRX,2016,Uniao_TCC,TCSA3
IBRX,2016,Uniao_TCC,UGPA3
IBRX,2016,Uniao_TCC,USIM5
IBRX,2016,Uniao_TCC,WEGE3
IBRX,2016,Universo_EW,PETR4
IBRX,2016,Universo_EW,ITUB4
IBRX,2016,Universo_EW,BBDC4
IBRX,2016,Universo_EW,ABEV3
IBRX,2016,Universo_EW,COGN3
IBRX,2016,Universo_EW,BRFS3
IBRX,2016,Universo_EW,CIEL3
IBRX,2016,Universo_EW,ITSA4
IBRX,2016,Universo_EW,BBSE3
IBRX,2016,Universo_EW,BBAS3
IBRX,2016,Universo_EW,B3SA3
IBRX,2016,Universo_EW,VALE3
IBRX,2016,Universo_EW,UGPA3
IBRX,2016,Universo_EW,SUZB3
IBRX,2016,Universo_EW,VIVT4
IBRX,2016,Universo_EW,LREN3
IBRX,2016,Universo_EW,GGBR4
IBRX,2016,Universo_EW,KLBN11
IBRX,2016,Universo_EW,EQTL3
IBRX,2016,Universo_EW,HYPE3
IBRX,2016,Universo_EW,QUAL3
IBRX,2016,Universo_EW,YDUQ3
IBRX,2016,Universo_EW,RADL3
IBRX,2016,Universo_EW,BRML3
IBRX,2016,Universo_EW,CMIG4
IBRX,2016,Universo_EW,MULT3
IBRX,2016,Universo_EW,LAME4
IBRX,2016,Universo_EW,BRKM5
IBRX,2016,Universo_EW,USIM5
IBRX,2016,Universo_EW,CSAN3
IBRX,2016,Universo_EW,TIMS3
IBRX,2016,Universo_EW,CSNA3
IBRX,2016,Universo_EW,RENT3
IBRX,2016,Universo_EW,WEGE3
IBRX,2016,Universo_EW,BRAP4
IBRX,2016,Universo_EW,CESP6
IBRX,2016,Universo_EW,CYRE3
IBRX,2016,Universo_EW,CPFE3
IBRX,2016,Universo_EW,SBSP3
IBRX,2016,Universo_EW,GOAU4
IBRX,2016,Universo_EW,TOTS3
IBRX,2016,Universo_EW,ENBR3
IBRX,2016,Universo_EW,MRVE3
IBRX,2016,Universo_EW,CPLE6
IBRX,2016,Universo_EW,OIBR4
IBRX,2016,Universo_EW,PSSA3
IBRX,2016,Universo_EW,BRPR3
IBRX,2016,Universo_EW,HGTX3
IBRX,2016,Universo_EW,SULA11
IBRX,2016,Universo_EW,VLID3
IBRX,2016,Universo_EW,TAEE11
IBRX,2016,Universo_EW,SANB11
IBRX,2016,Universo_EW,ECOR3
IBRX,2016,Universo_EW,LIGT3
IBRX,2016,Universo_EW,BRSR6
IBRX,2016,Universo_EW,DXCO3
IBRX,2016,Universo_EW,MDIA3
IBRX,2016,Universo_EW,ANIM3
IBRX,2016,Universo_EW,AMER3
IBRX,2016,Universo_EW,POMO4
IBRX,2016,Universo_EW,BEEF3
IBRX,2016,Universo_EW,EVEN3
IBRX,2016,Universo_EW,EZTC3
IBRX,2016,Universo_EW,SMTO3
IBRX,2016,Universo_EW,LINX3
IBRX,2016,Universo_EW,GFSA3
IBRX,2016,Universo_EW,MYPK3
IBRX,2016,Universo_EW,SEER3
IBRX,2016,Universo_EW,CVCB3
IBRX,2016,Universo_EW,PDGR3
IBRX,2016,Universo_EW,GRND3
IBRX,2016,Universo_EW,ENAT3
IBRX,2016,Universo_EW,ALPA4
IBRX,2016,Universo_EW,MILS3
IBRX,2016,Universo_EW,RAPT4
IBRX,2016,Universo_EW,TUPY3
IBRX,2016,Universo_EW,DIRR3
IBRX,2016,Universo_EW,TCSA3
IBRX,2016,Universo_EW,CSMG3
IBRX,2016,Universo_EW,LEVE3
IBRX,2016,Universo_EW,MGLU3
IBRX,2016,Universo_EW,AZZA3
IBRX,2016,Universo_EW,RSID3
IBRX,2016,Universo_EW,SLCE3
IBRX,2016,Universo_EW,FLRY3
IBRX,2016,Universo_EW,ALUP11
IBRX,2016,Universo_EW,RLOG3
IBRX,2016,Universo_EW,ABCB4
IBRX,2017,Momentum,MGLU3
IBRX,2017,Momentum,SAPR4
IBRX,2017,Momentum,BRAP4
IBRX,2017,Momentum,GOAU4
IBRX,2017,Momentum,CSNA3
IBRX,2017,Momentum,USIM5
IBRX,2017,Momentum,CSMG3
IBRX,2017,Momentum,SEER3
IBRX,2017,Momentum,FLRY3
IBRX,2017,Momentum,GGBR4
IBRX,2017,Baixa_Vol,SUZB3
IBRX,2017,Baixa_Vol,ABEV3
IBRX,2017,Baixa_Vol,EGIE3
IBRX,2017,Baixa_Vol,UGPA3
IBRX,2017,Baixa_Vol,EQTL3
IBRX,2017,Baixa_Vol,RADL3
IBRX,2017,Baixa_Vol,CPFE3
IBRX,2017,Baixa_Vol,GRND3
IBRX,2017,Baixa_Vol,MULT3
IBRX,2017,Baixa_Vol,ENBR3
IBRX,2017,Valor,OIBR4
IBRX,2017,Valor,GOAU4
IBRX,2017,Valor,GFSA3
IBRX,2017,Valor,USIM5
IBRX,2017,Valor,EVEN3
IBRX,2017,Valor,DIRR3
IBRX,2017,Valor,BRPR3
IBRX,2017,Valor,CPLE6
IBRX,2017,Valor,ENAT3
IBRX,2017,Valor,MYPK3
IBRX,2017,Qualidade,BBSE3
IBRX,2017,Qualidade,CVCB3
IBRX,2017,Qualidade,ABEV3
IBRX,2017,Qualidade,BBDC4
IBRX,2017,Qualidade,BRKM5
IBRX,2017,Qualidade,ITUB4
IBRX,2017,Qualidade,CGAS5
IBRX,2017,Qualidade,EGIE3
IBRX,2017,Qualidade,ABCB4
IBRX,2017,Qualidade,BBAS3
IBRX,2017,Multifator,ABCB4
IBRX,2017,Multifator,SANB11
IBRX,2017,Multifator,ALUP11
IBRX,2017,Multifator,ENBR3
IBRX,2017,Multifator,CSAN3
IBRX,2017,Multifator,CGAS5
IBRX,2017,Multifator,BRSR6
IBRX,2017,Multifator,ITUB4
IBRX,2017,Multifator,RADL3
IBRX,2017,Multifator,BBAS3
IBRX,2017,Uniao_TCC,ABCB4
IBRX,2017,Uniao_TCC,ABEV3
IBRX,2017,Uniao_TCC,BBAS3
IBRX,2017,Uniao_TCC,BBDC4
IBRX,2017,Uniao_TCC,BBSE3
IBRX,2017,Uniao_TCC,BRAP4
IBRX,2017,Uniao_TCC,BRKM5
IBRX,2017,Uniao_TCC,BRPR3
IBRX,2017,Uniao_TCC,CGAS5
IBRX,2017,Uniao_TCC,CPFE3
IBRX,2017,Uniao_TCC,CPLE6
IBRX,2017,Uniao_TCC,CSMG3
IBRX,2017,Uniao_TCC,CSNA3
IBRX,2017,Uniao_TCC,CVCB3
IBRX,2017,Uniao_TCC,DIRR3
IBRX,2017,Uniao_TCC,EGIE3
IBRX,2017,Uniao_TCC,ENAT3
IBRX,2017,Uniao_TCC,ENBR3
IBRX,2017,Uniao_TCC,EQTL3
IBRX,2017,Uniao_TCC,EVEN3
IBRX,2017,Uniao_TCC,FLRY3
IBRX,2017,Uniao_TCC,GFSA3
IBRX,2017,Uniao_TCC,GGBR4
IBRX,2017,Uniao_TCC,GOAU4
IBRX,2017,Uniao_TCC,GRND3
IBRX,2017,Uniao_TCC,ITUB4
IBRX,2017,Uniao_TCC,MGLU3
IBRX,2017,Uniao_TCC,MULT3
IBRX,2017,Uniao_TCC,MYPK3
IBRX,2017,Uniao_TCC,OIBR4
IBRX,2017,Uniao_TCC,RADL3
IBRX,2017,Uniao_TCC,SAPR4
IBRX,2017,Uniao_TCC,SEER3
IBRX,2017,Uniao_TCC,SUZB3
IBRX,2017,Uniao_TCC,UGPA3
IBRX,2017,Uniao_TCC,USIM5
IBRX,2017,Universo_EW,PETR4
IBRX,2017,Universo_EW,ITUB4
IBRX,2017,Universo_EW,BBDC4
IBRX,2017,Universo_EW,ABEV3
IBRX,2017,Universo_EW,BBAS3
IBRX,2017,Universo_EW,B3SA3
IBRX,2017,Universo_EW,ITSA4
IBRX,2017,Universo_EW,CIEL3
IBRX,2017,Universo_EW,VALE3
IBRX,2017,Universo_EW,COGN3
IBRX,2017,Universo_EW,BBSE3
IBRX,2017,Universo_EW,BRFS3
IBRX,2017,Universo_EW,GGBR4
IBRX,2017,Universo_EW,UGPA3
IBRX,2017,Universo_EW,VIVT4
IBRX,2017,Universo_EW,LREN3
IBRX,2017,Universo_EW,HYPE3
IBRX,2017,Universo_EW,USIM5
IBRX,2017,Universo_EW,GOAU4
IBRX,2017,Universo_EW,SUZB3
IBRX,2017,Universo_EW,CSNA3
IBRX,2017,Universo_EW,RADL3
IBRX,2017,Universo_EW,BRML3
IBRX,2017,Universo_EW,EQTL3
IBRX,2017,Universo_EW,SBSP3
IBRX,2017,Universo_EW,KLBN11
IBRX,2017,Universo_EW,CMIG4
IBRX,2017,Universo_EW,BRKM5
IBRX,2017,Universo_EW,LAME4
IBRX,2017,Universo_EW,MULT3
IBRX,2017,Universo_EW,CPFE3
IBRX,2017,Universo_EW,RENT3
IBRX,2017,Universo_EW,YDUQ3
IBRX,2017,Universo_EW,QUAL3
IBRX,2017,Universo_EW,CSAN3
IBRX,2017,Universo_EW,WEGE3
IBRX,2017,Universo_EW,EGIE3
IBRX,2017,Universo_EW,MRVE3
IBRX,2017,Universo_EW,ENBR3
IBRX,2017,Universo_EW,SANB11
IBRX,2017,Universo_EW,BRAP4
IBRX,2017,Universo_EW,CYRE3
IBRX,2017,Universo_EW,ECOR3
IBRX,2017,Universo_EW,TAEE11
IBRX,2017,Universo_EW,TIMS3
IBRX,2017,Universo_EW,CESP6
IBRX,2017,Universo_EW,CPLE6
IBRX,2017,Universo_EW,TOTS3
IBRX,2017,Universo_EW,PSSA3
IBRX,2017,Universo_EW,OIBR4
IBRX,2017,Universo_EW,FLRY3
IBRX,2017,Universo_EW,MDIA3
IBRX,2017,Universo_EW,CVCB3
IBRX,2017,Universo_EW,SMTO3
IBRX,2017,Universo_EW,LIGT3
IBRX,2017,Universo_EW,SULA11
IBRX,2017,Universo_EW,VLID3
IBRX,2017,Universo_EW,DXCO3
IBRX,2017,Universo_EW,GFSA3
IBRX,2017,Universo_EW,CSMG3
IBRX,2017,Universo_EW,AMER3
IBRX,2017,Universo_EW,BEEF3
IBRX,2017,Universo_EW,ENGI11
IBRX,2017,Universo_EW,POMO4
IBRX,2017,Universo_EW,BRSR6
IBRX,2017,Universo_EW,EZTC3
IBRX,2017,Universo_EW,HGTX3
IBRX,2017,Universo_EW,MGLU3
IBRX,2017,Universo_EW,MYPK3
IBRX,2017,Universo_EW,RAPT4
IBRX,2017,Universo_EW,LINX3
IBRX,2017,Universo_EW,BRPR3
IBRX,2017,Universo_EW,LEVE3
IBRX,2017,Universo_EW,TUPY3
IBRX,2017,Universo_EW,ALUP11
IBRX,2017,Universo_EW,ALPA4
IBRX,2017,Universo_EW,SEER3
IBRX,2017,Universo_EW,SAPR4
IBRX,2017,Universo_EW,GRND3
IBRX,2017,Universo_EW,SLCE3
IBRX,2017,Universo_EW,ENAT3
IBRX,2017,Universo_EW,EVEN3
IBRX,2017,Universo_EW,CGAS5
IBRX,2017,Universo_EW,MILS3
IBRX,2017,Universo_EW,AZZA3
IBRX,2017,Universo_EW,PDGR3
IBRX,2017,Universo_EW,DIRR3
IBRX,2017,Universo_EW,ABCB4
IBRX,2017,Universo_EW,ANIM3
IBRX,2018,Momentum,MGLU3
IBRX,2018,Momentum,AZZA3
IBRX,2018,Momentum,USIM5
IBRX,2018,Momentum,YDUQ3
IBRX,2018,Momentum,CVCB3
IBRX,2018,Momentum,BRAP4
IBRX,2018,Momentum,RAPT4
IBRX,2018,Momentum,AMER3
IBRX,2018,Momentum,MYPK3
IBRX,2018,Momentum,RENT3
IBRX,2018,Baixa_Vol,SUZB3
IBRX,2018,Baixa_Vol,VIVT4
IBRX,2018,Baixa_Vol,ABEV3
IBRX,2018,Baixa_Vol,EGIE3
IBRX,2018,Baixa_Vol,EQTL3
IBRX,2018,Baixa_Vol,ALUP11
IBRX,2018,Baixa_Vol,UGPA3
IBRX,2018,Baixa_Vol,HYPE3
IBRX,2018,Baixa_Vol,CPFE3
IBRX,2018,Baixa_Vol,TIMS3
IBRX,2018,Valor,GOAU4
IBRX,2018,Valor,OIBR4
IBRX,2018,Valor,CPLE6
IBRX,2018,Valor,GFSA3
IBRX,2018,Valor,DIRR3
IBRX,2018,Valor,CESP6
IBRX,2018,Valor,CMIG4
IBRX,2018,Valor,USIM5
IBRX,2018,Valor,BRPR3
IBRX,2018,Valor,PETR4
IBRX,2018,Qualidade,WIZC3
IBRX,2018,Qualidade,BBSE3
IBRX,2018,Qualidade,CVCB3
IBRX,2018,Qualidade,MGLU3
IBRX,2018,Qualidade,ABEV3
IBRX,2018,Qualidade,EGIE3
IBRX,2018,Qualidade,ITUB4
IBRX,2018,Qualidade,AZZA3
IBRX,2018,Qualidade,LREN3
IBRX,2018,Qualidade,BBDC4
IBRX,2018,Multifator,SLCE3
IBRX,2018,Multifator,ITUB4
IBRX,2018,Multifator,ITSA3
IBRX,2018,Multifator,BBDC4
IBRX,2018,Multifator,ALUP11
IBRX,2018,Multifator,TIMS3
IBRX,2018,Multifator,CVCB3
IBRX,2018,Multifator,ABEV3
IBRX,2018,Multifator,RENT3
IBRX,2018,Multifator,ABCB4
IBRX,2018,Uniao_TCC,ABEV3
IBRX,2018,Uniao_TCC,ALUP11
IBRX,2018,Uniao_TCC,AMER3
IBRX,2018,Uniao_TCC,AZZA3
IBRX,2018,Uniao_TCC,BBDC4
IBRX,2018,Uniao_TCC,BBSE3
IBRX,2018,Uniao_TCC,BRAP4
IBRX,2018,Uniao_TCC,BRPR3
IBRX,2018,Uniao_TCC,CESP6
IBRX,2018,Uniao_TCC,CMIG4
IBRX,2018,Uniao_TCC,CPFE3
IBRX,2018,Uniao_TCC,CPLE6
IBRX,2018,Uniao_TCC,CVCB3
IBRX,2018,Uniao_TCC,DIRR3
IBRX,2018,Uniao_TCC,EGIE3
IBRX,2018,Uniao_TCC,EQTL3
IBRX,2018,Uniao_TCC,GFSA3
IBRX,2018,Uniao_TCC,GOAU4
IBRX,2018,Uniao_TCC,HYPE3
IBRX,2018,Uniao_TCC,ITUB4
IBRX,2018,Uniao_TCC,LREN3
IBRX,2018,Uniao_TCC,MGLU3
IBRX,2018,Uniao_TCC,MYPK3
IBRX,2018,Uniao_TCC,OIBR4
IBRX,2018,Uniao_TCC,PETR4
IBRX,2018,Uniao_TCC,RAPT4
IBRX,2018,Uniao_TCC,RENT3
IBRX,2018,Uniao_TCC,SUZB3
IBRX,2018,Uniao_TCC,TIMS3
IBRX,2018,Uniao_TCC,UGPA3
IBRX,2018,Uniao_TCC,USIM5
IBRX,2018,Uniao_TCC,VIVT4
IBRX,2018,Uniao_TCC,WIZC3
IBRX,2018,Uniao_TCC,YDUQ3
IBRX,2018,Universo_EW,PETR4
IBRX,2018,Universo_EW,ITUB4
IBRX,2018,Universo_EW,VALE3
IBRX,2018,Universo_EW,BBDC4
IBRX,2018,Universo_EW,ABEV3
IBRX,2018,Universo_EW,BBAS3
IBRX,2018,Universo_EW,B3SA3
IBRX,2018,Universo_EW,CIEL3
IBRX,2018,Universo_EW,COGN3
IBRX,2018,Universo_EW,BRFS3
IBRX,2018,Universo_EW,GGBR4
IBRX,2018,Universo_EW,USIM5
IBRX,2018,Universo_EW,BBSE3
IBRX,2018,Universo_EW,UGPA3
IBRX,2018,Universo_EW,LREN3
IBRX,2018,Universo_EW,LAME4
IBRX,2018,Universo_EW,RADL3
IBRX,2018,Universo_EW,GOAU4
IBRX,2018,Universo_EW,VIVT4
IBRX,2018,Universo_EW,MGLU3
IBRX,2018,Universo_EW,HYPE3
IBRX,2018,Universo_EW,BRML3
IBRX,2018,Universo_EW,YDUQ3
IBRX,2018,Universo_EW,CSNA3
IBRX,2018,Universo_EW,RENT3
IBRX,2018,Universo_EW,EQTL3
IBRX,2018,Universo_EW,CMIG4
IBRX,2018,Universo_EW,SUZB3
IBRX,2018,Universo_EW,QUAL3
IBRX,2018,Universo_EW,BRKM5
IBRX,2018,Universo_EW,BRAP4
IBRX,2018,Universo_EW,MULT3
IBRX,2018,Universo_EW,SBSP3
IBRX,2018,Universo_EW,SANB11
IBRX,2018,Universo_EW,CSAN3
IBRX,2018,Universo_EW,MRVE3
IBRX,2018,Universo_EW,FLRY3
IBRX,2018,Universo_EW,TAEE11
IBRX,2018,Universo_EW,KLBN11
IBRX,2018,Universo_EW,WEGE3
IBRX,2018,Universo_EW,CPFE3
IBRX,2018,Universo_EW,TIMS3
IBRX,2018,Universo_EW,CVCB3
IBRX,2018,Universo_EW,EGIE3
IBRX,2018,Universo_EW,ECOR3
IBRX,2018,Universo_EW,CSMG3
IBRX,2018,Universo_EW,CYRE3
IBRX,2018,Universo_EW,MDIA3
IBRX,2018,Universo_EW,AMER3
IBRX,2018,Universo_EW,CESP6
IBRX,2018,Universo_EW,ENBR3
IBRX,2018,Universo_EW,LIGT3
IBRX,2018,Universo_EW,HGTX3
IBRX,2018,Universo_EW,CPLE6
IBRX,2018,Universo_EW,ITSA3
IBRX,2018,Universo_EW,AESB3
IBRX,2018,Universo_EW,DXCO3
IBRX,2018,Universo_EW,BRSR6
IBRX,2018,Universo_EW,PSSA3
IBRX,2018,Universo_EW,WIZC3
IBRX,2018,Universo_EW,SEER3
IBRX,2018,Universo_EW,SULA11
IBRX,2018,Universo_EW,ENGI11
IBRX,2018,Universo_EW,OIBR4
IBRX,2018,Universo_EW,MYPK3
IBRX,2018,Universo_EW,TOTS3
IBRX,2018,Universo_EW,BEEF3
IBRX,2018,Universo_EW,POMO4
IBRX,2018,Universo_EW,SMTO3
IBRX,2018,Universo_EW,AZZA3
IBRX,2018,Universo_EW,ALUP11
IBRX,2018,Universo_EW,EZTC3
IBRX,2018,Universo_EW,LINX3
IBRX,2018,Universo_EW,VLID3
IBRX,2018,Universo_EW,ALPA4
IBRX,2018,Universo_EW,GFSA3
IBRX,2018,Universo_EW,RAPT4
IBRX,2018,Universo_EW,GRND3
IBRX,2018,Universo_EW,PDGR3
IBRX,2018,Universo_EW,ABCB4
IBRX,2018,Universo_EW,BRPR3
IBRX,2018,Universo_EW,TUPY3
IBRX,2018,Universo_EW,SLCE3
IBRX,2018,Universo_EW,CGAS5
IBRX,2018,Universo_EW,AALR3
IBRX,2018,Universo_EW,DIRR3
IBRX,2018,Universo_EW,MEAL3
IBRX,2018,Universo_EW,LEVE3
IBRX,2019,Momentum,IRBR3
IBRX,2019,Momentum,MGLU3
IBRX,2019,Momentum,CMIG4
IBRX,2019,Momentum,AMER3
IBRX,2019,Momentum,SUZB3
IBRX,2019,Momentum,BRSR6
IBRX,2019,Momentum,CESP6
IBRX,2019,Momentum,TEND3
IBRX,2019,Momentum,SLCE3
IBRX,2019,Momentum,SULA11
IBRX,2019,Baixa_Vol,ALUP11
IBRX,2019,Baixa_Vol,CPFE3
IBRX,2019,Baixa_Vol,EGIE3
IBRX,2019,Baixa_Vol,ABEV3
IBRX,2019,Baixa_Vol,TAEE11
IBRX,2019,Baixa_Vol,KLBN11
IBRX,2019,Baixa_Vol,SAPR11
IBRX,2019,Baixa_Vol,SMTO3
IBRX,2019,Baixa_Vol,EQTL3
IBRX,2019,Baixa_Vol,AESB3
IBRX,2019,Valor,OIBR3
IBRX,2019,Valor,GOAU4
IBRX,2019,Valor,CPLE6
IBRX,2019,Valor,USIM5
IBRX,2019,Valor,ENAT3
IBRX,2019,Valor,ALUP11
IBRX,2019,Valor,GFSA3
IBRX,2019,Valor,COGN3
IBRX,2019,Valor,MRVE3
IBRX,2019,Valor,ENBR3
IBRX,2019,Qualidade,SMLS3
IBRX,2019,Qualidade,BBSE3
IBRX,2019,Qualidade,MGLU3
IBRX,2019,Qualidade,BRKM5
IBRX,2019,Qualidade,BRSR6
IBRX,2019,Qualidade,ABEV3
IBRX,2019,Qualidade,IRBR3
IBRX,2019,Qualidade,LREN3
IBRX,2019,Qualidade,EGIE3
IBRX,2019,Qualidade,QUAL3
IBRX,2019,Multifator,BRSR6
IBRX,2019,Multifator,EGIE3
IBRX,2019,Multifator,TEND3
IBRX,2019,Multifator,SAPR11
IBRX,2019,Multifator,ALUP11
IBRX,2019,Multifator,TAEE11
IBRX,2019,Multifator,CPLE6
IBRX,2019,Multifator,IRBR3
IBRX,2019,Multifator,ITUB4
IBRX,2019,Multifator,CPFE3
IBRX,2019,Uniao_TCC,ABEV3
IBRX,2019,Uniao_TCC,AESB3
IBRX,2019,Uniao_TCC,ALUP11
IBRX,2019,Uniao_TCC,AMER3
IBRX,2019,Uniao_TCC,BBSE3
IBRX,2019,Uniao_TCC,BRKM5
IBRX,2019,Uniao_TCC,BRSR6
IBRX,2019,Uniao_TCC,CESP6
IBRX,2019,Uniao_TCC,CMIG4
IBRX,2019,Uniao_TCC,COGN3
IBRX,2019,Uniao_TCC,CPFE3
IBRX,2019,Uniao_TCC,CPLE6
IBRX,2019,Uniao_TCC,EGIE3
IBRX,2019,Uniao_TCC,ENAT3
IBRX,2019,Uniao_TCC,ENBR3
IBRX,2019,Uniao_TCC,EQTL3
IBRX,2019,Uniao_TCC,GFSA3
IBRX,2019,Uniao_TCC,GOAU4
IBRX,2019,Uniao_TCC,IRBR3
IBRX,2019,Uniao_TCC,KLBN11
IBRX,2019,Uniao_TCC,LREN3
IBRX,2019,Uniao_TCC,MGLU3
IBRX,2019,Uniao_TCC,MRVE3
IBRX,2019,Uniao_TCC,OIBR3
IBRX,2019,Uniao_TCC,QUAL3
IBRX,2019,Uniao_TCC,SAPR11
IBRX,2019,Uniao_TCC,SLCE3
IBRX,2019,Uniao_TCC,SMLS3
IBRX,2019,Uniao_TCC,SMTO3
IBRX,2019,Uniao_TCC,SULA11
IBRX,2019,Uniao_TCC,SUZB3
IBRX,2019,Uniao_TCC,TAEE11
IBRX,2019,Uniao_TCC,TEND3
IBRX,2019,Uniao_TCC,USIM5
IBRX,2019,Universo_EW,PETR4
IBRX,2019,Universo_EW,VALE3
IBRX,2019,Universo_EW,ITUB4
IBRX,2019,Universo_EW,BBDC4
IBRX,2019,Universo_EW,BBAS3
IBRX,2019,Universo_EW,ABEV3
IBRX,2019,Universo_EW,B3SA3
IBRX,2019,Universo_EW,ITSA4
IBRX,2019,Universo_EW,SUZB3
IBRX,2019,Universo_EW,GGBR4
IBRX,2019,Universo_EW,MGLU3
IBRX,2019,Universo_EW,BRFS3
IBRX,2019,Universo_EW,USIM5
IBRX,2019,Universo_EW,CIEL3
IBRX,2019,Universo_EW,COGN3
IBRX,2019,Universo_EW,LREN3
IBRX,2019,Universo_EW,RENT3
IBRX,2019,Universo_EW,RAIL3
IBRX,2019,Universo_EW,GOAU4
IBRX,2019,Universo_EW,CMIG4
IBRX,2019,Universo_EW,YDUQ3
IBRX,2019,Universo_EW,UGPA3
IBRX,2019,Universo_EW,BBSE3
IBRX,2019,Universo_EW,RADL3
IBRX,2019,Universo_EW,VIVT4
IBRX,2019,Universo_EW,LAME4
IBRX,2019,Universo_EW,CSNA3
IBRX,2019,Universo_EW,BRKM5
IBRX,2019,Universo_EW,VBBR3
IBRX,2019,Universo_EW,AMER3
IBRX,2019,Universo_EW,EQTL3
IBRX,2019,Universo_EW,BRAP4
IBRX,2019,Universo_EW,BRML3
IBRX,2019,Universo_EW,QUAL3
IBRX,2019,Universo_EW,SANB11
IBRX,2019,Universo_EW,KLBN11
IBRX,2019,Universo_EW,HYPE3
IBRX,2019,Universo_EW,CVCB3
IBRX,2019,Universo_EW,CSAN3
IBRX,2019,Universo_EW,MULT3
IBRX,2019,Universo_EW,IRBR3
IBRX,2019,Universo_EW,TIMS3
IBRX,2019,Universo_EW,SMLS3
IBRX,2019,Universo_EW,WEGE3
IBRX,2019,Universo_EW,SBSP3
IBRX,2019,Universo_EW,FLRY3
IBRX,2019,Universo_EW,MRVE3
IBRX,2019,Universo_EW,CRFB3
IBRX,2019,Universo_EW,ENBR3
IBRX,2019,Universo_EW,EGIE3
IBRX,2019,Universo_EW,TAEE11
IBRX,2019,Universo_EW,CYRE3
IBRX,2019,Universo_EW,SULA11
IBRX,2019,Universo_EW,PSSA3
IBRX,2019,Universo_EW,ECOR3
IBRX,2019,Universo_EW,ENGI11
IBRX,2019,Universo_EW,CSMG3
IBRX,2019,Universo_EW,SLCE3
IBRX,2019,Universo_EW,MDIA3
IBRX,2019,Universo_EW,BRSR6
IBRX,2019,Universo_EW,HGTX3
IBRX,2019,Universo_EW,CESP6
IBRX,2019,Universo_EW,SAPR11
IBRX,2019,Universo_EW,MYPK3
IBRX,2019,Universo_EW,CPLE6
IBRX,2019,Universo_EW,LINX3
IBRX,2019,Universo_EW,LIGT3
IBRX,2019,Universo_EW,OIBR3
IBRX,2019,Universo_EW,DXCO3
IBRX,2019,Universo_EW,SMTO3
IBRX,2019,Universo_EW,RAPT4
IBRX,2019,Universo_EW,TOTS3
IBRX,2019,Universo_EW,GFSA3
IBRX,2019,Universo_EW,ZAMP3
IBRX,2019,Universo_EW,ENAT3
IBRX,2019,Universo_EW,AZZA3
IBRX,2019,Universo_EW,SEER3
IBRX,2019,Universo_EW,TEND3
IBRX,2019,Universo_EW,BPAC11
IBRX,2019,Universo_EW,POMO4
IBRX,2019,Universo_EW,CPFE3
IBRX,2019,Universo_EW,EZTC3
IBRX,2019,Universo_EW,BEEF3
IBRX,2019,Universo_EW,PARD3
IBRX,2019,Universo_EW,AESB3
IBRX,2019,Universo_EW,TUPY3
IBRX,2019,Universo_EW,ALUP11
IBRX,2019,Universo_EW,VLID3
IBRX,2019,Universo_EW,ALPA4
IBRX,2020,Momentum,BPAN4
IBRX,2020,Momentum,QUAL3
IBRX,2020,Momentum,PRIO3
IBRX,2020,Momentum,BPAC11
IBRX,2020,Momentum,ENEV3
IBRX,2020,Momentum,BHIA3
IBRX,2020,Momentum,BEEF3
IBRX,2020,Momentum,EZTC3
IBRX,2020,Momentum,CPLE6
IBRX,2020,Momentum,ALPA4
IBRX,2020,Baixa_Vol,VIVT4
IBRX,2020,Baixa_Vol,TAEE11
IBRX,2020,Baixa_Vol,CPFE3
IBRX,2020,Baixa_Vol,CESP6
IBRX,2020,Baixa_Vol,ENGI11
IBRX,2020,Baixa_Vol,ALUP11
IBRX,2020,Baixa_Vol,EQTL3
IBRX,2020,Baixa_Vol,BBSE3
IBRX,2020,Baixa_Vol,ITSA4
IBRX,2020,Baixa_Vol,PSSA3
IBRX,2020,Valor,OIBR3
IBRX,2020,Valor,GOAU4
IBRX,2020,Valor,EQTL3
IBRX,2020,Valor,USIM5
IBRX,2020,Valor,MYPK3
IBRX,2020,Valor,LIGT3
IBRX,2020,Valor,CPLE6
IBRX,2020,Valor,ALUP11
IBRX,2020,Valor,BRSR6
IBRX,2020,Valor,COGN3
IBRX,2020,Qualidade,BBSE3
IBRX,2020,Qualidade,SMLS3
IBRX,2020,Qualidade,BPAC11
IBRX,2020,Qualidade,MGLU3
IBRX,2020,Qualidade,LREN3
IBRX,2020,Qualidade,ABEV3
IBRX,2020,Qualidade,ITUB4
IBRX,2020,Qualidade,SANB11
IBRX,2020,Qualidade,AZZA3
IBRX,2020,Qualidade,BBAS3
IBRX,2020,Multifator,EQTL3
IBRX,2020,Multifator,ALUP11
IBRX,2020,Multifator,CPLE6
IBRX,2020,Multifator,SAPR11
IBRX,2020,Multifator,ENBR3
IBRX,2020,Multifator,BRML3
IBRX,2020,Multifator,TAEE11
IBRX,2020,Multifator,LCAM3
IBRX,2020,Multifator,SANB11
IBRX,2020,Multifator,CSAN3
IBRX,2020,Uniao_TCC,ABEV3
IBRX,2020,Uniao_TCC,ALPA4
IBRX,2020,Uniao_TCC,ALUP11
IBRX,2020,Uniao_TCC,AZZA3
IBRX,2020,Uniao_TCC,BBAS3
IBRX,2020,Uniao_TCC,BBSE3
IBRX,2020,Uniao_TCC,BEEF3
IBRX,2020,Uniao_TCC,BHIA3
IBRX,2020,Uniao_TCC,BPAC11
IBRX,2020,Uniao_TCC,BPAN4
IBRX,2020,Uniao_TCC,BRSR6
IBRX,2020,Uniao_TCC,CESP6
IBRX,2020,Uniao_TCC,COGN3
IBRX,2020,Uniao_TCC,CPFE3
IBRX,2020,Uniao_TCC,CPLE6
IBRX,2020,Uniao_TCC,ENEV3
IBRX,2020,Uniao_TCC,ENGI11
IBRX,2020,Uniao_TCC,EQTL3
IBRX,2020,Uniao_TCC,EZTC3
IBRX,2020,Uniao_TCC,GOAU4
IBRX,2020,Uniao_TCC,ITSA4
IBRX,2020,Uniao_TCC,ITUB4
IBRX,2020,Uniao_TCC,LIGT3
IBRX,2020,Uniao_TCC,LREN3
IBRX,2020,Uniao_TCC,MGLU3
IBRX,2020,Uniao_TCC,MYPK3
IBRX,2020,Uniao_TCC,OIBR3
IBRX,2020,Uniao_TCC,PRIO3
IBRX,2020,Uniao_TCC,PSSA3
IBRX,2020,Uniao_TCC,QUAL3
IBRX,2020,Uniao_TCC,SANB11
IBRX,2020,Uniao_TCC,SMLS3
IBRX,2020,Uniao_TCC,TAEE11
IBRX,2020,Uniao_TCC,USIM5
IBRX,2020,Uniao_TCC,VIVT4
IBRX,2020,Universo_EW,PETR4
IBRX,2020,Universo_EW,VALE3
IBRX,2020,Universo_EW,ITUB4
IBRX,2020,Universo_EW,BBDC4
IBRX,2020,Universo_EW,BBAS3
IBRX,2020,Universo_EW,B3SA3
IBRX,2020,Universo_EW,ABEV3
IBRX,2020,Universo_EW,MGLU3
IBRX,2020,Universo_EW,ITSA4
IBRX,2020,Universo_EW,SUZB3
IBRX,2020,Universo_EW,BRFS3
IBRX,2020,Universo_EW,BHIA3
IBRX,2020,Universo_EW,LREN3
IBRX,2020,Universo_EW,RENT3
IBRX,2020,Universo_EW,GGBR4
IBRX,2020,Universo_EW,IRBR3
IBRX,2020,Universo_EW,RAIL3
IBRX,2020,Universo_EW,CSNA3
IBRX,2020,Universo_EW,VBBR3
IBRX,2020,Universo_EW,COGN3
IBRX,2020,Universo_EW,GNDI3
IBRX,2020,Universo_EW,SBSP3
IBRX,2020,Universo_EW,CIEL3
IBRX,2020,Universo_EW,CMIG4
IBRX,2020,Universo_EW,UGPA3
IBRX,2020,Universo_EW,BPAC11
IBRX,2020,Universo_EW,AMER3
IBRX,2020,Universo_EW,USIM5
IBRX,2020,Universo_EW,BBSE3
IBRX,2020,Universo_EW,EQTL3
IBRX,2020,Universo_EW,BRML3
IBRX,2020,Universo_EW,RADL3
IBRX,2020,Universo_EW,OIBR3
IBRX,2020,Universo_EW,LAME4
IBRX,2020,Universo_EW,CVCB3
IBRX,2020,Universo_EW,BRKM5
IBRX,2020,Universo_EW,YDUQ3
IBRX,2020,Universo_EW,HAPV3
IBRX,2020,Universo_EW,MRVE3
IBRX,2020,Universo_EW,VIVT4
IBRX,2020,Universo_EW,SULA11
IBRX,2020,Universo_EW,MULT3
IBRX,2020,Universo_EW,CSAN3
IBRX,2020,Universo_EW,CYRE3
IBRX,2020,Universo_EW,SANB11
IBRX,2020,Universo_EW,WEGE3
IBRX,2020,Universo_EW,GOAU4
IBRX,2020,Universo_EW,KLBN11
IBRX,2020,Universo_EW,TOTS3
IBRX,2020,Universo_EW,HYPE3
IBRX,2020,Universo_EW,QUAL3
IBRX,2020,Universo_EW,ENGI11
IBRX,2020,Universo_EW,BRAP4
IBRX,2020,Universo_EW,CPFE3
IBRX,2020,Universo_EW,EGIE3
IBRX,2020,Universo_EW,CRFB3
IBRX,2020,Universo_EW,TIMS3
IBRX,2020,Universo_EW,ENBR3
IBRX,2020,Universo_EW,HGTX3
IBRX,2020,Universo_EW,LINX3
IBRX,2020,Universo_EW,SAPR11
IBRX,2020,Universo_EW,FLRY3
IBRX,2020,Universo_EW,CPLE6
IBRX,2020,Universo_EW,PSSA3
IBRX,2020,Universo_EW,LIGT3
IBRX,2020,Universo_EW,CSMG3
IBRX,2020,Universo_EW,SMLS3
IBRX,2020,Universo_EW,TAEE11
IBRX,2020,Universo_EW,ECOR3
IBRX,2020,Universo_EW,ENEV3
IBRX,2020,Universo_EW,EZTC3
IBRX,2020,Universo_EW,CESP6
IBRX,2020,Universo_EW,LCAM3
IBRX,2020,Universo_EW,BEEF3
IBRX,2020,Universo_EW,MDIA3
IBRX,2020,Universo_EW,BRSR6
IBRX,2020,Universo_EW,SLCE3
IBRX,2020,Universo_EW,RAPT4
IBRX,2020,Universo_EW,DXCO3
IBRX,2020,Universo_EW,AZZA3
IBRX,2020,Universo_EW,TEND3
IBRX,2020,Universo_EW,ALPA4
IBRX,2020,Universo_EW,PRIO3
IBRX,2020,Universo_EW,MOVI3
IBRX,2020,Universo_EW,ZAMP3
IBRX,2020,Universo_EW,BPAN4
IBRX,2020,Universo_EW,MYPK3
IBRX,2020,Universo_EW,ALUP11
IBRX,2021,Momentum,OIBR3
IBRX,2021,Momentum,CSNA3
IBRX,2021,Momentum,WEGE3
IBRX,2021,Momentum,BIDI11
IBRX,2021,Momentum,MGLU3
IBRX,2021,Momentum,PRIO3
IBRX,2021,Momentum,BRAP4
IBRX,2021,Momentum,VALE3
IBRX,2021,Momentum,USIM5
IBRX,2021,Momentum,KLBN11
IBRX,2021,Baixa_Vol,TAEE11
IBRX,2021,Baixa_Vol,EGIE3
IBRX,2021,Baixa_Vol,PSSA3
IBRX,2021,Baixa_Vol,ENBR3
IBRX,2021,Baixa_Vol,BBSE3
IBRX,2021,Baixa_Vol,CRFB3
IBRX,2021,Baixa_Vol,CESP6
IBRX,2021,Baixa_Vol,RADL3
IBRX,2021,Baixa_Vol,CPFE3
IBRX,2021,Baixa_Vol,EQTL3
IBRX,2021,Valor,GOAU4
IBRX,2021,Valor,COGN3
IBRX,2021,Valor,BRML3
IBRX,2021,Valor,CSMG3
IBRX,2021,Valor,MEAL3
IBRX,2021,Valor,BBAS3
IBRX,2021,Valor,HBOR3
IBRX,2021,Valor,ALOS3
IBRX,2021,Valor,NEOE3
IBRX,2021,Valor,CPLE6
IBRX,2021,Qualidade,CYRE3
IBRX,2021,Qualidade,QUAL3
IBRX,2021,Qualidade,WEGE3
IBRX,2021,Qualidade,TAEE11
IBRX,2021,Qualidade,EGIE3
IBRX,2021,Qualidade,JHSF3
IBRX,2021,Qualidade,CRFB3
IBRX,2021,Qualidade,EQTL3
IBRX,2021,Qualidade,PRIO3
IBRX,2021,Qualidade,SAPR11
IBRX,2021,Multifator,TAEE11
IBRX,2021,Multifator,CPLE6
IBRX,2021,Multifator,ENBR3
IBRX,2021,Multifator,EQTL3
IBRX,2021,Multifator,CMIG4
IBRX,2021,Multifator,CESP6
IBRX,2021,Multifator,VALE3
IBRX,2021,Multifator,CSMG3
IBRX,2021,Multifator,SAPR11
IBRX,2021,Multifator,TIMS3
IBRX,2021,Uniao_TCC,ALOS3
IBRX,2021,Uniao_TCC,BBAS3
IBRX,2021,Uniao_TCC,BBSE3
IBRX,2021,Uniao_TCC,BIDI11
IBRX,2021,Uniao_TCC,BRAP4
IBRX,2021,Uniao_TCC,BRML3
IBRX,2021,Uniao_TCC,CESP6
IBRX,2021,Uniao_TCC,COGN3
IBRX,2021,Uniao_TCC,CPFE3
IBRX,2021,Uniao_TCC,CPLE6
IBRX,2021,Uniao_TCC,CRFB3
IBRX,2021,Uniao_TCC,CSMG3
IBRX,2021,Uniao_TCC,CSNA3
IBRX,2021,Uniao_TCC,CYRE3
IBRX,2021,Uniao_TCC,EGIE3
IBRX,2021,Uniao_TCC,ENBR3
IBRX,2021,Uniao_TCC,EQTL3
IBRX,2021,Uniao_TCC,GOAU4
IBRX,2021,Uniao_TCC,HBOR3
IBRX,2021,Uniao_TCC,JHSF3
IBRX,2021,Uniao_TCC,KLBN11
IBRX,2021,Uniao_TCC,MEAL3
IBRX,2021,Uniao_TCC,MGLU3
IBRX,2021,Uniao_TCC,NEOE3
IBRX,2021,Uniao_TCC,OIBR3
IBRX,2021,Uniao_TCC,PRIO3
IBRX,2021,Uniao_TCC,PSSA3
IBRX,2021,Uniao_TCC,QUAL3
IBRX,2021,Uniao_TCC,RADL3
IBRX,2021,Uniao_TCC,SAPR11
IBRX,2021,Uniao_TCC,TAEE11
IBRX,2021,Uniao_TCC,USIM5
IBRX,2021,Uniao_TCC,VALE3
IBRX,2021,Uniao_TCC,WEGE3
IBRX,2021,Universo_EW,VALE3
IBRX,2021,Universo_EW,PETR4
IBRX,2021,Universo_EW,BHIA3
IBRX,2021,Universo_EW,ITUB4
IBRX,2021,Universo_EW,BBDC4
IBRX,2021,Universo_EW,MGLU3
IBRX,2021,Universo_EW,B3SA3
IBRX,2021,Universo_EW,BBAS3
IBRX,2021,Universo_EW,ABEV3
IBRX,2021,Universo_EW,IRBR3
IBRX,2021,Universo_EW,SUZB3
IBRX,2021,Universo_EW,LREN3
IBRX,2021,Universo_EW,COGN3
IBRX,2021,Universo_EW,WEGE3
IBRX,2021,Universo_EW,RENT3
IBRX,2021,Universo_EW,AMER3
IBRX,2021,Universo_EW,ITSA4
IBRX,2021,Universo_EW,GGBR4
IBRX,2021,Universo_EW,GNDI3
IBRX,2021,Universo_EW,LAME4
IBRX,2021,Universo_EW,BPAC11
IBRX,2021,Universo_EW,OIBR3
IBRX,2021,Universo_EW,RAIL3
IBRX,2021,Universo_EW,BRFS3
IBRX,2021,Universo_EW,CSNA3
IBRX,2021,Universo_EW,SBSP3
IBRX,2021,Universo_EW,USIM5
IBRX,2021,Universo_EW,CIEL3
IBRX,2021,Universo_EW,RADL3
IBRX,2021,Universo_EW,EQTL3
IBRX,2021,Universo_EW,CYRE3
IBRX,2021,Universo_EW,BRML3
IBRX,2021,Universo_EW,VBBR3
IBRX,2021,Universo_EW,PRIO3
IBRX,2021,Universo_EW,TOTS3
IBRX,2021,Universo_EW,UGPA3
IBRX,2021,Universo_EW,SULA11
IBRX,2021,Universo_EW,MULT3
IBRX,2021,Universo_EW,HAPV3
IBRX,2021,Universo_EW,CSAN3
IBRX,2021,Universo_EW,KLBN11
IBRX,2021,Universo_EW,BBSE3
IBRX,2021,Universo_EW,QUAL3
IBRX,2021,Universo_EW,YDUQ3
IBRX,2021,Universo_EW,HYPE3
IBRX,2021,Universo_EW,PCAR3
IBRX,2021,Universo_EW,CMIG4
IBRX,2021,Universo_EW,CVCB3
IBRX,2021,Universo_EW,TIMS3
IBRX,2021,Universo_EW,GOAU4
IBRX,2021,Universo_EW,BRAP4
IBRX,2021,Universo_EW,CRFB3
IBRX,2021,Universo_EW,EZTC3
IBRX,2021,Universo_EW,SANB11
IBRX,2021,Universo_EW,BEEF3
IBRX,2021,Universo_EW,CPFE3
IBRX,2021,Universo_EW,BRKM5
IBRX,2021,Universo_EW,MRVE3
IBRX,2021,Universo_EW,ENEV3
IBRX,2021,Universo_EW,CPLE6
IBRX,2021,Universo_EW,ENGI11
IBRX,2021,Universo_EW,EGIE3
IBRX,2021,Universo_EW,TAEE11
IBRX,2021,Universo_EW,LCAM3
IBRX,2021,Universo_EW,LINX3
IBRX,2021,Universo_EW,ALPA4
IBRX,2021,Universo_EW,JHSF3
IBRX,2021,Universo_EW,CESP6
IBRX,2021,Universo_EW,SBFG3
IBRX,2021,Universo_EW,SAPR11
IBRX,2021,Universo_EW,HGTX3
IBRX,2021,Universo_EW,FLRY3
IBRX,2021,Universo_EW,NEOE3
IBRX,2021,Universo_EW,LIGT3
IBRX,2021,Universo_EW,ENBR3
IBRX,2021,Universo_EW,ECOR3
IBRX,2021,Universo_EW,ALOS3
IBRX,2021,Universo_EW,PSSA3
IBRX,2021,Universo_EW,DXCO3
IBRX,2021,Universo_EW,BIDI11
IBRX,2021,Universo_EW,CSMG3
IBRX,2021,Universo_EW,MDIA3
IBRX,2021,Universo_EW,MOVI3
IBRX,2021,Universo_EW,RAPT4
IBRX,2021,Universo_EW,MEAL3
IBRX,2021,Universo_EW,AMAR3
IBRX,2021,Universo_EW,TEND3
IBRX,2021,Universo_EW,VIVA3
IBRX,2021,Universo_EW,HBOR3
IBRX,2021,Universo_EW,AZZA3
IBRX,2021,Universo_EW,BPAN4
IBRX,2022,Momentum,FHER3
IBRX,2022,Momentum,BRKM5
IBRX,2022,Momentum,PCAR3
IBRX,2022,Momentum,POSI3
IBRX,2022,Momentum,ETER3
IBRX,2022,Momentum,SLCE3
IBRX,2022,Momentum,TASA4
IBRX,2022,Momentum,AMBP3
IBRX,2022,Momentum,PRIO3
IBRX,2022,Momentum,UGPA3
IBRX,2022,Baixa_Vol,EGIE3
IBRX,2022,Baixa_Vol,ENBR3
IBRX,2022,Baixa_Vol,VIVT3
IBRX,2022,Baixa_Vol,TAEE11
IBRX,2022,Baixa_Vol,CESP6
IBRX,2022,Baixa_Vol,BBSE3
IBRX,2022,Baixa_Vol,SAPR11
IBRX,2022,Baixa_Vol,TIMS3
IBRX,2022,Baixa_Vol,ITSA4
IBRX,2022,Baixa_Vol,CPFE3
IBRX,2022,Valor,GOAU4
IBRX,2022,Valor,COGN3
IBRX,2022,Valor,PCAR3
IBRX,2022,Valor,LIGT3
IBRX,2022,Valor,BBAS3
IBRX,2022,Valor,CIEL3
IBRX,2022,Valor,BRML3
IBRX,2022,Valor,BRAP4
IBRX,2022,Valor,LAME4
IBRX,2022,Valor,SAPR11
IBRX,2022,Qualidade,FHER3
IBRX,2022,Qualidade,TASA4
IBRX,2022,Qualidade,ETER3
IBRX,2022,Qualidade,BRKM5
IBRX,2022,Qualidade,VALE3
IBRX,2022,Qualidade,CSNA3
IBRX,2022,Qualidade,USIM5
IBRX,2022,Qualidade,BRAP4
IBRX,2022,Qualidade,GGBR4
IBRX,2022,Qualidade,GOAU4
IBRX,2022,Multifator,GOAU4
IBRX,2022,Multifator,ENBR3
IBRX,2022,Multifator,TAEE11
IBRX,2022,Multifator,CPLE6
IBRX,2022,Multifator,CMIG4
IBRX,2022,Multifator,BRAP4
IBRX,2022,Multifator,GGBR4
IBRX,2022,Multifator,VIVT3
IBRX,2022,Multifator,PETR4
IBRX,2022,Multifator,SAPR11
IBRX,2022,Uniao_TCC,AMBP3
IBRX,2022,Uniao_TCC,BBAS3
IBRX,2022,Uniao_TCC,BBSE3
IBRX,2022,Uniao_TCC,BRAP4
IBRX,2022,Uniao_TCC,BRKM5
IBRX,2022,Uniao_TCC,BRML3
IBRX,2022,Uniao_TCC,CESP6
IBRX,2022,Uniao_TCC,CIEL3
IBRX,2022,Uniao_TCC,COGN3
IBRX,2022,Uniao_TCC,CPFE3
IBRX,2022,Uniao_TCC,CSNA3
IBRX,2022,Uniao_TCC,EGIE3
IBRX,2022,Uniao_TCC,ENBR3
IBRX,2022,Uniao_TCC,ETER3
IBRX,2022,Uniao_TCC,FHER3
IBRX,2022,Uniao_TCC,GGBR4
IBRX,2022,Uniao_TCC,GOAU4
IBRX,2022,Uniao_TCC,ITSA4
IBRX,2022,Uniao_TCC,LAME4
IBRX,2022,Uniao_TCC,LIGT3
IBRX,2022,Uniao_TCC,PCAR3
IBRX,2022,Uniao_TCC,POSI3
IBRX,2022,Uniao_TCC,PRIO3
IBRX,2022,Uniao_TCC,SAPR11
IBRX,2022,Uniao_TCC,SLCE3
IBRX,2022,Uniao_TCC,TAEE11
IBRX,2022,Uniao_TCC,TASA4
IBRX,2022,Uniao_TCC,TIMS3
IBRX,2022,Uniao_TCC,UGPA3
IBRX,2022,Uniao_TCC,USIM5
IBRX,2022,Uniao_TCC,VALE3
IBRX,2022,Uniao_TCC,VIVT3
IBRX,2022,Universo_EW,VALE3
IBRX,2022,Universo_EW,PETR4
IBRX,2022,Universo_EW,ITUB4
IBRX,2022,Universo_EW,BBDC4
IBRX,2022,Universo_EW,MGLU3
IBRX,2022,Universo_EW,B3SA3
IBRX,2022,Universo_EW,BBAS3
IBRX,2022,Universo_EW,CSNA3
IBRX,2022,Universo_EW,SUZB3
IBRX,2022,Universo_EW,BHIA3
IBRX,2022,Universo_EW,PRIO3
IBRX,2022,Universo_EW,GGBR4
IBRX,2022,Universo_EW,ABEV3
IBRX,2022,Universo_EW,USIM5
IBRX,2022,Universo_EW,BPAC11
IBRX,2022,Universo_EW,LREN3
IBRX,2022,Universo_EW,RENT3
IBRX,2022,Universo_EW,WEGE3
IBRX,2022,Universo_EW,ITSA4
IBRX,2022,Universo_EW,BIDI11
IBRX,2022,Universo_EW,GNDI3
IBRX,2022,Universo_EW,AMER3
IBRX,2022,Universo_EW,VBBR3
IBRX,2022,Universo_EW,LAME4
IBRX,2022,Universo_EW,CSAN3
IBRX,2022,Universo_EW,RAIL3
IBRX,2022,Universo_EW,BRFS3
IBRX,2022,Universo_EW,HAPV3
IBRX,2022,Universo_EW,LWSA3
IBRX,2022,Universo_EW,KLBN11
IBRX,2022,Universo_EW,RDOR3
IBRX,2022,Universo_EW,BRAP4
IBRX,2022,Universo_EW,EQTL3
IBRX,2022,Universo_EW,BRKM5
IBRX,2022,Universo_EW,CASH3
IBRX,2022,Universo_EW,COGN3
IBRX,2022,Universo_EW,IRBR3
IBRX,2022,Universo_EW,BRML3
IBRX,2022,Universo_EW,OIBR3
IBRX,2022,Universo_EW,MULT3
IBRX,2022,Universo_EW,CVCB3
IBRX,2022,Universo_EW,CYRE3
IBRX,2022,Universo_EW,GOAU4
IBRX,2022,Universo_EW,PCAR3
IBRX,2022,Universo_EW,RADL3
IBRX,2022,Universo_EW,TOTS3
IBRX,2022,Universo_EW,BBSE3
IBRX,2022,Universo_EW,SBSP3
IBRX,2022,Universo_EW,UGPA3
IBRX,2022,Universo_EW,CMIG4
IBRX,2022,Universo_EW,SULA11
IBRX,2022,Universo_EW,VIVT3
IBRX,2022,Universo_EW,SANB11
IBRX,2022,Universo_EW,CIEL3
IBRX,2022,Universo_EW,ENEV3
IBRX,2022,Universo_EW,BPAN4
IBRX,2022,Universo_EW,HYPE3
IBRX,2022,Universo_EW,ALPA4
IBRX,2022,Universo_EW,CPLE6
IBRX,2022,Universo_EW,CRFB3
IBRX,2022,Universo_EW,BEEF3
IBRX,2022,Universo_EW,TAEE11
IBRX,2022,Universo_EW,YDUQ3
IBRX,2022,Universo_EW,ENGI11
IBRX,2022,Universo_EW,TIMS3
IBRX,2022,Universo_EW,LCAM3
IBRX,2022,Universo_EW,QUAL3
IBRX,2022,Universo_EW,CPFE3
IBRX,2022,Universo_EW,EZTC3
IBRX,2022,Universo_EW,MRVE3
IBRX,2022,Universo_EW,POSI3
IBRX,2022,Universo_EW,RRRP3
IBRX,2022,Universo_EW,PSSA3
IBRX,2022,Universo_EW,EGIE3
IBRX,2022,Universo_EW,ENBR3
IBRX,2022,Universo_EW,SLCE3
IBRX,2022,Universo_EW,AZZA3
IBRX,2022,Universo_EW,CESP6
IBRX,2022,Universo_EW,ECOR3
IBRX,2022,Universo_EW,DXCO3
IBRX,2022,Universo_EW,TASA4
IBRX,2022,Universo_EW,SOMA3
IBRX,2022,Universo_EW,ETER3
IBRX,2022,Universo_EW,FHER3
IBRX,2022,Universo_EW,FLRY3
IBRX,2022,Universo_EW,SMTO3
IBRX,2022,Universo_EW,SAPR11
IBRX,2022,Universo_EW,MOVI3
IBRX,2022,Universo_EW,LIGT3
IBRX,2022,Universo_EW,AMAR3
IBRX,2022,Universo_EW,AMBP3
IBRX,2023,Momentum,CIEL3
IBRX,2023,Momentum,RECV3
IBRX,2023,Momentum,PRIO3
IBRX,2023,Momentum,BBSE3
IBRX,2023,Momentum,HYPE3
IBRX,2023,Momentum,MDIA3
IBRX,2023,Momentum,ASAI3
IBRX,2023,Momentum,SBSP3
IBRX,2023,Momentum,CPFE3
IBRX,2023,Momentum,BRAP4
IBRX,2023,Baixa_Vol,TAEE11
IBRX,2023,Baixa_Vol,EGIE3
IBRX,2023,Baixa_Vol,VIVT3
IBRX,2023,Baixa_Vol,ENBR3
IBRX,2023,Baixa_Vol,ITSA4
IBRX,2023,Baixa_Vol,TIMS3
IBRX,2023,Baixa_Vol,ABEV3
IBRX,2023,Baixa_Vol,BBSE3
IBRX,2023,Baixa_Vol,ENGI11
IBRX,2023,Baixa_Vol,EQTL3
IBRX,2023,Valor,GOAU4
IBRX,2023,Valor,PCAR3
IBRX,2023,Valor,COGN3
IBRX,2023,Valor,USIM5
IBRX,2023,Valor,IRBR3
IBRX,2023,Valor,MRVE3
IBRX,2023,Valor,ALOS3
IBRX,2023,Valor,AMER3
IBRX,2023,Valor,BRML3
IBRX,2023,Valor,BBAS3
IBRX,2023,Qualidade,BRAP4
IBRX,2023,Qualidade,PETR4
IBRX,2023,Qualidade,VALE3
IBRX,2023,Qualidade,ENAT3
IBRX,2023,Qualidade,GGBR4
IBRX,2023,Qualidade,GOAU4
IBRX,2023,Qualidade,SLCE3
IBRX,2023,Qualidade,WEGE3
IBRX,2023,Qualidade,RECV3
IBRX,2023,Qualidade,CPFE3
IBRX,2023,Multifator,GOAU4
IBRX,2023,Multifator,PETR4
IBRX,2023,Multifator,BRAP4
IBRX,2023,Multifator,ENBR3
IBRX,2023,Multifator,GGBR4
IBRX,2023,Multifator,ITSA4
IBRX,2023,Multifator,CMIG4
IBRX,2023,Multifator,CPFE3
IBRX,2023,Multifator,ENGI11
IBRX,2023,Multifator,TAEE11
IBRX,2023,Uniao_TCC,ABEV3
IBRX,2023,Uniao_TCC,ALOS3
IBRX,2023,Uniao_TCC,AMER3
IBRX,2023,Uniao_TCC,ASAI3
IBRX,2023,Uniao_TCC,BBAS3
IBRX,2023,Uniao_TCC,BBSE3
IBRX,2023,Uniao_TCC,BRAP4
IBRX,2023,Uniao_TCC,BRML3
IBRX,2023,Uniao_TCC,CIEL3
IBRX,2023,Uniao_TCC,COGN3
IBRX,2023,Uniao_TCC,CPFE3
IBRX,2023,Uniao_TCC,EGIE3
IBRX,2023,Uniao_TCC,ENAT3
IBRX,2023,Uniao_TCC,ENBR3
IBRX,2023,Uniao_TCC,ENGI11
IBRX,2023,Uniao_TCC,EQTL3
IBRX,2023,Uniao_TCC,GGBR4
IBRX,2023,Uniao_TCC,GOAU4
IBRX,2023,Uniao_TCC,HYPE3
IBRX,2023,Uniao_TCC,IRBR3
IBRX,2023,Uniao_TCC,ITSA4
IBRX,2023,Uniao_TCC,MDIA3
IBRX,2023,Uniao_TCC,MRVE3
IBRX,2023,Uniao_TCC,PCAR3
IBRX,2023,Uniao_TCC,PETR4
IBRX,2023,Uniao_TCC,PRIO3
IBRX,2023,Uniao_TCC,RECV3
IBRX,2023,Uniao_TCC,SBSP3
IBRX,2023,Uniao_TCC,SLCE3
IBRX,2023,Uniao_TCC,TAEE11
IBRX,2023,Uniao_TCC,TIMS3
IBRX,2023,Uniao_TCC,USIM5
IBRX,2023,Uniao_TCC,VALE3
IBRX,2023,Uniao_TCC,VIVT3
IBRX,2023,Uniao_TCC,WEGE3
IBRX,2023,Universo_EW,VALE3
IBRX,2023,Universo_EW,PETR4
IBRX,2023,Universo_EW,ITUB4
IBRX,2023,Universo_EW,BBDC4
IBRX,2023,Universo_EW,MGLU3
IBRX,2023,Universo_EW,BBAS3
IBRX,2023,Universo_EW,B3SA3
IBRX,2023,Universo_EW,PRIO3
IBRX,2023,Universo_EW,RENT3
IBRX,2023,Universo_EW,HAPV3
IBRX,2023,Universo_EW,ABEV3
IBRX,2023,Universo_EW,GGBR4
IBRX,2023,Universo_EW,LREN3
IBRX,2023,Universo_EW,SUZB3
IBRX,2023,Universo_EW,AMER3
IBRX,2023,Universo_EW,BPAC11
IBRX,2023,Universo_EW,WEGE3
IBRX,2023,Universo_EW,ITSA4
IBRX,2023,Universo_EW,CSNA3
IBRX,2023,Universo_EW,USIM5
IBRX,2023,Universo_EW,RAIL3
IBRX,2023,Universo_EW,BHIA3
IBRX,2023,Universo_EW,EQTL3
IBRX,2023,Universo_EW,VBBR3
IBRX,2023,Universo_EW,SBSP3
IBRX,2023,Universo_EW,ASAI3
IBRX,2023,Universo_EW,BRFS3
IBRX,2023,Universo_EW,RDOR3
IBRX,2023,Universo_EW,CSAN3
IBRX,2023,Universo_EW,RRRP3
IBRX,2023,Universo_EW,BBSE3
IBRX,2023,Universo_EW,RADL3
IBRX,2023,Universo_EW,TOTS3
IBRX,2023,Universo_EW,HYPE3
IBRX,2023,Universo_EW,KLBN11
IBRX,2023,Universo_EW,BRML3
IBRX,2023,Universo_EW,CVCB3
IBRX,2023,Universo_EW,MULT3
IBRX,2023,Universo_EW,CIEL3
IBRX,2023,Universo_EW,CMIG4
IBRX,2023,Universo_EW,CYRE3
IBRX,2023,Universo_EW,ENEV3
IBRX,2023,Universo_EW,LWSA3
IBRX,2023,Universo_EW,BRAP4
IBRX,2023,Universo_EW,BRKM5
IBRX,2023,Universo_EW,VIVT3
IBRX,2023,Universo_EW,GOAU4
IBRX,2023,Universo_EW,TIMS3
IBRX,2023,Universo_EW,AZZA3
IBRX,2023,Universo_EW,TAEE11
IBRX,2023,Universo_EW,MRVE3
IBRX,2023,Universo_EW,UGPA3
IBRX,2023,Universo_EW,CPFE3
IBRX,2023,Universo_EW,COGN3
IBRX,2023,Universo_EW,ENGI11
IBRX,2023,Universo_EW,CRFB3
IBRX,2023,Universo_EW,ALPA4
IBRX,2023,Universo_EW,BEEF3
IBRX,2023,Universo_EW,CPLE6
IBRX,2023,Universo_EW,SANB11
IBRX,2023,Universo_EW,SLCE3
IBRX,2023,Universo_EW,SOMA3
IBRX,2023,Universo_EW,ENBR3
IBRX,2023,Universo_EW,EGIE3
IBRX,2023,Universo_EW,CASH3
IBRX,2023,Universo_EW,RAIZ4
IBRX,2023,Universo_EW,YDUQ3
IBRX,2023,Universo_EW,SMTO3
IBRX,2023,Universo_EW,IGTI11
IBRX,2023,Universo_EW,PCAR3
IBRX,2023,Universo_EW,IRBR3
IBRX,2023,Universo_EW,CBAV3
IBRX,2023,Universo_EW,OIBR3
IBRX,2023,Universo_EW,MDIA3
IBRX,2023,Universo_EW,RECV3
IBRX,2023,Universo_EW,BPAN4
IBRX,2023,Universo_EW,DXCO3
IBRX,2023,Universo_EW,PSSA3
IBRX,2023,Universo_EW,MOVI3
IBRX,2023,Universo_EW,FLRY3
IBRX,2023,Universo_EW,VAMO3
IBRX,2023,Universo_EW,CMIN3
IBRX,2023,Universo_EW,QUAL3
IBRX,2023,Universo_EW,INTB3
IBRX,2023,Universo_EW,EZTC3
IBRX,2023,Universo_EW,ECOR3
IBRX,2023,Universo_EW,GMAT3
IBRX,2023,Universo_EW,ALOS3
IBRX,2023,Universo_EW,STBP3
IBRX,2023,Universo_EW,ENAT3
IBRX,2024,Momentum,TEND3
IBRX,2024,Momentum,POMO4
IBRX,2024,Momentum,YDUQ3
IBRX,2024,Momentum,UGPA3
IBRX,2024,Momentum,ECOR3
IBRX,2024,Momentum,CMIN3
IBRX,2024,Momentum,PETR4
IBRX,2024,Momentum,SMFT3
IBRX,2024,Momentum,CYRE3
IBRX,2024,Momentum,BBAS3
IBRX,2024,Baixa_Vol,TAEE11
IBRX,2024,Baixa_Vol,AURE3
IBRX,2024,Baixa_Vol,EGIE3
IBRX,2024,Baixa_Vol,BBSE3
IBRX,2024,Baixa_Vol,ABEV3
IBRX,2024,Baixa_Vol,ITSA4
IBRX,2024,Baixa_Vol,VIVT3
IBRX,2024,Baixa_Vol,KLBN11
IBRX,2024,Baixa_Vol,EQTL3
IBRX,2024,Baixa_Vol,CPFE3
IBRX,2024,Valor,GOAU4
IBRX,2024,Valor,PCAR3
IBRX,2024,Valor,GFSA3
IBRX,2024,Valor,USIM5
IBRX,2024,Valor,COGN3
IBRX,2024,Valor,HAPV3
IBRX,2024,Valor,CSAN3
IBRX,2024,Valor,SOMA3
IBRX,2024,Valor,GGBR4
IBRX,2024,Valor,MRVE3
IBRX,2024,Qualidade,ALOS3
IBRX,2024,Qualidade,WEGE3
IBRX,2024,Qualidade,PETR4
IBRX,2024,Qualidade,CMIN3
IBRX,2024,Qualidade,BRAP4
IBRX,2024,Qualidade,CPFE3
IBRX,2024,Qualidade,VALE3
IBRX,2024,Qualidade,PRIO3
IBRX,2024,Qualidade,STBP3
IBRX,2024,Qualidade,RADL3
IBRX,2024,Multifator,ALOS3
IBRX,2024,Multifator,PETR4
IBRX,2024,Multifator,ITSA4
IBRX,2024,Multifator,TIMS3
IBRX,2024,Multifator,CSMG3
IBRX,2024,Multifator,GOAU4
IBRX,2024,Multifator,VIVT3
IBRX,2024,Multifator,CMIG4
IBRX,2024,Multifator,CPFE3
IBRX,2024,Multifator,BBAS3
IBRX,2024,Uniao_TCC,ABEV3
IBRX,2024,Uniao_TCC,ALOS3
IBRX,2024,Uniao_TCC,AURE3
IBRX,2024,Uniao_TCC,BBAS3
IBRX,2024,Uniao_TCC,BBSE3
IBRX,2024,Uniao_TCC,BRAP4
IBRX,2024,Uniao_TCC,CMIN3
IBRX,2024,Uniao_TCC,COGN3
IBRX,2024,Uniao_TCC,CPFE3
IBRX,2024,Uniao_TCC,CSAN3
IBRX,2024,Uniao_TCC,CYRE3
IBRX,2024,Uniao_TCC,ECOR3
IBRX,2024,Uniao_TCC,EGIE3
IBRX,2024,Uniao_TCC,EQTL3
IBRX,2024,Uniao_TCC,GFSA3
IBRX,2024,Uniao_TCC,GGBR4
IBRX,2024,Uniao_TCC,GOAU4
IBRX,2024,Uniao_TCC,HAPV3
IBRX,2024,Uniao_TCC,ITSA4
IBRX,2024,Uniao_TCC,KLBN11
IBRX,2024,Uniao_TCC,MRVE3
IBRX,2024,Uniao_TCC,PCAR3
IBRX,2024,Uniao_TCC,PETR4
IBRX,2024,Uniao_TCC,POMO4
IBRX,2024,Uniao_TCC,PRIO3
IBRX,2024,Uniao_TCC,RADL3
IBRX,2024,Uniao_TCC,SMFT3
IBRX,2024,Uniao_TCC,SOMA3
IBRX,2024,Uniao_TCC,STBP3
IBRX,2024,Uniao_TCC,TAEE11
IBRX,2024,Uniao_TCC,TEND3
IBRX,2024,Uniao_TCC,UGPA3
IBRX,2024,Uniao_TCC,USIM5
IBRX,2024,Uniao_TCC,VALE3
IBRX,2024,Uniao_TCC,VIVT3
IBRX,2024,Uniao_TCC,WEGE3
IBRX,2024,Uniao_TCC,YDUQ3
IBRX,2024,Universo_EW,VALE3
IBRX,2024,Universo_EW,PETR4
IBRX,2024,Universo_EW,ITUB4
IBRX,2024,Universo_EW,BBDC4
IBRX,2024,Universo_EW,BBAS3
IBRX,2024,Universo_EW,B3SA3
IBRX,2024,Universo_EW,PRIO3
IBRX,2024,Universo_EW,RENT3
IBRX,2024,Universo_EW,MGLU3
IBRX,2024,Universo_EW,ABEV3
IBRX,2024,Universo_EW,LREN3
IBRX,2024,Universo_EW,HAPV3
IBRX,2024,Universo_EW,BPAC11
IBRX,2024,Universo_EW,SUZB3
IBRX,2024,Universo_EW,RAIL3
IBRX,2024,Universo_EW,WEGE3
IBRX,2024,Universo_EW,GGBR4
IBRX,2024,Universo_EW,ASAI3
IBRX,2024,Universo_EW,EQTL3
IBRX,2024,Universo_EW,RRRP3
IBRX,2024,Universo_EW,ITSA4
IBRX,2024,Universo_EW,VBBR3
IBRX,2024,Universo_EW,BBSE3
IBRX,2024,Universo_EW,BRFS3
IBRX,2024,Universo_EW,SBSP3
IBRX,2024,Universo_EW,RDOR3
IBRX,2024,Universo_EW,RADL3
IBRX,2024,Universo_EW,HYPE3
IBRX,2024,Universo_EW,CSAN3
IBRX,2024,Universo_EW,CIEL3
IBRX,2024,Universo_EW,CPLE6
IBRX,2024,Universo_EW,CMIG4
IBRX,2024,Universo_EW,TOTS3
IBRX,2024,Universo_EW,ENGI11
IBRX,2024,Universo_EW,BHIA3
IBRX,2024,Universo_EW,CSNA3
IBRX,2024,Universo_EW,MRVE3
IBRX,2024,Universo_EW,AZZA3
IBRX,2024,Universo_EW,KLBN11
IBRX,2024,Universo_EW,UGPA3
IBRX,2024,Universo_EW,CYRE3
IBRX,2024,Universo_EW,MULT3
IBRX,2024,Universo_EW,TIMS3
IBRX,2024,Universo_EW,BEEF3
IBRX,2024,Universo_EW,ENEV3
IBRX,2024,Universo_EW,VIVT3
IBRX,2024,Universo_EW,SOMA3
IBRX,2024,Universo_EW,CRFB3
IBRX,2024,Universo_EW,ALOS3
IBRX,2024,Universo_EW,GOAU4
IBRX,2024,Universo_EW,BRKM5
IBRX,2024,Universo_EW,IRBR3
IBRX,2024,Universo_EW,USIM5
IBRX,2024,Universo_EW,RAIZ4
IBRX,2024,Universo_EW,TAEE11
IBRX,2024,Universo_EW,YDUQ3
IBRX,2024,Universo_EW,BRAP4
IBRX,2024,Universo_EW,CVCB3
IBRX,2024,Universo_EW,VAMO3
IBRX,2024,Universo_EW,IGTI11
IBRX,2024,Universo_EW,EGIE3
IBRX,2024,Universo_EW,COGN3
IBRX,2024,Universo_EW,RECV3
IBRX,2024,Universo_EW,SMTO3
IBRX,2024,Universo_EW,SLCE3
IBRX,2024,Universo_EW,CPFE3
IBRX,2024,Universo_EW,ALPA4
IBRX,2024,Universo_EW,SANB11
IBRX,2024,Universo_EW,AURE3
IBRX,2024,Universo_EW,VIVA3
IBRX,2024,Universo_EW,PSSA3
IBRX,2024,Universo_EW,LWSA3
IBRX,2024,Universo_EW,PCAR3
IBRX,2024,Universo_EW,FLRY3
IBRX,2024,Universo_EW,MDIA3
IBRX,2024,Universo_EW,SMFT3
IBRX,2024,Universo_EW,GMAT3
IBRX,2024,Universo_EW,EZTC3
IBRX,2024,Universo_EW,CMIN3
IBRX,2024,Universo_EW,MOVI3
IBRX,2024,Universo_EW,DIRR3
IBRX,2024,Universo_EW,STBP3
IBRX,2024,Universo_EW,CSMG3
IBRX,2024,Universo_EW,DXCO3
IBRX,2024,Universo_EW,GFSA3
IBRX,2024,Universo_EW,INTB3
IBRX,2024,Universo_EW,TEND3
IBRX,2024,Universo_EW,POMO4
IBRX,2024,Universo_EW,ECOR3
IBRX,2024,Universo_EW,GGPS3
IBRX,2025,Momentum,AMBP3
IBRX,2025,Momentum,BRFS3
IBRX,2025,Momentum,STBP3
IBRX,2025,Momentum,WEGE3
IBRX,2025,Momentum,CMIG4
IBRX,2025,Momentum,PSSA3
IBRX,2025,Momentum,DIRR3
IBRX,2025,Momentum,POMO4
IBRX,2025,Momentum,KLBN11
IBRX,2025,Momentum,SBSP3
IBRX,2025,Baixa_Vol,TAEE11
IBRX,2025,Baixa_Vol,BBSE3
IBRX,2025,Baixa_Vol,BBAS3
IBRX,2025,Baixa_Vol,ALUP11
IBRX,2025,Baixa_Vol,EGIE3
IBRX,2025,Baixa_Vol,AURE3
IBRX,2025,Baixa_Vol,ITUB4
IBRX,2025,Baixa_Vol,ITSA4
IBRX,2025,Baixa_Vol,CPFE3
IBRX,2025,Baixa_Vol,KLBN11
IBRX,2025,Valor,BHIA3
IBRX,2025,Valor,COGN3
IBRX,2025,Valor,GOAU4
IBRX,2025,Valor,USIM5
IBRX,2025,Valor,CSAN3
IBRX,2025,Valor,PCAR3
IBRX,2025,Valor,HAPV3
IBRX,2025,Valor,ONCO3
IBRX,2025,Valor,MRVE3
IBRX,2025,Valor,MGLU3
IBRX,2025,Qualidade,VBBR3
IBRX,2025,Qualidade,CURY3
IBRX,2025,Qualidade,CMIN3
IBRX,2025,Qualidade,WEGE3
IBRX,2025,Qualidade,SBSP3
IBRX,2025,Qualidade,CMIG4
IBRX,2025,Qualidade,STBP3
IBRX,2025,Qualidade,RADL3
IBRX,2025,Qualidade,VALE3
IBRX,2025,Qualidade,PETR4
IBRX,2025,Multifator,ALUP11
IBRX,2025,Multifator,CMIG4
IBRX,2025,Multifator,ITSA4
IBRX,2025,Multifator,SBSP3
IBRX,2025,Multifator,PETR4
IBRX,2025,Multifator,GOAU4
IBRX,2025,Multifator,SAPR11
IBRX,2025,Multifator,VBBR3
IBRX,2025,Multifator,BRAP4
IBRX,2025,Multifator,TAEE11
IBRX,2025,Uniao_TCC,ALUP11
IBRX,2025,Uniao_TCC,AMBP3
IBRX,2025,Uniao_TCC,AURE3
IBRX,2025,Uniao_TCC,BBAS3
IBRX,2025,Uniao_TCC,BBSE3
IBRX,2025,Uniao_TCC,BHIA3
IBRX,2025,Uniao_TCC,BRFS3
IBRX,2025,Uniao_TCC,CMIG4
IBRX,2025,Uniao_TCC,CMIN3
IBRX,2025,Uniao_TCC,COGN3
IBRX,2025,Uniao_TCC,CPFE3
IBRX,2025,Uniao_TCC,CSAN3
IBRX,2025,Uniao_TCC,CURY3
IBRX,2025,Uniao_TCC,DIRR3
IBRX,2025,Uniao_TCC,EGIE3
IBRX,2025,Uniao_TCC,GOAU4
IBRX,2025,Uniao_TCC,HAPV3
IBRX,2025,Uniao_TCC,ITSA4
IBRX,2025,Uniao_TCC,ITUB4
IBRX,2025,Uniao_TCC,KLBN11
IBRX,2025,Uniao_TCC,MGLU3
IBRX,2025,Uniao_TCC,MRVE3
IBRX,2025,Uniao_TCC,ONCO3
IBRX,2025,Uniao_TCC,PCAR3
IBRX,2025,Uniao_TCC,PETR4
IBRX,2025,Uniao_TCC,POMO4
IBRX,2025,Uniao_TCC,PSSA3
IBRX,2025,Uniao_TCC,RADL3
IBRX,2025,Uniao_TCC,SBSP3
IBRX,2025,Uniao_TCC,STBP3
IBRX,2025,Uniao_TCC,TAEE11
IBRX,2025,Uniao_TCC,USIM5
IBRX,2025,Uniao_TCC,VALE3
IBRX,2025,Uniao_TCC,VBBR3
IBRX,2025,Uniao_TCC,WEGE3
IBRX,2025,Universo_EW,VALE3
IBRX,2025,Universo_EW,PETR4
IBRX,2025,Universo_EW,ITUB4
IBRX,2025,Universo_EW,BBDC4
IBRX,2025,Universo_EW,B3SA3
IBRX,2025,Universo_EW,BBAS3
IBRX,2025,Universo_EW,RENT3
IBRX,2025,Universo_EW,PRIO3
IBRX,2025,Universo_EW,SUZB3
IBRX,2025,Universo_EW,ABEV3
IBRX,2025,Universo_EW,SBSP3
IBRX,2025,Universo_EW,BPAC11
IBRX,2025,Universo_EW,WEGE3
IBRX,2025,Universo_EW,LREN3
IBRX,2025,Universo_EW,MGLU3
IBRX,2025,Universo_EW,HAPV3
IBRX,2025,Universo_EW,EQTL3
IBRX,2025,Universo_EW,RAIL3
IBRX,2025,Universo_EW,ITSA4
IBRX,2025,Universo_EW,GGBR4
IBRX,2025,Universo_EW,VBBR3
IBRX,2025,Universo_EW,RADL3
IBRX,2025,Universo_EW,BRFS3
IBRX,2025,Universo_EW,RDOR3
IBRX,2025,Universo_EW,BBSE3
IBRX,2025,Universo_EW,ASAI3
IBRX,2025,Universo_EW,CPLE6
IBRX,2025,Universo_EW,CMIG4
IBRX,2025,Universo_EW,CSAN3
IBRX,2025,Universo_EW,ENGI11
IBRX,2025,Universo_EW,CYRE3
IBRX,2025,Universo_EW,UGPA3
IBRX,2025,Universo_EW,VIVT3
IBRX,2025,Universo_EW,TIMS3
IBRX,2025,Universo_EW,HYPE3
IBRX,2025,Universo_EW,MRVE3
IBRX,2025,Universo_EW,MULT3
IBRX,2025,Universo_EW,TOTS3
IBRX,2025,Universo_EW,AZZA3
IBRX,2025,Universo_EW,ENEV3
IBRX,2025,Universo_EW,USIM5
IBRX,2025,Universo_EW,CSNA3
IBRX,2025,Universo_EW,ALOS3
IBRX,2025,Universo_EW,KLBN11
IBRX,2025,Universo_EW,VIVA3
IBRX,2025,Universo_EW,CRFB3
IBRX,2025,Universo_EW,GOAU4
IBRX,2025,Universo_EW,BRAP4
IBRX,2025,Universo_EW,SANB11
IBRX,2025,Universo_EW,STBP3
IBRX,2025,Universo_EW,IGTI11
IBRX,2025,Universo_EW,COGN3
IBRX,2025,Universo_EW,TAEE11
IBRX,2025,Universo_EW,POMO4
IBRX,2025,Universo_EW,CXSE3
IBRX,2025,Universo_EW,CPFE3
IBRX,2025,Universo_EW,EGIE3
IBRX,2025,Universo_EW,BRKM5
IBRX,2025,Universo_EW,VAMO3
IBRX,2025,Universo_EW,IRBR3
IBRX,2025,Universo_EW,YDUQ3
IBRX,2025,Universo_EW,PSSA3
IBRX,2025,Universo_EW,BEEF3
IBRX,2025,Universo_EW,CMIN3
IBRX,2025,Universo_EW,AURE3
IBRX,2025,Universo_EW,SMFT3
IBRX,2025,Universo_EW,DIRR3
IBRX,2025,Universo_EW,RECV3
IBRX,2025,Universo_EW,AMBP3
IBRX,2025,Universo_EW,SMTO3
IBRX,2025,Universo_EW,CVCB3
IBRX,2025,Universo_EW,RAIZ4
IBRX,2025,Universo_EW,SLCE3
IBRX,2025,Universo_EW,FLRY3
IBRX,2025,Universo_EW,PCAR3
IBRX,2025,Universo_EW,CURY3
IBRX,2025,Universo_EW,GGPS3
IBRX,2025,Universo_EW,TEND3
IBRX,2025,Universo_EW,CEAB3
IBRX,2025,Universo_EW,LWSA3
IBRX,2025,Universo_EW,CSMG3
IBRX,2025,Universo_EW,MOVI3
IBRX,2025,Universo_EW,GMAT3
IBRX,2025,Universo_EW,ALPA4
IBRX,2025,Universo_EW,ONCO3
IBRX,2025,Universo_EW,BHIA3
IBRX,2025,Universo_EW,EZTC3
IBRX,2025,Universo_EW,SAPR11
IBRX,2025,Universo_EW,ECOR3
IBRX,2025,Universo_EW,ALUP11
IBRX,2025,Universo_EW,SBFG3
IBRX,2025,Universo_EW,MDIA3
