Estrategia,Ano,Setor,Peso
Baixa_Vol,2016,banco,10.0
Baixa_Vol,2016,financeiro,10.0
Baixa_Vol,2016,indústria,20.0
Baixa_Vol,2016,madeira-papel,10.0
Baixa_Vol,2016,proteína,10.0
Baixa_Vol,2016,saúde,10.0
Baixa_Vol,2016,tecnologia,10.0
Baixa_Vol,2016,telecom,10.0
Baixa_Vol,2016,varejo,10.0
Baixa_Vol,2017,construção,10.0
Baixa_Vol,2017,energia,40.0
Baixa_Vol,2017,indústria,10.0
Baixa_Vol,2017,proteína,10.0
Baixa_Vol,2017,saúde,10.0
Baixa_Vol,2017,tecnologia,10.0
Baixa_Vol,2017,varejo,10.0
Baixa_Vol,2018,banco,10.0
Baixa_Vol,2018,energia,40.0
Baixa_Vol,2018,financeiro,10.0
Baixa_Vol,2018,indústria,10.0
Baixa_Vol,2018,tecnologia,10.0
Baixa_Vol,2018,telecom,20.0
Baixa_Vol,2019,banco,20.0
Baixa_Vol,2019,energia,30.0
Baixa_Vol,2019,financeiro,10.0
Baixa_Vol,2019,indústria,10.0
Baixa_Vol,2019,madeira-papel,10.0
Baixa_Vol,2019,telecom,20.0
Baixa_Vol,2020,banco,20.0
Baixa_Vol,2020,energia,30.0
Baixa_Vol,2020,financeiro,10.0
Baixa_Vol,2020,indústria,10.0
Baixa_Vol,2020,madeira-papel,10.0
Baixa_Vol,2020,telecom,20.0
Baixa_Vol,2021,banco,10.0
Baixa_Vol,2021,energia,40.0
Baixa_Vol,2021,financeiro,10.0
Baixa_Vol,2021,madeira-papel,10.0
Baixa_Vol,2021,saúde,10.0
Baixa_Vol,2021,telecom,20.0
Baixa_Vol,2022,consumo,10.0
Baixa_Vol,2022,energia,50.0
Baixa_Vol,2022,financeiro,10.0
Baixa_Vol,2022,madeira-papel,10.0
Baixa_Vol,2022,telecom,20.0
Baixa_Vol,2023,banco,20.0
Baixa_Vol,2023,energia,40.0
Baixa_Vol,2023,financeiro,10.0
Baixa_Vol,2023,indústria,10.0
Baixa_Vol,2023,telecom,20.0
Baixa_Vol,2024,energia,40.0
Baixa_Vol,2024,financeiro,10.0
Baixa_Vol,2024,indústria,10.0
Baixa_Vol,2024,madeira-papel,10.0
Baixa_Vol,2024,saneamento,10.0
Baixa_Vol,2024,saúde,10.0
Baixa_Vol,2024,telecom,10.0
Baixa_Vol,2025,banco,20.0
Baixa_Vol,2025,energia,50.0
Baixa_Vol,2025,financeiro,20.0
Baixa_Vol,2025,madeira-papel,10.0
Momentum,2016,banco,10.0
Momentum,2016,energia,20.0
Momentum,2016,indústria,10.0
Momentum,2016,madeira-papel,10.0
Momentum,2016,químico,10.0
Momentum,2016,seguro,10.0
Momentum,2016,tecnologia,10.0
Momentum,2016,varejo,20.0
Momentum,2017,banco,40.0
Momentum,2017,energia,40.0
Momentum,2017,saúde,10.0
Momentum,2017,transporte,10.0
Momentum,2018,construção,10.0
Momentum,2018,consumo,10.0
Momentum,2018,energia,10.0
Momentum,2018,indústria,10.0
Momentum,2018,madeira-papel,10.0
Momentum,2018,saúde,10.0
Momentum,2018,telecom,10.0
Momentum,2018,transporte,10.0
Momentum,2018,varejo,20.0
Momentum,2019,banco,30.0
Momentum,2019,consumo,10.0
Momentum,2019,energia,30.0
Momentum,2019,financeiro,10.0
Momentum,2019,madeira-papel,10.0
Momentum,2019,varejo,10.0
Momentum,2020,construção,10.0
Momentum,2020,consumo,10.0
Momentum,2020,energia,30.0
Momentum,2020,indústria,10.0
Momentum,2020,saúde,10.0
Momentum,2020,transporte,30.0
Momentum,2021,banco,10.0
Momentum,2021,consumo,10.0
Momentum,2021,energia,20.0
Momentum,2021,indústria,10.0
Momentum,2021,madeira-papel,30.0
Momentum,2021,proteína,10.0
Momentum,2021,varejo,10.0
Momentum,2022,consumo,10.0
Momentum,2022,energia,10.0
Momentum,2022,proteína,20.0
Momentum,2022,químico,20.0
Momentum,2022,saneamento,10.0
Momentum,2022,supermercado,10.0
Momentum,2022,telecom,10.0
Momentum,2022,transporte,10.0
Momentum,2023,banco,10.0
Momentum,2023,consumo,10.0
Momentum,2023,energia,30.0
Momentum,2023,madeira-papel,10.0
Momentum,2023,proteína,10.0
Momentum,2023,saúde,10.0
Momentum,2023,supermercado,10.0
Momentum,2023,tecnologia,10.0
Momentum,2024,banco,20.0
Momentum,2024,construção,10.0
Momentum,2024,educação,10.0
Momentum,2024,proteína,10.0
Momentum,2024,químico,10.0
Momentum,2024,saneamento,10.0
Momentum,2024,transporte,20.0
Momentum,2024,varejo,10.0
Momentum,2025,agrícola,10.0
Momentum,2025,energia,10.0
Momentum,2025,indústria,10.0
Momentum,2025,madeira-papel,10.0
Momentum,2025,proteína,20.0
Momentum,2025,saneamento,20.0
Momentum,2025,seguro,10.0
Momentum,2025,transporte,10.0
Multifator,2016,banco,10.0
Multifator,2016,energia,10.0
Multifator,2016,financeiro,10.0
Multifator,2016,indústria,20.0
Multifator,2016,madeira-papel,10.0
Multifator,2016,proteína,10.0
Multifator,2016,seguro,10.0
Multifator,2016,tecnologia,10.0
Multifator,2016,varejo,10.0
Multifator,2017,banco,40.0
Multifator,2017,energia,40.0
Multifator,2017,financeiro,10.0
Multifator,2017,saúde,10.0
Multifator,2018,banco,20.0
Multifator,2018,energia,30.0
Multifator,2018,financeiro,10.0
Multifator,2018,saúde,10.0
Multifator,2018,telecom,20.0
Multifator,2018,varejo,10.0
Multifator,2019,banco,40.0
Multifator,2019,energia,40.0
Multifator,2019,financeiro,10.0
Multifator,2019,telecom,10.0
Multifator,2020,banco,20.0
Multifator,2020,energia,50.0
Multifator,2020,financeiro,10.0
Multifator,2020,indústria,10.0
Multifator,2020,saúde,10.0
Multifator,2021,energia,60.0
Multifator,2021,financeiro,10.0
Multifator,2021,indústria,10.0
Multifator,2021,telecom,20.0
Multifator,2022,energia,60.0
Multifator,2022,financeiro,10.0
Multifator,2022,proteína,10.0
Multifator,2022,telecom,20.0
Multifator,2023,agrícola,10.0
Multifator,2023,energia,50.0
Multifator,2023,financeiro,10.0
Multifator,2023,madeira-papel,10.0
Multifator,2023,saneamento,10.0
Multifator,2023,telecom,10.0
Multifator,2024,banco,10.0
Multifator,2024,energia,30.0
Multifator,2024,financeiro,10.0
Multifator,2024,saneamento,20.0
Multifator,2024,shopping,10.0
Multifator,2024,telecom,20.0
Multifator,2025,energia,50.0
Multifator,2025,financeiro,10.0
Multifator,2025,saneamento,30.0
Multifator,2025,transporte,10.0
Qualidade,2016,banco,10.0
Qualidade,2016,consumo,10.0
Qualidade,2016,energia,20.0
Qualidade,2016,financeiro,10.0
Qualidade,2016,químico,10.0
Qualidade,2016,tecnologia,10.0
Qualidade,2016,transporte,10.0
Qualidade,2016,varejo,20.0
Qualidade,2017,banco,40.0
Qualidade,2017,consumo,10.0
Qualidade,2017,energia,20.0
Qualidade,2017,químico,10.0
Qualidade,2017,transporte,10.0
Qualidade,2017,varejo,10.0
Qualidade,2018,banco,20.0
Qualidade,2018,energia,20.0
Qualidade,2018,químico,10.0
Qualidade,2018,saúde,10.0
Qualidade,2018,tecnologia,10.0
Qualidade,2018,transporte,20.0
Qualidade,2018,varejo,10.0
Qualidade,2019,banco,30.0
Qualidade,2019,energia,10.0
Qualidade,2019,financeiro,10.0
Qualidade,2019,químico,10.0
Qualidade,2019,saúde,10.0
Qualidade,2019,tecnologia,10.0
Qualidade,2019,transporte,10.0
Qualidade,2019,varejo,10.0
Qualidade,2020,banco,40.0
Qualidade,2020,energia,20.0
Qualidade,2020,financeiro,10.0
Qualidade,2020,indústria,10.0
Qualidade,2020,saúde,10.0
Qualidade,2020,varejo,10.0
Qualidade,2021,energia,40.0
Qualidade,2021,financeiro,10.0
Qualidade,2021,indústria,10.0
Qualidade,2021,proteína,20.0
Qualidade,2021,transporte,10.0
Qualidade,2021,varejo,10.0
Qualidade,2022,consumo,10.0
Qualidade,2022,energia,30.0
Qualidade,2022,indústria,10.0
Qualidade,2022,madeira-papel,10.0
Qualidade,2022,proteína,10.0
Qualidade,2022,químico,10.0
Qualidade,2022,saúde,10.0
Qualidade,2022,transporte,10.0
Qualidade,2023,agrícola,10.0
Qualidade,2023,aviação,10.0
Qualidade,2023,energia,10.0
Qualidade,2023,indústria,20.0
Qualidade,2023,madeira-papel,20.0
Qualidade,2023,saúde,10.0
Qualidade,2023,transporte,20.0
Qualidade,2024,agrícola,10.0
Qualidade,2024,aviação,10.0
Qualidade,2024,energia,20.0
Qualidade,2024,indústria,20.0
Qualidade,2024,madeira-papel,10.0
Qualidade,2024,saúde,10.0
Qualidade,2024,shopping,10.0
Qualidade,2024,transporte,10.0
Qualidade,2025,aviação,10.0
Qualidade,2025,energia,30.0
Qualidade,2025,indústria,10.0
Qualidade,2025,saneamento,10.0
Qualidade,2025,saúde,10.0
Qualidade,2025,telecom,10.0
Qualidade,2025,transporte,20.0
Uniao_TCC,2016,banco,12.0
Uniao_TCC,2016,construção,4.0
Uniao_TCC,2016,consumo,4.0
Uniao_TCC,2016,energia,24.0
Uniao_TCC,2016,financeiro,4.0
Uniao_TCC,2016,indústria,8.0
Uniao_TCC,2016,madeira-papel,8.0
Uniao_TCC,2016,proteína,4.0
Uniao_TCC,2016,químico,4.0
Uniao_TCC,2016,saúde,4.0
Uniao_TCC,2016,seguro,4.0
Uniao_TCC,2016,tecnologia,4.0
Uniao_TCC,2016,telecom,4.0
Uniao_TCC,2016,transporte,4.0
Uniao_TCC,2016,varejo,8.0
Uniao_TCC,2017,banco,15.4
Uniao_TCC,2017,construção,3.85
Uniao_TCC,2017,consumo,3.85
Uniao_TCC,2017,energia,34.65
Uniao_TCC,2017,indústria,7.7
Uniao_TCC,2017,madeira-papel,3.85
Uniao_TCC,2017,proteína,3.85
Uniao_TCC,2017,químico,3.85
Uniao_TCC,2017,saúde,3.85
Uniao_TCC,2017,tecnologia,3.85
Uniao_TCC,2017,telecom,3.85
Uniao_TCC,2017,transporte,7.7
Uniao_TCC,2017,varejo,3.85
Uniao_TCC,2018,banco,15.4
Uniao_TCC,2018,construção,3.85
Uniao_TCC,2018,consumo,3.85
Uniao_TCC,2018,energia,30.8
Uniao_TCC,2018,financeiro,3.85
Uniao_TCC,2018,indústria,3.85
Uniao_TCC,2018,madeira-papel,3.85
Uniao_TCC,2018,químico,3.85
Uniao_TCC,2018,saúde,3.85
Uniao_TCC,2018,tecnologia,3.85
Uniao_TCC,2018,telecom,7.7
Uniao_TCC,2018,transporte,7.7
Uniao_TCC,2018,varejo,7.7
Uniao_TCC,2019,banco,16.0
Uniao_TCC,2019,construção,4.0
Uniao_TCC,2019,consumo,4.0
Uniao_TCC,2019,energia,28.0
Uniao_TCC,2019,financeiro,4.0
Uniao_TCC,2019,indústria,4.0
Uniao_TCC,2019,madeira-papel,8.0
Uniao_TCC,2019,químico,4.0
Uniao_TCC,2019,saúde,4.0
Uniao_TCC,2019,tecnologia,4.0
Uniao_TCC,2019,telecom,8.0
Uniao_TCC,2019,transporte,4.0
Uniao_TCC,2019,varejo,8.0
Uniao_TCC,2020,banco,17.4
Uniao_TCC,2020,construção,4.35
Uniao_TCC,2020,consumo,4.35
Uniao_TCC,2020,energia,30.45
Uniao_TCC,2020,financeiro,4.35
Uniao_TCC,2020,indústria,4.35
Uniao_TCC,2020,madeira-papel,4.35
Uniao_TCC,2020,saúde,4.35
Uniao_TCC,2020,telecom,8.7
Uniao_TCC,2020,transporte,13.05
Uniao_TCC,2020,varejo,4.35
Uniao_TCC,2021,banco,10.71
Uniao_TCC,2021,consumo,3.57
Uniao_TCC,2021,energia,32.13
Uniao_TCC,2021,financeiro,3.57
Uniao_TCC,2021,indústria,3.57
Uniao_TCC,2021,madeira-papel,10.71
Uniao_TCC,2021,proteína,7.14
Uniao_TCC,2021,saúde,3.57
Uniao_TCC,2021,supermercado,3.57
Uniao_TCC,2021,tecnologia,3.57
Uniao_TCC,2021,telecom,7.14
Uniao_TCC,2021,transporte,3.57
Uniao_TCC,2021,varejo,7.14
Uniao_TCC,2022,banco,3.45
Uniao_TCC,2022,construção,3.45
Uniao_TCC,2022,consumo,6.9
Uniao_TCC,2022,energia,27.6
Uniao_TCC,2022,financeiro,3.45
Uniao_TCC,2022,indústria,6.9
Uniao_TCC,2022,madeira-papel,6.9
Uniao_TCC,2022,proteína,6.9
Uniao_TCC,2022,químico,6.9
Uniao_TCC,2022,saneamento,3.45
Uniao_TCC,2022,saúde,3.45
Uniao_TCC,2022,supermercado,3.45
Uniao_TCC,2022,tecnologia,3.45
Uniao_TCC,2022,telecom,6.9
Uniao_TCC,2022,transporte,6.9
Uniao_TCC,2023,agrícola,2.7
Uniao_TCC,2023,aviação,2.7
Uniao_TCC,2023,banco,8.1
Uniao_TCC,2023,construção,5.4
Uniao_TCC,2023,consumo,2.7
Uniao_TCC,2023,educação,2.7
Uniao_TCC,2023,energia,21.6
Uniao_TCC,2023,financeiro,2.7
Uniao_TCC,2023,indústria,10.8
Uniao_TCC,2023,madeira-papel,5.4
Uniao_TCC,2023,proteína,5.4
Uniao_TCC,2023,saúde,5.4
Uniao_TCC,2023,shopping,2.7
Uniao_TCC,2023,supermercado,5.4
Uniao_TCC,2023,tecnologia,2.7
Uniao_TCC,2023,telecom,5.4
Uniao_TCC,2023,transporte,5.4
Uniao_TCC,2023,varejo,2.7
Uniao_TCC,2024,agrícola,2.94
Uniao_TCC,2024,aviação,2.94
Uniao_TCC,2024,banco,5.88
Uniao_TCC,2024,construção,5.88
Uniao_TCC,2024,educação,5.88
Uniao_TCC,2024,energia,11.76
Uniao_TCC,2024,financeiro,2.94
Uniao_TCC,2024,indústria,14.7
Uniao_TCC,2024,madeira-papel,5.88
Uniao_TCC,2024,proteína,2.94
Uniao_TCC,2024,químico,5.88
Uniao_TCC,2024,saneamento,2.94
Uniao_TCC,2024,saúde,2.94
Uniao_TCC,2024,shopping,2.94
Uniao_TCC,2024,siderurgico,2.94
Uniao_TCC,2024,supermercado,2.94
Uniao_TCC,2024,telecom,2.94
Uniao_TCC,2024,transporte,8.82
Uniao_TCC,2024,varejo,5.88
Uniao_TCC,2025,agrícola,3.03
Uniao_TCC,2025,aviação,3.03
Uniao_TCC,2025,banco,6.06
Uniao_TCC,2025,construção,9.09
Uniao_TCC,2025,educação,3.03
Uniao_TCC,2025,energia,18.18
Uniao_TCC,2025,financeiro,6.06
Uniao_TCC,2025,indústria,6.06
Uniao_TCC,2025,madeira-papel,3.03
Uniao_TCC,2025,proteína,6.06
Uniao_TCC,2025,químico,3.03
Uniao_TCC,2025,saneamento,6.06
Uniao_TCC,2025,saúde,3.03
Uniao_TCC,2025,seguro,3.03
Uniao_TCC,2025,siderurgico,3.03
Uniao_TCC,2025,supermercado,3.03
Uniao_TCC,2025,telecom,3.03
Uniao_TCC,2025,transporte,9.09
Uniao_TCC,2025,varejo,3.03
Valor,2016,banco,20.0
Valor,2016,construção,10.0
Valor,2016,energia,60.0
Valor,2016,madeira-papel,10.0
Valor,2017,construção,10.0
Valor,2017,energia,60.0
Valor,2017,indústria,10.0
Valor,2017,madeira-papel,10.0
Valor,2017,telecom,10.0
Valor,2018,banco,20.0
Valor,2018,construção,10.0
Valor,2018,energia,50.0
Valor,2018,madeira-papel,10.0
Valor,2018,telecom,10.0
Valor,2019,banco,10.0
Valor,2019,construção,10.0
Valor,2019,energia,50.0
Valor,2019,madeira-papel,10.0
Valor,2019,telecom,20.0
Valor,2020,banco,30.0
Valor,2020,construção,10.0
Valor,2020,energia,50.0
Valor,2020,telecom,10.0
Valor,2021,banco,10.0
Valor,2021,energia,60.0
Valor,2021,supermercado,10.0
Valor,2021,tecnologia,10.0
Valor,2021,telecom,10.0
Valor,2022,banco,10.0
Valor,2022,construção,10.0
Valor,2022,energia,50.0
Valor,2022,indústria,10.0
Valor,2022,supermercado,10.0
Valor,2022,tecnologia,10.0
Valor,2023,banco,10.0
Valor,2023,construção,20.0
Valor,2023,educação,10.0
Valor,2023,energia,10.0
Valor,2023,indústria,10.0
Valor,2023,proteína,10.0
Valor,2023,shopping,10.0
Valor,2023,supermercado,10.0
Valor,2023,varejo,10.0
Valor,2024,construção,20.0
Valor,2024,educação,10.0
Valor,2024,indústria,30.0
Valor,2024,químico,10.0
Valor,2024,siderurgico,10.0
Valor,2024,supermercado,10.0
Valor,2024,varejo,10.0
Valor,2025,construção,30.0
Valor,2025,educação,10.0
Valor,2025,indústria,10.0
Valor,2025,químico,10.0
Valor,2025,siderurgico,10.0
Valor,2025,supermercado,10.0
Valor,2025,transporte,10.0
Valor,2025,varejo,10.0
