Estrategia,Ticker,Anos,Setor
Baixa_Vol,EGIE3,9,energia
Baixa_Vol,ITSA4,9,financeiro
Baixa_Vol,VIVT3,8,telecom
Baixa_Vol,ITUB4,7,banco
Baixa_Vol,KLBN11,7,madeira-papel
Baixa_Vol,CPFE3,6,energia
Baixa_Vol,TIMS3,6,telecom
Baixa_Vol,AESB3,5,energia
Baixa_Vol,ENBR3,5,energia
Baixa_Vol,WEGE3,5,indústria
Baixa_Vol,NEOE3,4,energia
Baixa_Vol,CIEL3,3,tecnologia
Baixa_Vol,FLRY3,3,saúde
Baixa_Vol,ISAE4,3,energia
Baixa_Vol,ABEV3,2,indústria
Baixa_Vol,AURE3,2,energia
Baixa_Vol,BRFS3,2,proteína
Baixa_Vol,CPLE3,2,energia
Baixa_Vol,LREN3,2,varejo
Baixa_Vol,SANB11,2,banco
Baixa_Vol,BBAS3,1,banco
Baixa_Vol,BBDC4,1,banco
Baixa_Vol,EMBJ3,1,indústria
Baixa_Vol,MDIA3,1,consumo
Baixa_Vol,MRVE3,1,construção
Baixa_Vol,PORT3,1,financeiro
Baixa_Vol,RADL3,1,saúde
Baixa_Vol,SAPR11,1,saneamento
Momentum,CMIG4,5,energia
Momentum,AXIA3,4,energia
Momentum,BBAS3,4,banco
Momentum,ECOR3,4,transporte
Momentum,NATU3,4,consumo
Momentum,WEGE3,4,indústria
Momentum,AMER3,3,varejo
Momentum,DXCO3,3,madeira-papel
Momentum,FLRY3,3,saúde
Momentum,KLBN11,3,madeira-papel
Momentum,MBRF3,3,proteína
Momentum,SANB11,3,banco
Momentum,AESB3,2,energia
Momentum,AMBP3,2,saneamento
Momentum,BEEF3,2,proteína
Momentum,BPAC11,2,banco
Momentum,BRFS3,2,proteína
Momentum,BRKM5,2,químico
Momentum,CIEL3,2,tecnologia
Momentum,CLSC4,2,energia
Momentum,CPFE3,2,energia
Momentum,CPLE3,2,energia
Momentum,ITUB4,2,banco
Momentum,LREN3,2,varejo
Momentum,MRVE3,2,construção
Momentum,ASAI3,1,supermercado
Momentum,AZZA3,1,consumo
Momentum,BBDC4,1,banco
Momentum,CEAB3,1,varejo
Momentum,CSAN3,1,químico
Momentum,EGIE3,1,energia
Momentum,EMBJ3,1,indústria
Momentum,ENBR3,1,energia
Momentum,HYPE3,1,saúde
Momentum,ITSA4,1,financeiro
Momentum,JSLG3,1,transporte
Momentum,LAME4,1,varejo
Momentum,LIGT3,1,energia
Momentum,MDIA3,1,consumo
Momentum,MOTV3,1,transporte
Momentum,MOVI3,1,transporte
Momentum,MTRE3,1,construção
Momentum,PCAR3,1,supermercado
Momentum,PSSA3,1,seguro
Momentum,RANI3,1,madeira-papel
Momentum,SAPR11,1,saneamento
Momentum,SBSP3,1,saneamento
Momentum,SIMH3,1,transporte
Momentum,STBP3,1,transporte
Momentum,SULA11,1,seguro
Momentum,SUZB3,1,madeira-papel
Momentum,TIMS3,1,telecom
Momentum,TTEN3,1,agrícola
Momentum,UGPA3,1,químico
Momentum,VIVT3,1,telecom
Momentum,YDUQ3,1,educação
Multifator,ITSA4,10,financeiro
Multifator,ENBR3,7,energia
Multifator,CMIG4,6,energia
Multifator,CPLE3,6,energia
Multifator,EGIE3,5,energia
Multifator,ITUB4,5,banco
Multifator,TIMS3,5,telecom
Multifator,VIVT3,5,telecom
Multifator,CPFE3,4,energia
Multifator,NEOE3,4,energia
Multifator,AXIA3,3,energia
Multifator,BBAS3,3,banco
Multifator,BBDC4,3,banco
Multifator,FLRY3,3,saúde
Multifator,ISAE4,3,energia
Multifator,SANB11,3,banco
Multifator,SAPR11,3,saneamento
Multifator,WEGE3,3,indústria
Multifator,AESB3,2,energia
Multifator,CLSC4,2,energia
Multifator,CSMG3,2,saneamento
Multifator,LREN3,2,varejo
Multifator,ALOS3,1,shopping
Multifator,BRFS3,1,proteína
Multifator,CIEL3,1,tecnologia
Multifator,EMBJ3,1,indústria
Multifator,KLBN11,1,madeira-papel
Multifator,MBRF3,1,proteína
Multifator,RANI3,1,madeira-papel
Multifator,SBSP3,1,saneamento
Multifator,SLCE3,1,agrícola
Multifator,SULA11,1,seguro
Multifator,VBBR3,1,transporte
Qualidade,EGIE3,8,energia
Qualidade,LREN3,6,varejo
Qualidade,WEGE3,6,indústria
Qualidade,BRKM5,5,químico
Qualidade,CPFE3,5,energia
Qualidade,ITUB4,5,banco
Qualidade,BBDC4,4,banco
Qualidade,ITSA4,4,financeiro
Qualidade,MOTV3,4,transporte
Qualidade,RADL3,4,saúde
Qualidade,AZUL3,3,aviação
Qualidade,BBAS3,3,banco
Qualidade,CIEL3,3,tecnologia
Qualidade,CMIG4,3,energia
Qualidade,ECOR3,3,transporte
Qualidade,FLRY3,3,saúde
Qualidade,STBP3,3,transporte
Qualidade,AESB3,2,energia
Qualidade,MBRF3,2,proteína
Qualidade,NATU3,2,consumo
Qualidade,RANI3,2,madeira-papel
Qualidade,SANB11,2,banco
Qualidade,SLCE3,2,agrícola
Qualidade,VBBR3,2,transporte
Qualidade,ABEV3,1,indústria
Qualidade,ALOS3,1,shopping
Qualidade,AXIA3,1,energia
Qualidade,AZZA3,1,consumo
Qualidade,BEEF3,1,proteína
Qualidade,CBAV3,1,indústria
Qualidade,CLSC4,1,energia
Qualidade,CPLE3,1,energia
Qualidade,DXCO3,1,madeira-papel
Qualidade,ENBR3,1,energia
Qualidade,KLBN11,1,madeira-papel
Qualidade,LAME4,1,varejo
Qualidade,SBSP3,1,saneamento
Qualidade,TIMS3,1,telecom
Uniao_TCC,BBAS3,10,banco
Uniao_TCC,WEGE3,10,indústria
Uniao_TCC,CMIG4,9,energia
Uniao_TCC,EGIE3,9,energia
Uniao_TCC,ITSA4,9,financeiro
Uniao_TCC,VIVT3,9,telecom
Uniao_TCC,ITUB4,8,banco
Uniao_TCC,KLBN11,8,madeira-papel
Uniao_TCC,LIGT3,8,energia
Uniao_TCC,AXIA3,7,energia
Uniao_TCC,CIEL3,7,tecnologia
Uniao_TCC,CPFE3,7,energia
Uniao_TCC,CPLE3,7,energia
Uniao_TCC,ENBR3,7,energia
Uniao_TCC,MRVE3,7,construção
Uniao_TCC,TIMS3,7,telecom
Uniao_TCC,AESB3,6,energia
Uniao_TCC,DXCO3,6,madeira-papel
Uniao_TCC,ECOR3,6,transporte
Uniao_TCC,FLRY3,6,saúde
Uniao_TCC,LREN3,6,varejo
Uniao_TCC,NATU3,6,consumo
Uniao_TCC,SANB11,6,banco
Uniao_TCC,BRKM5,5,químico
Uniao_TCC,MOTV3,5,transporte
Uniao_TCC,PCAR3,5,supermercado
Uniao_TCC,AMER3,4,varejo
Uniao_TCC,BBDC4,4,banco
Uniao_TCC,BRFS3,4,proteína
Uniao_TCC,MBRF3,4,proteína
Uniao_TCC,MYPK3,4,indústria
Uniao_TCC,NEOE3,4,energia
Uniao_TCC,RADL3,4,saúde
Uniao_TCC,AZUL3,3,aviação
Uniao_TCC,BEEF3,3,proteína
Uniao_TCC,COGN3,3,educação
Uniao_TCC,CSAN3,3,químico
Uniao_TCC,GFSA3,3,construção
Uniao_TCC,ISAE4,3,energia
Uniao_TCC,STBP3,3,transporte
Uniao_TCC,ABEV3,2,indústria
Uniao_TCC,ALOS3,2,shopping
Uniao_TCC,AMBP3,2,saneamento
Uniao_TCC,AURE3,2,energia
Uniao_TCC,BPAC11,2,banco
Uniao_TCC,CBAV3,2,indústria
Uniao_TCC,CLSC4,2,energia
Uniao_TCC,EMBJ3,2,indústria
Uniao_TCC,MDIA3,2,consumo
Uniao_TCC,MTRE3,2,construção
Uniao_TCC,RANI3,2,madeira-papel
Uniao_TCC,SIMH3,2,transporte
Uniao_TCC,SLCE3,2,agrícola
Uniao_TCC,USIM5,2,siderurgico
Uniao_TCC,VBBR3,2,transporte
Uniao_TCC,AERI3,1,indústria
Uniao_TCC,ASAI3,1,supermercado
Uniao_TCC,AZZA3,1,consumo
Uniao_TCC,BHIA3,1,varejo
Uniao_TCC,CEAB3,1,varejo
Uniao_TCC,CESP6,1,energia
Uniao_TCC,EVEN3,1,construção
Uniao_TCC,HYPE3,1,saúde
Uniao_TCC,JSLG3,1,transporte
Uniao_TCC,LAME4,1,varejo
Uniao_TCC,MOVI3,1,transporte
Uniao_TCC,PORT3,1,financeiro
Uniao_TCC,PSSA3,1,seguro
Uniao_TCC,RIAA3,1,varejo
Uniao_TCC,SAPR11,1,saneamento
Uniao_TCC,SBSP3,1,saneamento
Uniao_TCC,SULA11,1,seguro
Uniao_TCC,SUZB3,1,madeira-papel
Uniao_TCC,TTEN3,1,agrícola
Uniao_TCC,UGPA3,1,químico
Uniao_TCC,YDUQ3,1,educação
Valor,LIGT3,8,energia
Valor,BBAS3,7,banco
Valor,CPLE3,7,energia
Valor,ENBR3,7,energia
Valor,MRVE3,7,construção
Valor,AXIA3,6,energia
Valor,CMIG4,6,energia
Valor,PCAR3,5,supermercado
Valor,VIVT3,5,telecom
Valor,DXCO3,4,madeira-papel
Valor,MYPK3,4,indústria
Valor,COGN3,3,educação
Valor,GFSA3,3,construção
Valor,SANB11,3,banco
Valor,CIEL3,2,tecnologia
Valor,CLSC4,2,energia
Valor,CSAN3,2,químico
Valor,MTRE3,2,construção
Valor,NEOE3,2,energia
Valor,USIM5,2,siderurgico
Valor,AERI3,1,indústria
Valor,ALOS3,1,shopping
Valor,AMER3,1,varejo
Valor,BBDC4,1,banco
Valor,BHIA3,1,varejo
Valor,CBAV3,1,indústria
Valor,CESP6,1,energia
Valor,EMBJ3,1,indústria
Valor,EVEN3,1,construção
Valor,MBRF3,1,proteína
Valor,RIAA3,1,varejo
Valor,SIMH3,1,transporte
Valor,TIMS3,1,telecom
