Ano,Multifator,Baixa_Vol,Valor,Qualidade,Momentum,Uniao_TCC,ret_ibrx,ret_ise
2016,12.66,26.83,75.92,32.35,49.35,44.56,36.7,13.79
2017,24.98,22.08,20.41,25.95,25.75,23.81,27.55,17.4
2018,20.86,7.25,38.89,7.91,22.37,22.34,15.42,9.87
2019,34.61,48.12,49.62,23.71,40.78,41.4,33.39,33.19
2020,6.91,11.83,-4.73,-0.67,10.7,2.02,3.5,0.32
2021,-3.12,-7.38,6.33,-5.24,-7.44,-6.41,-11.17,-11.62
2022,6.98,12.38,13.28,-5.63,-17.23,1.35,4.02,-13.96
2023,41.17,37.05,19.42,20.37,11.0,19.4,21.27,19.18
2024,-0.58,-9.5,-41.02,-7.94,-18.17,-19.15,-9.71,-18.14
2025,63.34,38.31,34.8,24.3,6.25,25.93,33.45,35.41
