Indicador,Série,No texto,Recalculado,Diferença
Retorno acumulado,Factor ESG,227.15,264.21,37.06
Retorno acumulado,IBrX-100,302.23,275.09,-27.14
Retorno acumulado,ISE B3,108.17,96.96,-11.21
Retorno anualizado,Factor ESG,12.83,13.82,0.99
Retorno anualizado,IBrX-100,15.23,14.15,-1.08
Retorno anualizado,ISE B3,7.75,7.02,-0.73
Volatilidade anualizada,Factor ESG,23.81,23.19,-0.62
Volatilidade anualizada,IBrX-100,22.98,22.99,0.01
Volatilidade anualizada,ISE B3,22.79,22.8,0.01
Índice de Sharpe,Factor ESG,0.25,0.3,0.05
Índice de Sharpe,IBrX-100,0.34,0.31,-0.03
Índice de Sharpe,ISE B3,0.05,0.02,-0.03
Drawdown máximo,Factor ESG,-47.17,-43.89,3.28
Drawdown máximo,IBrX-100,-46.73,-46.73,0.0
Drawdown máximo,ISE B3,-43.86,-43.86,0.0
