Universo,Ano,Estrategia,N_acoes,Turnover
ISE,2016,Momentum,10,0.5
ISE,2016,Baixa_Vol,10,0.5
ISE,2016,Valor,10,0.5
ISE,2016,Qualidade,10,0.5
ISE,2016,Multifator,10,0.5
ISE,2016,Uniao_TCC,25,0.5
ISE,2016,Universo_EW,30,0.5
ISE,2017,Momentum,10,0.8
ISE,2017,Baixa_Vol,10,0.5603
ISE,2017,Valor,10,0.4959
ISE,2017,Qualidade,10,0.5255
ISE,2017,Multifator,10,0.7
ISE,2017,Uniao_TCC,26,0.348
ISE,2017,Universo_EW,32,0.2278
ISE,2018,Momentum,10,0.7
ISE,2018,Baixa_Vol,10,0.4939
ISE,2018,Valor,10,0.2567
ISE,2018,Qualidade,10,0.4289
ISE,2018,Multifator,10,0.4159
ISE,2018,Uniao_TCC,26,0.183
ISE,2018,Universo_EW,28,0.1507
ISE,2019,Momentum,10,0.7
ISE,2019,Baixa_Vol,10,0.3504
ISE,2019,Valor,10,0.3031
ISE,2019,Qualidade,10,0.3234
ISE,2019,Multifator,10,0.4187
ISE,2019,Uniao_TCC,25,0.2101
ISE,2019,Universo_EW,27,0.1809
ISE,2020,Momentum,10,0.8
ISE,2020,Baixa_Vol,10,0.2899
ISE,2020,Valor,10,0.2766
ISE,2020,Qualidade,10,0.3298
ISE,2020,Multifator,10,0.4454
ISE,2020,Uniao_TCC,23,0.1868
ISE,2020,Universo_EW,30,0.1539
ISE,2021,Momentum,10,0.7
ISE,2021,Baixa_Vol,10,0.4072
ISE,2021,Valor,10,0.3262
ISE,2021,Qualidade,10,0.6484
ISE,2021,Multifator,10,0.4536
ISE,2021,Uniao_TCC,28,0.3649
ISE,2021,Universo_EW,40,0.263
ISE,2022,Momentum,10,0.8
ISE,2022,Baixa_Vol,10,0.2095
ISE,2022,Valor,10,0.3338
ISE,2022,Qualidade,10,0.6087
ISE,2022,Multifator,10,0.2208
ISE,2022,Uniao_TCC,29,0.3763
ISE,2022,Universo_EW,48,0.2642
ISE,2023,Momentum,10,0.8
ISE,2023,Baixa_Vol,10,0.5494
ISE,2023,Valor,10,0.6562
ISE,2023,Qualidade,10,0.7
ISE,2023,Multifator,10,0.4083
ISE,2023,Uniao_TCC,37,0.4853
ISE,2023,Universo_EW,67,0.3798
ISE,2024,Momentum,10,0.9
ISE,2024,Baixa_Vol,10,0.5387
ISE,2024,Valor,10,0.7212
ISE,2024,Qualidade,10,0.3388
ISE,2024,Multifator,10,0.4285
ISE,2024,Uniao_TCC,34,0.4944
ISE,2024,Universo_EW,75,0.244
ISE,2025,Momentum,10,0.9
ISE,2025,Baixa_Vol,10,0.4439
ISE,2025,Valor,10,0.4576
ISE,2025,Qualidade,10,0.5099
ISE,2025,Multifator,10,0.4187
ISE,2025,Uniao_TCC,33,0.5402
ISE,2025,Universo_EW,80,0.2828
IBRX,2016,Momentum,10,0.5
IBRX,2016,Baixa_Vol,10,0.5
IBRX,2016,Valor,10,0.5
IBRX,2016,Qualidade,10,0.5
IBRX,2016,Multifator,10,0.5
IBRX,2016,Uniao_TCC,36,0.5
IBRX,2016,Universo_EW,88,0.5
IBRX,2017,Momentum,10,1.0
IBRX,2017,Baixa_Vol,10,0.6206
IBRX,2017,Valor,10,0.6086
IBRX,2017,Qualidade,10,0.6544
IBRX,2017,Multifator,10,0.803
IBRX,2017,Uniao_TCC,36,0.5756
IBRX,2017,Universo_EW,89,0.1811
IBRX,2018,Momentum,10,0.7
IBRX,2018,Baixa_Vol,10,0.4702
IBRX,2018,Valor,10,0.3952
IBRX,2018,Qualidade,10,0.449
IBRX,2018,Multifator,10,0.7142
IBRX,2018,Uniao_TCC,34,0.5236
IBRX,2018,Universo_EW,88,0.1795
IBRX,2019,Momentum,10,0.8
IBRX,2019,Baixa_Vol,10,0.544
IBRX,2019,Valor,10,0.6602
IBRX,2019,Qualidade,10,0.5503
IBRX,2019,Multifator,10,0.8127
IBRX,2019,Uniao_TCC,34,0.5665
IBRX,2019,Universo_EW,89,0.2409
IBRX,2020,Momentum,10,1.0
IBRX,2020,Baixa_Vol,10,0.617
IBRX,2020,Valor,10,0.4923
IBRX,2020,Qualidade,10,0.5655
IBRX,2020,Multifator,10,0.6108
IBRX,2020,Uniao_TCC,35,0.5675
IBRX,2020,Universo_EW,88,0.2049
IBRX,2021,Momentum,10,0.9
IBRX,2021,Baixa_Vol,10,0.4214
IBRX,2021,Valor,10,0.7696
IBRX,2021,Qualidade,10,1.0
IBRX,2021,Multifator,10,0.5263
IBRX,2021,Uniao_TCC,34,0.616
IBRX,2021,Universo_EW,91,0.2084
IBRX,2022,Momentum,10,0.9
IBRX,2022,Baixa_Vol,10,0.4421
IBRX,2022,Valor,10,0.6345
IBRX,2022,Qualidade,10,1.0
IBRX,2022,Multifator,10,0.5219
IBRX,2022,Uniao_TCC,32,0.5358
IBRX,2022,Universo_EW,91,0.253
IBRX,2023,Momentum,10,0.9
IBRX,2023,Baixa_Vol,10,0.3708
IBRX,2023,Valor,10,0.5705
IBRX,2023,Qualidade,10,0.6
IBRX,2023,Multifator,10,0.3174
IBRX,2023,Uniao_TCC,35,0.4544
IBRX,2023,Universo_EW,90,0.2824
IBRX,2024,Momentum,10,1.0
IBRX,2024,Baixa_Vol,10,0.35
IBRX,2024,Valor,10,0.6017
IBRX,2024,Qualidade,10,0.5452
IBRX,2024,Multifator,10,0.5312
IBRX,2024,Uniao_TCC,37,0.4799
IBRX,2024,Universo_EW,90,0.2016
IBRX,2025,Momentum,10,0.9
IBRX,2025,Baixa_Vol,10,0.3475
IBRX,2025,Valor,10,0.4013
IBRX,2025,Qualidade,10,0.4695
IBRX,2025,Multifator,10,0.6057
IBRX,2025,Uniao_TCC,35,0.4636
IBRX,2025,Universo_EW,92,0.2066
