Ano,Estrategia,N_acoes,Turnover,Custo_bps
2016,Momentum,10,0.5,20.0
2016,Baixa_Vol,10,0.5,20.0
2016,Valor,10,0.5,20.0
2016,Qualidade,10,0.5,20.0
2016,Multifator,10,0.5,20.0
2016,Uniao_TCC,25,0.5,20.0
2017,Momentum,10,0.8,32.0
2017,Baixa_Vol,10,0.5603,22.4
2017,Valor,10,0.4959,19.8
2017,Qualidade,10,0.5255,21.0
2017,Multifator,10,0.7,28.0
2017,Uniao_TCC,26,0.348,13.9
2018,Momentum,10,0.7,28.0
2018,Baixa_Vol,10,0.4939,19.8
2018,Valor,10,0.2567,10.3
2018,Qualidade,10,0.4289,17.2
2018,Multifator,10,0.4159,16.6
2018,Uniao_TCC,26,0.183,7.3
2019,Momentum,10,0.7,28.0
2019,Baixa_Vol,10,0.3504,14.0
2019,Valor,10,0.3031,12.1
2019,Qualidade,10,0.3234,12.9
2019,Multifator,10,0.4187,16.7
2019,Uniao_TCC,25,0.2101,8.4
2020,Momentum,10,0.8,32.0
2020,Baixa_Vol,10,0.2899,11.6
2020,Valor,10,0.2766,11.1
2020,Qualidade,10,0.3298,13.2
2020,Multifator,10,0.4454,17.8
2020,Uniao_TCC,23,0.1868,7.5
2021,Momentum,10,0.7,28.0
2021,Baixa_Vol,10,0.4072,16.3
2021,Valor,10,0.3262,13.0
2021,Qualidade,10,0.6484,25.9
2021,Multifator,10,0.4536,18.1
2021,Uniao_TCC,28,0.3649,14.6
2022,Momentum,10,0.8,32.0
2022,Baixa_Vol,10,0.2095,8.4
2022,Valor,10,0.3338,13.4
2022,Qualidade,10,0.6087,24.3
2022,Multifator,10,0.2208,8.8
2022,Uniao_TCC,29,0.3763,15.1
2023,Momentum,10,0.8,32.0
2023,Baixa_Vol,10,0.5494,22.0
2023,Valor,10,0.6562,26.2
2023,Qualidade,10,0.7,28.0
2023,Multifator,10,0.4083,16.3
2023,Uniao_TCC,37,0.4853,19.4
2024,Momentum,10,0.9,36.0
2024,Baixa_Vol,10,0.5387,21.5
2024,Valor,10,0.7212,28.8
2024,Qualidade,10,0.3388,13.6
2024,Multifator,10,0.4285,17.1
2024,Uniao_TCC,34,0.4944,19.8
2025,Momentum,10,0.9,36.0
2025,Baixa_Vol,10,0.4439,17.8
2025,Valor,10,0.4576,18.3
2025,Qualidade,10,0.5099,20.4
2025,Multifator,10,0.4187,16.7
2025,Uniao_TCC,33,0.5402,21.6
