Data_referencia,Tipo,Ticker,Peso_B3_pct,Documento,Pagina
2022-12-29,VIGENTE,AESB3,1.0592,bdi_20221229.pdf,25
2022-12-29,VIGENTE,AMBP3,0.411,bdi_20221229.pdf,25
2022-12-29,VIGENTE,AMER3,2.5384,bdi_20221229.pdf,25
2022-12-29,VIGENTE,ARZZ3,1.865,bdi_20221229.pdf,25
2022-12-29,VIGENTE,AZUL4,1.7552,bdi_20221229.pdf,25
2022-12-29,VIGENTE,BBAS3,2.6835,bdi_20221229.pdf,25
2022-12-29,VIGENTE,BBDC4,2.8864,bdi_20221229.pdf,25
2022-12-29,VIGENTE,BEEF3,1.3014,bdi_20221229.pdf,25
2022-12-29,VIGENTE,BPAC11,2.8272,bdi_20221229.pdf,25
2022-12-29,VIGENTE,BRFS3,2.7032,bdi_20221229.pdf,25
2022-12-29,VIGENTE,BRKM5,2.8689,bdi_20221229.pdf,25
2022-12-29,VIGENTE,CCRO3,2.7694,bdi_20221229.pdf,25
2022-12-29,VIGENTE,CIEL3,1.9426,bdi_20221229.pdf,25
2022-12-29,VIGENTE,CMIG4,2.6929,bdi_20221229.pdf,25
2022-12-29,VIGENTE,CPFE3,2.2344,bdi_20221229.pdf,25
2022-12-29,VIGENTE,CPLE6,2.8746,bdi_20221229.pdf,25
2022-12-29,VIGENTE,CSAN3,2.6937,bdi_20221229.pdf,25
2022-12-29,VIGENTE,DXCO3,0.962,bdi_20221229.pdf,25
2022-12-29,VIGENTE,ECOR3,0.6561,bdi_20221229.pdf,25
2022-12-29,VIGENTE,EGIE3,2.8725,bdi_20221229.pdf,25
2022-12-29,VIGENTE,ELET3,2.4045,bdi_20221229.pdf,25
2022-12-29,VIGENTE,ENBR3,1.8729,bdi_20221229.pdf,25
2022-12-29,VIGENTE,FLRY3,1.6807,bdi_20221229.pdf,25
2022-12-29,VIGENTE,ITSA4,2.8192,bdi_20221229.pdf,25
2022-12-29,VIGENTE,ITUB4,3.0142,bdi_20221229.pdf,25
2022-12-29,VIGENTE,KLBN11,2.9191,bdi_20221229.pdf,25
2022-12-29,VIGENTE,LIGT3,0.7217,bdi_20221229.pdf,25
2022-12-29,VIGENTE,LREN3,3.1471,bdi_20221229.pdf,25
2022-12-29,VIGENTE,MDIA3,0.9777,bdi_20221229.pdf,25
2022-12-29,VIGENTE,MGLU3,2.2475,bdi_20221229.pdf,25
2022-12-29,VIGENTE,MOVI3,0.6388,bdi_20221229.pdf,25
2022-12-29,VIGENTE,MRFG3,1.4005,bdi_20221229.pdf,25
2022-12-29,VIGENTE,MRVE3,1.1866,bdi_20221229.pdf,25
2022-12-29,VIGENTE,MYPK3,0.5881,bdi_20221229.pdf,25
2022-12-29,VIGENTE,NEOE3,1.0826,bdi_20221229.pdf,25
2022-12-29,VIGENTE,NTCO3,3.0592,bdi_20221229.pdf,25
2022-12-29,VIGENTE,PCAR3,1.1347,bdi_20221229.pdf,25
2022-12-29,VIGENTE,RADL3,2.5558,bdi_20221229.pdf,25
2022-12-29,VIGENTE,RAIL3,2.613,bdi_20221229.pdf,25
2022-12-29,VIGENTE,SANB11,2.6011,bdi_20221229.pdf,25
2022-12-29,VIGENTE,SIMH3,0.839,bdi_20221229.pdf,25
2022-12-29,VIGENTE,SULA11,2.3581,bdi_20221229.pdf,25
2022-12-29,VIGENTE,SUZB3,2.8394,bdi_20221229.pdf,25
2022-12-29,VIGENTE,TIMS3,2.8503,bdi_20221229.pdf,25
2022-12-29,VIGENTE,VBBR3,2.7298,bdi_20221229.pdf,25
2022-12-29,VIGENTE,VIIA3,1.6266,bdi_20221229.pdf,25
2022-12-29,VIGENTE,VIVT3,3.035,bdi_20221229.pdf,25
2022-12-29,VIGENTE,WEGE3,2.4569,bdi_20221229.pdf,25
2022-12-29,PREVIA,ABEV3,1.9641,bdi_20221229.pdf,65
2022-12-29,PREVIA,AERI3,0.0636,bdi_20221229.pdf,65
2022-12-29,PREVIA,AESB3,0.8541,bdi_20221229.pdf,65
2022-12-29,PREVIA,ALSO3,0.5662,bdi_20221229.pdf,65
2022-12-29,PREVIA,AMBP3,0.2538,bdi_20221229.pdf,65
2022-12-29,PREVIA,AMER3,1.5688,bdi_20221229.pdf,65
2022-12-29,PREVIA,ARZZ3,1.3036,bdi_20221229.pdf,65
2022-12-29,PREVIA,ASAI3,1.9578,bdi_20221229.pdf,65
2022-12-29,PREVIA,AZUL4,0.9861,bdi_20221229.pdf,65
2022-12-29,PREVIA,B3SA3,2.1011,bdi_20221229.pdf,65
2022-12-29,PREVIA,BBAS3,2.2146,bdi_20221229.pdf,65
2022-12-29,PREVIA,BBDC4,2.3239,bdi_20221229.pdf,65
2022-12-29,PREVIA,BEEF3,0.9097,bdi_20221229.pdf,65
2022-12-29,PREVIA,BPAC11,2.2489,bdi_20221229.pdf,65
2022-12-29,PREVIA,BPAN4,0.5787,bdi_20221229.pdf,65
2022-12-29,PREVIA,BRFS3,2.1268,bdi_20221229.pdf,65
2022-12-29,PREVIA,BRKM5,1.7784,bdi_20221229.pdf,65
2022-12-29,PREVIA,CBAV3,0.6005,bdi_20221229.pdf,65
2022-12-29,PREVIA,CCRO3,2.2538,bdi_20221229.pdf,65
2022-12-29,PREVIA,CIEL3,1.5593,bdi_20221229.pdf,65
2022-12-29,PREVIA,CMIG4,2.2021,bdi_20221229.pdf,65
2022-12-29,PREVIA,COGN3,1.0508,bdi_20221229.pdf,65
2022-12-29,PREVIA,CPFE3,1.7097,bdi_20221229.pdf,65
2022-12-29,PREVIA,CPLE6,2.2656,bdi_20221229.pdf,65
2022-12-29,PREVIA,CSAN3,2.1305,bdi_20221229.pdf,65
2022-12-29,PREVIA,DASA3,0.2778,bdi_20221229.pdf,65
2022-12-29,PREVIA,DXCO3,0.4968,bdi_20221229.pdf,65
2022-12-29,PREVIA,ECOR3,0.3736,bdi_20221229.pdf,65
2022-12-29,PREVIA,EGIE3,2.3088,bdi_20221229.pdf,65
2022-12-29,PREVIA,ELET3,2.2001,bdi_20221229.pdf,65
2022-12-29,PREVIA,ENBR3,1.4064,bdi_20221229.pdf,65
2022-12-29,PREVIA,ENEV3,2.1107,bdi_20221229.pdf,65
2022-12-29,PREVIA,FLRY3,1.5483,bdi_20221229.pdf,65
2022-12-29,PREVIA,GFSA3,0.1059,bdi_20221229.pdf,65
2022-12-29,PREVIA,GRND3,0.4704,bdi_20221229.pdf,65
2022-12-29,PREVIA,GUAR3,0.1446,bdi_20221229.pdf,65
2022-12-29,PREVIA,HYPE3,1.848,bdi_20221229.pdf,65
2022-12-29,PREVIA,ITSA4,2.2266,bdi_20221229.pdf,65
2022-12-29,PREVIA,ITUB4,2.2373,bdi_20221229.pdf,65
2022-12-29,PREVIA,KLBN11,2.4017,bdi_20221229.pdf,65
2022-12-29,PREVIA,LIGT3,0.4848,bdi_20221229.pdf,65
2022-12-29,PREVIA,LREN3,2.4185,bdi_20221229.pdf,65
2022-12-29,PREVIA,MDIA3,0.6953,bdi_20221229.pdf,65
2022-12-29,PREVIA,MGLU3,2.0296,bdi_20221229.pdf,65
2022-12-29,PREVIA,MOVI3,0.2712,bdi_20221229.pdf,65
2022-12-29,PREVIA,MRFG3,0.7056,bdi_20221229.pdf,65
2022-12-29,PREVIA,MRVE3,0.6073,bdi_20221229.pdf,65
2022-12-29,PREVIA,MYPK3,0.4311,bdi_20221229.pdf,65
2022-12-29,PREVIA,NEOE3,0.8381,bdi_20221229.pdf,65
2022-12-29,PREVIA,NTCO3,2.189,bdi_20221229.pdf,65
2022-12-29,PREVIA,PCAR3,0.7344,bdi_20221229.pdf,65
2022-12-29,PREVIA,RADL3,2.1216,bdi_20221229.pdf,65
2022-12-29,PREVIA,RAIL3,2.0879,bdi_20221229.pdf,65
2022-12-29,PREVIA,RAIZ4,1.2379,bdi_20221229.pdf,65
2022-12-29,PREVIA,RANI3,0.2177,bdi_20221229.pdf,65
2022-12-29,PREVIA,RDOR3,1.9798,bdi_20221229.pdf,65
2022-12-29,PREVIA,SANB11,2.2493,bdi_20221229.pdf,65
2022-12-29,PREVIA,SAPR11,1.0108,bdi_20221229.pdf,65
2022-12-29,PREVIA,SIMH3,0.4083,bdi_20221229.pdf,65
2022-12-29,PREVIA,SLCE3,1.238,bdi_20221229.pdf,65
2022-12-29,PREVIA,STBP3,1.8495,bdi_20221229.pdf,65
2022-12-29,PREVIA,SUZB3,2.2834,bdi_20221229.pdf,65
2022-12-29,PREVIA,TIMS3,2.2933,bdi_20221229.pdf,65
2022-12-29,PREVIA,TRPL4,2.2408,bdi_20221229.pdf,65
2022-12-29,PREVIA,USIM5,1.0131,bdi_20221229.pdf,65
2022-12-29,PREVIA,VAMO3,1.0609,bdi_20221229.pdf,65
2022-12-29,PREVIA,VBBR3,1.9909,bdi_20221229.pdf,65
2022-12-29,PREVIA,VIIA3,1.0473,bdi_20221229.pdf,65
2022-12-29,PREVIA,VIVT3,2.4471,bdi_20221229.pdf,65
2022-12-29,PREVIA,WEGE3,2.0858,bdi_20221229.pdf,65
2023-01-02,VIGENTE,ABEV3,1.9186,bdi_20230102.pdf,24
2023-01-02,VIGENTE,AERI3,0.0702,bdi_20230102.pdf,24
2023-01-02,VIGENTE,AESB3,0.8334,bdi_20230102.pdf,24
2023-01-02,VIGENTE,ALSO3,0.5701,bdi_20230102.pdf,24
2023-01-02,VIGENTE,AMBP3,0.2507,bdi_20230102.pdf,24
2023-01-02,VIGENTE,AMER3,1.6144,bdi_20230102.pdf,24
2023-01-02,VIGENTE,ARZZ3,1.3013,bdi_20230102.pdf,24
2023-01-02,VIGENTE,ASAI3,1.9293,bdi_20230102.pdf,24
2023-01-02,VIGENTE,AZUL4,0.9874,bdi_20230102.pdf,24
2023-01-02,VIGENTE,B3SA3,2.085,bdi_20230102.pdf,24
2023-01-02,VIGENTE,BBAS3,2.2058,bdi_20230102.pdf,24
2023-01-02,VIGENTE,BBDC4,2.3379,bdi_20230102.pdf,24
2023-01-02,VIGENTE,BEEF3,0.9235,bdi_20230102.pdf,24
2023-01-02,VIGENTE,BPAC11,2.2465,bdi_20230102.pdf,24
2023-01-02,VIGENTE,BPAN4,0.5674,bdi_20230102.pdf,24
2023-01-02,VIGENTE,BRFS3,2.3924,bdi_20230102.pdf,24
2023-01-02,VIGENTE,BRKM5,1.7248,bdi_20230102.pdf,24
2023-01-02,VIGENTE,CBAV3,0.6049,bdi_20230102.pdf,24
2023-01-02,VIGENTE,CCRO3,2.2578,bdi_20230102.pdf,24
2023-01-02,VIGENTE,CIEL3,1.5711,bdi_20230102.pdf,24
2023-01-02,VIGENTE,CMIG4,2.2289,bdi_20230102.pdf,24
2023-01-02,VIGENTE,COGN3,1.0563,bdi_20230102.pdf,24
2023-01-02,VIGENTE,CPFE3,1.706,bdi_20230102.pdf,24
2023-01-02,VIGENTE,CPLE6,2.3063,bdi_20230102.pdf,24
2023-01-02,VIGENTE,CSAN3,2.1069,bdi_20230102.pdf,24
2023-01-02,VIGENTE,DASA3,0.2699,bdi_20230102.pdf,24
2023-01-02,VIGENTE,DXCO3,0.5101,bdi_20230102.pdf,24
2023-01-02,VIGENTE,ECOR3,0.3776,bdi_20230102.pdf,24
2023-01-02,VIGENTE,EGIE3,2.2745,bdi_20230102.pdf,24
2023-01-02,VIGENTE,ELET3,2.1691,bdi_20230102.pdf,24
2023-01-02,VIGENTE,ENBR3,1.4,bdi_20230102.pdf,24
2023-01-02,VIGENTE,ENEV3,2.1576,bdi_20230102.pdf,24
2023-01-02,VIGENTE,FLRY3,1.4883,bdi_20230102.pdf,24
2023-01-02,VIGENTE,GFSA3,0.1628,bdi_20230102.pdf,24
2023-01-02,VIGENTE,GRND3,0.4419,bdi_20230102.pdf,24
2023-01-02,VIGENTE,GUAR3,0.1461,bdi_20230102.pdf,24
2023-01-02,VIGENTE,HYPE3,1.8414,bdi_20230102.pdf,24
2023-01-02,VIGENTE,ITSA4,2.2087,bdi_20230102.pdf,24
2023-01-02,VIGENTE,ITUB4,2.2241,bdi_20230102.pdf,24
2023-01-02,VIGENTE,KLBN11,2.3964,bdi_20230102.pdf,24
2023-01-02,VIGENTE,LIGT3,0.4715,bdi_20230102.pdf,24
2023-01-02,VIGENTE,LREN3,2.374,bdi_20230102.pdf,24
2023-01-02,VIGENTE,MDIA3,0.6795,bdi_20230102.pdf,24
2023-01-02,VIGENTE,MGLU3,2.1556,bdi_20230102.pdf,24
2023-01-02,VIGENTE,MOVI3,0.2757,bdi_20230102.pdf,24
2023-01-02,VIGENTE,MRFG3,0.7542,bdi_20230102.pdf,24
2023-01-02,VIGENTE,MRVE3,0.6358,bdi_20230102.pdf,24
2023-01-02,VIGENTE,MYPK3,0.4229,bdi_20230102.pdf,24
2023-01-02,VIGENTE,NEOE3,0.8299,bdi_20230102.pdf,24
2023-01-02,VIGENTE,NTCO3,2.3244,bdi_20230102.pdf,24
2023-01-02,VIGENTE,PCAR3,0.7139,bdi_20230102.pdf,24
2023-01-02,VIGENTE,RADL3,2.0794,bdi_20230102.pdf,24
2023-01-02,VIGENTE,RAIL3,2.1027,bdi_20230102.pdf,24
2023-01-02,VIGENTE,RAIZ4,1.2289,bdi_20230102.pdf,24
2023-01-02,VIGENTE,RANI3,0.2203,bdi_20230102.pdf,24
2023-01-02,VIGENTE,RDOR3,1.903,bdi_20230102.pdf,24
2023-01-02,VIGENTE,SANB11,2.2311,bdi_20230102.pdf,24
2023-01-02,VIGENTE,SAPR11,0.9503,bdi_20230102.pdf,24
2023-01-02,VIGENTE,SIMH3,0.4197,bdi_20230102.pdf,24
2023-01-02,VIGENTE,SLCE3,1.2361,bdi_20230102.pdf,24
2023-01-02,VIGENTE,STBP3,1.7637,bdi_20230102.pdf,24
2023-01-02,VIGENTE,SUZB3,2.2652,bdi_20230102.pdf,24
2023-01-02,VIGENTE,TIMS3,2.2713,bdi_20230102.pdf,24
2023-01-02,VIGENTE,TRPL4,2.2256,bdi_20230102.pdf,24
2023-01-02,VIGENTE,USIM5,1.0093,bdi_20230102.pdf,24
2023-01-02,VIGENTE,VAMO3,1.0888,bdi_20230102.pdf,24
2023-01-02,VIGENTE,VBBR3,2.0093,bdi_20230102.pdf,24
2023-01-02,VIGENTE,VIIA3,1.0359,bdi_20230102.pdf,24
2023-01-02,VIGENTE,VIVT3,2.3887,bdi_20230102.pdf,24
2023-01-02,VIGENTE,WEGE3,2.0642,bdi_20230102.pdf,24
2023-12-28,VIGENTE,ABEV3,1.8005,bdi_20231228.pdf,31
2023-12-28,VIGENTE,AERI3,0.0545,bdi_20231228.pdf,31
2023-12-28,VIGENTE,AESB3,0.9413,bdi_20231228.pdf,31
2023-12-28,VIGENTE,ALSO3,1.929,bdi_20231228.pdf,31
2023-12-28,VIGENTE,AMBP3,0.2475,bdi_20231228.pdf,31
2023-12-28,VIGENTE,ARZZ3,1.2071,bdi_20231228.pdf,31
2023-12-28,VIGENTE,ASAI3,2.0505,bdi_20231228.pdf,31
2023-12-28,VIGENTE,AZUL4,1.2859,bdi_20231228.pdf,31
2023-12-28,VIGENTE,B3SA3,2.1515,bdi_20231228.pdf,31
2023-12-28,VIGENTE,BBAS3,2.2889,bdi_20231228.pdf,31
2023-12-28,VIGENTE,BBDC4,2.3938,bdi_20231228.pdf,31
2023-12-28,VIGENTE,BEEF3,0.5874,bdi_20231228.pdf,31
2023-12-28,VIGENTE,BPAC11,2.1695,bdi_20231228.pdf,31
2023-12-28,VIGENTE,BPAN4,0.7624,bdi_20231228.pdf,31
2023-12-28,VIGENTE,BRFS3,2.1356,bdi_20231228.pdf,31
2023-12-28,VIGENTE,BRKM5,1.5572,bdi_20231228.pdf,31
2023-12-28,VIGENTE,CBAV3,0.2273,bdi_20231228.pdf,31
2023-12-28,VIGENTE,CCRO3,2.3229,bdi_20231228.pdf,31
2023-12-28,VIGENTE,CIEL3,1.1117,bdi_20231228.pdf,31
2023-12-28,VIGENTE,CMIG4,2.2693,bdi_20231228.pdf,31
2023-12-28,VIGENTE,COGN3,1.4368,bdi_20231228.pdf,31
2023-12-28,VIGENTE,CPFE3,1.7181,bdi_20231228.pdf,31
2023-12-28,VIGENTE,CPLE6,2.344,bdi_20231228.pdf,31
2023-12-28,VIGENTE,CSAN3,2.172,bdi_20231228.pdf,31
2023-12-28,VIGENTE,DASA3,0.3983,bdi_20231228.pdf,31
2023-12-28,VIGENTE,DXCO3,0.6533,bdi_20231228.pdf,31
2023-12-28,VIGENTE,ECOR3,0.6825,bdi_20231228.pdf,31
2023-12-28,VIGENTE,EGIE3,2.3954,bdi_20231228.pdf,31
2023-12-28,VIGENTE,ELET3,2.2345,bdi_20231228.pdf,31
2023-12-28,VIGENTE,ENEV3,2.1904,bdi_20231228.pdf,31
2023-12-28,VIGENTE,FLRY3,1.3371,bdi_20231228.pdf,31
2023-12-28,VIGENTE,GFSA3,0.0798,bdi_20231228.pdf,31
2023-12-28,VIGENTE,GRND3,0.5012,bdi_20231228.pdf,31
2023-12-28,VIGENTE,GUAR3,0.1451,bdi_20231228.pdf,31
2023-12-28,VIGENTE,HYPE3,1.9327,bdi_20231228.pdf,31
2023-12-28,VIGENTE,ITSA4,2.2976,bdi_20231228.pdf,31
2023-12-28,VIGENTE,ITUB4,2.3316,bdi_20231228.pdf,31
2023-12-28,VIGENTE,KLBN11,2.5168,bdi_20231228.pdf,31
2023-12-28,VIGENTE,LREN3,2.5729,bdi_20231228.pdf,31
2023-12-28,VIGENTE,MDIA3,0.6439,bdi_20231228.pdf,31
2023-12-28,VIGENTE,MGLU3,2.1563,bdi_20231228.pdf,31
2023-12-28,VIGENTE,MOVI3,0.423,bdi_20231228.pdf,31
2023-12-28,VIGENTE,MRFG3,0.5661,bdi_20231228.pdf,31
2023-12-28,VIGENTE,MRVE3,1.1661,bdi_20231228.pdf,31
2023-12-28,VIGENTE,MYPK3,0.4869,bdi_20231228.pdf,31
2023-12-28,VIGENTE,NEOE3,0.9545,bdi_20231228.pdf,31
2023-12-28,VIGENTE,NTCO3,2.2815,bdi_20231228.pdf,31
2023-12-28,VIGENTE,PCAR3,0.2061,bdi_20231228.pdf,31
2023-12-28,VIGENTE,RADL3,2.2054,bdi_20231228.pdf,31
2023-12-28,VIGENTE,RAIL3,2.1813,bdi_20231228.pdf,31
2023-12-28,VIGENTE,RAIZ4,1.1392,bdi_20231228.pdf,31
2023-12-28,VIGENTE,RANI3,0.3039,bdi_20231228.pdf,31
2023-12-28,VIGENTE,RDOR3,2.0807,bdi_20231228.pdf,31
2023-12-28,VIGENTE,SANB11,2.3296,bdi_20231228.pdf,31
2023-12-28,VIGENTE,SAPR11,1.2016,bdi_20231228.pdf,31
2023-12-28,VIGENTE,SIMH3,0.6045,bdi_20231228.pdf,31
2023-12-28,VIGENTE,SLCE3,1.0861,bdi_20231228.pdf,31
2023-12-28,VIGENTE,STBP3,1.9311,bdi_20231228.pdf,31
2023-12-28,VIGENTE,SUZB3,2.394,bdi_20231228.pdf,31
2023-12-28,VIGENTE,TIMS3,2.3592,bdi_20231228.pdf,31
2023-12-28,VIGENTE,TRPL4,2.3045,bdi_20231228.pdf,31
2023-12-28,VIGENTE,USIM5,0.9385,bdi_20231228.pdf,31
2023-12-28,VIGENTE,VAMO3,1.325,bdi_20231228.pdf,31
2023-12-28,VIGENTE,VBBR3,2.0709,bdi_20231228.pdf,31
2023-12-28,VIGENTE,VIIA3,0.5368,bdi_20231228.pdf,31
2023-12-28,VIGENTE,VIVT3,2.5315,bdi_20231228.pdf,31
2023-12-28,VIGENTE,WEGE3,2.1543,bdi_20231228.pdf,31
2023-12-28,PREVIA,ABEV3,1.6684,bdi_20231228.pdf,71
2023-12-28,PREVIA,AESB3,0.8738,bdi_20231228.pdf,71
2023-12-28,PREVIA,ALOS3,1.7711,bdi_20231228.pdf,71
2023-12-28,PREVIA,AMBP3,0.2194,bdi_20231228.pdf,71
2023-12-28,PREVIA,ARZZ3,0.9135,bdi_20231228.pdf,71
2023-12-28,PREVIA,ASAI3,1.882,bdi_20231228.pdf,71
2023-12-28,PREVIA,AURE3,0.8881,bdi_20231228.pdf,71
2023-12-28,PREVIA,AZUL4,1.1762,bdi_20231228.pdf,71
2023-12-28,PREVIA,B3SA3,2.1239,bdi_20231228.pdf,71
2023-12-28,PREVIA,BBAS3,2.1459,bdi_20231228.pdf,71
2023-12-28,PREVIA,BBDC4,2.1807,bdi_20231228.pdf,71
2023-12-28,PREVIA,BEEF3,0.4323,bdi_20231228.pdf,71
2023-12-28,PREVIA,BHIA3,0.2291,bdi_20231228.pdf,71
2023-12-28,PREVIA,BPAC11,2.0517,bdi_20231228.pdf,71
2023-12-28,PREVIA,BPAN4,0.6302,bdi_20231228.pdf,71
2023-12-28,PREVIA,BRFS3,2.0068,bdi_20231228.pdf,71
2023-12-28,PREVIA,CAML3,0.1821,bdi_20231228.pdf,71
2023-12-28,PREVIA,CBAV3,0.2197,bdi_20231228.pdf,71
2023-12-28,PREVIA,CCRO3,2.1233,bdi_20231228.pdf,71
2023-12-28,PREVIA,CEAB3,0.1785,bdi_20231228.pdf,71
2023-12-28,PREVIA,CIEL3,1.1417,bdi_20231228.pdf,71
2023-12-28,PREVIA,CMIG4,2.0734,bdi_20231228.pdf,71
2023-12-28,PREVIA,COGN3,1.3786,bdi_20231228.pdf,71
2023-12-28,PREVIA,CPFE3,1.6005,bdi_20231228.pdf,71
2023-12-28,PREVIA,CPLE6,2.1481,bdi_20231228.pdf,71
2023-12-28,PREVIA,CSAN3,2.1233,bdi_20231228.pdf,71
2023-12-28,PREVIA,CSMG3,0.8473,bdi_20231228.pdf,71
2023-12-28,PREVIA,DXCO3,0.5455,bdi_20231228.pdf,71
2023-12-28,PREVIA,ECOR3,0.7117,bdi_20231228.pdf,71
2023-12-28,PREVIA,EGIE3,2.2483,bdi_20231228.pdf,71
2023-12-28,PREVIA,ELET3,2.0646,bdi_20231228.pdf,71
2023-12-28,PREVIA,ENAT3,0.7756,bdi_20231228.pdf,71
2023-12-28,PREVIA,ENEV3,1.9797,bdi_20231228.pdf,71
2023-12-28,PREVIA,EQTL3,1.6035,bdi_20231228.pdf,71
2023-12-28,PREVIA,FLRY3,0.9848,bdi_20231228.pdf,71
2023-12-28,PREVIA,GFSA3,0.1134,bdi_20231228.pdf,71
2023-12-28,PREVIA,GRND3,0.4097,bdi_20231228.pdf,71
2023-12-28,PREVIA,GUAR3,0.1241,bdi_20231228.pdf,71
2023-12-28,PREVIA,HYPE3,1.8211,bdi_20231228.pdf,71
2023-12-28,PREVIA,IGTI11,1.1672,bdi_20231228.pdf,71
2023-12-28,PREVIA,ITSA4,2.1006,bdi_20231228.pdf,71
2023-12-28,PREVIA,ITUB4,2.1086,bdi_20231228.pdf,71
2023-12-28,PREVIA,JSLG3,0.1674,bdi_20231228.pdf,71
2023-12-28,PREVIA,KLBN11,2.2237,bdi_20231228.pdf,71
2023-12-28,PREVIA,LREN3,2.2889,bdi_20231228.pdf,71
2023-12-28,PREVIA,MDIA3,0.5503,bdi_20231228.pdf,71
2023-12-28,PREVIA,MGLU3,1.3361,bdi_20231228.pdf,71
2023-12-28,PREVIA,MOVI3,0.3202,bdi_20231228.pdf,71
2023-12-28,PREVIA,MRFG3,0.7165,bdi_20231228.pdf,71
2023-12-28,PREVIA,MRVE3,0.893,bdi_20231228.pdf,71
2023-12-28,PREVIA,MTRE3,0.0694,bdi_20231228.pdf,71
2023-12-28,PREVIA,MYPK3,0.3687,bdi_20231228.pdf,71
2023-12-28,PREVIA,NEOE3,0.8797,bdi_20231228.pdf,71
2023-12-28,PREVIA,NTCO3,2.1767,bdi_20231228.pdf,71
2023-12-28,PREVIA,PCAR3,0.1436,bdi_20231228.pdf,71
2023-12-28,PREVIA,PORT3,0.7242,bdi_20231228.pdf,71
2023-12-28,PREVIA,PSSA3,1.1624,bdi_20231228.pdf,71
2023-12-28,PREVIA,RADL3,2.0889,bdi_20231228.pdf,71
2023-12-28,PREVIA,RAIL3,2.0821,bdi_20231228.pdf,71
2023-12-28,PREVIA,RAIZ4,1.0906,bdi_20231228.pdf,71
2023-12-28,PREVIA,RANI3,0.2448,bdi_20231228.pdf,71
2023-12-28,PREVIA,RDOR3,2.098,bdi_20231228.pdf,71
2023-12-28,PREVIA,SANB11,2.1561,bdi_20231228.pdf,71
2023-12-28,PREVIA,SAPR11,1.2765,bdi_20231228.pdf,71
2023-12-28,PREVIA,SIMH3,0.4846,bdi_20231228.pdf,71
2023-12-28,PREVIA,SLCE3,0.8187,bdi_20231228.pdf,71
2023-12-28,PREVIA,SOMA3,0.8072,bdi_20231228.pdf,71
2023-12-28,PREVIA,SRNA3,0.739,bdi_20231228.pdf,71
2023-12-28,PREVIA,STBP3,1.7889,bdi_20231228.pdf,71
2023-12-28,PREVIA,SUZB3,2.2237,bdi_20231228.pdf,71
2023-12-28,PREVIA,TIMS3,2.1912,bdi_20231228.pdf,71
2023-12-28,PREVIA,TRPL4,2.0972,bdi_20231228.pdf,71
2023-12-28,PREVIA,UGPA3,1.6527,bdi_20231228.pdf,71
2023-12-28,PREVIA,USIM5,1.0601,bdi_20231228.pdf,71
2023-12-28,PREVIA,VAMO3,0.9118,bdi_20231228.pdf,71
2023-12-28,PREVIA,VBBR3,1.9432,bdi_20231228.pdf,71
2023-12-28,PREVIA,VIVT3,2.3238,bdi_20231228.pdf,71
2023-12-28,PREVIA,WEGE3,1.9295,bdi_20231228.pdf,71
2024-12-30,VIGENTE,ABEV3,1.9444,bdi_20241230.pdf,28
2024-12-30,VIGENTE,AERI3,0.0985,bdi_20241230.pdf,28
2024-12-30,VIGENTE,AESB3,0.835,bdi_20241230.pdf,28
2024-12-30,VIGENTE,ALOS3,1.8631,bdi_20241230.pdf,28
2024-12-30,VIGENTE,AMBP3,0.6726,bdi_20241230.pdf,28
2024-12-30,VIGENTE,ASAI3,1.977,bdi_20241230.pdf,28
2024-12-30,VIGENTE,AURE3,0.7642,bdi_20241230.pdf,28
2024-12-30,VIGENTE,AZUL4,0.407,bdi_20241230.pdf,28
2024-12-30,VIGENTE,AZZA3,1.4349,bdi_20241230.pdf,28
2024-12-30,VIGENTE,B3SA3,2.2391,bdi_20241230.pdf,28
2024-12-30,VIGENTE,BBAS3,2.2611,bdi_20241230.pdf,28
2024-12-30,VIGENTE,BBDC4,2.3638,bdi_20241230.pdf,28
2024-12-30,VIGENTE,BEEF3,0.4501,bdi_20241230.pdf,28
2024-12-30,VIGENTE,BHIA3,0.1624,bdi_20241230.pdf,28
2024-12-30,VIGENTE,BPAC11,2.2467,bdi_20241230.pdf,28
2024-12-30,VIGENTE,BPAN4,0.6929,bdi_20241230.pdf,28
2024-12-30,VIGENTE,BRFS3,2.1354,bdi_20241230.pdf,28
2024-12-30,VIGENTE,CAML3,0.2073,bdi_20241230.pdf,28
2024-12-30,VIGENTE,CBAV3,0.234,bdi_20241230.pdf,28
2024-12-30,VIGENTE,CCRO3,2.2477,bdi_20241230.pdf,28
2024-12-30,VIGENTE,CEAB3,0.2374,bdi_20241230.pdf,28
2024-12-30,VIGENTE,CMIG4,2.2045,bdi_20241230.pdf,28
2024-12-30,VIGENTE,COGN3,0.59,bdi_20241230.pdf,28
2024-12-30,VIGENTE,CPFE3,1.4719,bdi_20241230.pdf,28
2024-12-30,VIGENTE,CPLE6,2.3095,bdi_20241230.pdf,28
2024-12-30,VIGENTE,CRFB3,1.0973,bdi_20241230.pdf,28
2024-12-30,VIGENTE,CSAN3,2.1595,bdi_20241230.pdf,28
2024-12-30,VIGENTE,CSMG3,1.0281,bdi_20241230.pdf,28
2024-12-30,VIGENTE,CYRE3,1.3284,bdi_20241230.pdf,28
2024-12-30,VIGENTE,DASA3,0.1003,bdi_20241230.pdf,28
2024-12-30,VIGENTE,DXCO3,0.5697,bdi_20241230.pdf,28
2024-12-30,VIGENTE,ECOR3,0.6014,bdi_20241230.pdf,28
2024-12-30,VIGENTE,EGIE3,2.4808,bdi_20241230.pdf,28
2024-12-30,VIGENTE,ELET3,2.2302,bdi_20241230.pdf,28
2024-12-30,VIGENTE,ENEV3,2.0153,bdi_20241230.pdf,28
2024-12-30,VIGENTE,FLRY3,1.7037,bdi_20241230.pdf,28
2024-12-30,VIGENTE,GFSA3,0.0539,bdi_20241230.pdf,28
2024-12-30,VIGENTE,GRND3,0.3699,bdi_20241230.pdf,28
2024-12-30,VIGENTE,GUAR3,0.1631,bdi_20241230.pdf,28
2024-12-30,VIGENTE,HYPE3,1.8161,bdi_20241230.pdf,28
2024-12-30,VIGENTE,IGTI11,1.0744,bdi_20241230.pdf,28
2024-12-30,VIGENTE,ITSA4,2.1604,bdi_20241230.pdf,28
2024-12-30,VIGENTE,ITUB4,2.1857,bdi_20241230.pdf,28
2024-12-30,VIGENTE,JSLG3,0.144,bdi_20241230.pdf,28
2024-12-30,VIGENTE,KLBN11,2.3085,bdi_20241230.pdf,28
2024-12-30,VIGENTE,LREN3,2.3912,bdi_20241230.pdf,28
2024-12-30,VIGENTE,MDIA3,0.4146,bdi_20241230.pdf,28
2024-12-30,VIGENTE,MGLU3,0.9885,bdi_20241230.pdf,28
2024-12-30,VIGENTE,MOVI3,0.2,bdi_20241230.pdf,28
2024-12-30,VIGENTE,MRVE3,0.6447,bdi_20241230.pdf,28
2024-12-30,VIGENTE,MTRE3,0.0488,bdi_20241230.pdf,28
2024-12-30,VIGENTE,MYPK3,0.3464,bdi_20241230.pdf,28
2024-12-30,VIGENTE,NEOE3,0.8926,bdi_20241230.pdf,28
2024-12-30,VIGENTE,NTCO3,2.2138,bdi_20241230.pdf,28
2024-12-30,VIGENTE,PCAR3,0.273,bdi_20241230.pdf,28
2024-12-30,VIGENTE,PSSA3,1.4301,bdi_20241230.pdf,28
2024-12-30,VIGENTE,RADL3,2.2356,bdi_20241230.pdf,28
2024-12-30,VIGENTE,RAIL3,2.1303,bdi_20241230.pdf,28
2024-12-30,VIGENTE,RAIZ4,0.8807,bdi_20241230.pdf,28
2024-12-30,VIGENTE,RANI3,0.1951,bdi_20241230.pdf,28
2024-12-30,VIGENTE,RDOR3,2.1534,bdi_20241230.pdf,28
2024-12-30,VIGENTE,SANB11,2.3334,bdi_20241230.pdf,28
2024-12-30,VIGENTE,SAPR11,1.3254,bdi_20241230.pdf,28
2024-12-30,VIGENTE,SIMH3,0.3221,bdi_20241230.pdf,28
2024-12-30,VIGENTE,SLCE3,0.789,bdi_20241230.pdf,28
2024-12-30,VIGENTE,SRNA3,0.7927,bdi_20241230.pdf,28
2024-12-30,VIGENTE,STBP3,1.9191,bdi_20241230.pdf,28
2024-12-30,VIGENTE,SUZB3,2.3029,bdi_20241230.pdf,28
2024-12-30,VIGENTE,TIMS3,2.4112,bdi_20241230.pdf,28
2024-12-30,VIGENTE,TRPL4,2.1428,bdi_20241230.pdf,28
2024-12-30,VIGENTE,UGPA3,1.7348,bdi_20241230.pdf,28
2024-12-30,VIGENTE,USIM5,0.7381,bdi_20241230.pdf,28
2024-12-30,VIGENTE,VAMO3,0.848,bdi_20241230.pdf,28
2024-12-30,VIGENTE,VBBR3,2.0447,bdi_20241230.pdf,28
2024-12-30,VIGENTE,VIVT3,2.4458,bdi_20241230.pdf,28
2024-12-30,VIGENTE,WEGE3,2.1089,bdi_20241230.pdf,28
2024-12-30,VIGENTE,YDUQ3,0.6569,bdi_20241230.pdf,28
2024-12-30,PREVIA,ABEV3,1.9578,bdi_20241230.pdf,73
2024-12-30,PREVIA,AERI3,0.0783,bdi_20241230.pdf,73
2024-12-30,PREVIA,ALOS3,1.9356,bdi_20241230.pdf,73
2024-12-30,PREVIA,AMBP3,2.4181,bdi_20241230.pdf,73
2024-12-30,PREVIA,ASAI3,1.9871,bdi_20241230.pdf,73
2024-12-30,PREVIA,AURE3,0.7665,bdi_20241230.pdf,73
2024-12-30,PREVIA,AZUL4,0.3542,bdi_20241230.pdf,73
2024-12-30,PREVIA,AZZA3,1.0999,bdi_20241230.pdf,73
2024-12-30,PREVIA,B3SA3,2.2424,bdi_20241230.pdf,73
2024-12-30,PREVIA,BBAS3,2.2657,bdi_20241230.pdf,73
2024-12-30,PREVIA,BBDC4,2.368,bdi_20241230.pdf,73
2024-12-30,PREVIA,BEEF3,0.3892,bdi_20241230.pdf,73
2024-12-30,PREVIA,BHIA3,0.0802,bdi_20241230.pdf,73
2024-12-30,PREVIA,BPAC11,2.297,bdi_20241230.pdf,73
2024-12-30,PREVIA,BPAN4,0.5385,bdi_20241230.pdf,73
2024-12-30,PREVIA,BRFS3,2.1189,bdi_20241230.pdf,73
2024-12-30,PREVIA,CAML3,0.1674,bdi_20241230.pdf,73
2024-12-30,PREVIA,CBAV3,0.3135,bdi_20241230.pdf,73
2024-12-30,PREVIA,CCRO3,2.3068,bdi_20241230.pdf,73
2024-12-30,PREVIA,CEAB3,0.2614,bdi_20241230.pdf,73
2024-12-30,PREVIA,CMIG4,2.1891,bdi_20241230.pdf,73
2024-12-30,PREVIA,COGN3,0.545,bdi_20241230.pdf,73
2024-12-30,PREVIA,CPFE3,1.5614,bdi_20241230.pdf,73
2024-12-30,PREVIA,CPLE6,2.3336,bdi_20241230.pdf,73
2024-12-30,PREVIA,CRFB3,0.8113,bdi_20241230.pdf,73
2024-12-30,PREVIA,CSAN3,2.2077,bdi_20241230.pdf,73
2024-12-30,PREVIA,CSMG3,1.1119,bdi_20241230.pdf,73
2024-12-30,PREVIA,CYRE3,1.2419,bdi_20241230.pdf,73
2024-12-30,PREVIA,DASA3,0.0762,bdi_20241230.pdf,73
2024-12-30,PREVIA,DXCO3,0.509,bdi_20241230.pdf,73
2024-12-30,PREVIA,ECOR3,0.3924,bdi_20241230.pdf,73
2024-12-30,PREVIA,EGIE3,2.4394,bdi_20241230.pdf,73
2024-12-30,PREVIA,ELET3,2.2455,bdi_20241230.pdf,73
2024-12-30,PREVIA,ENEV3,2.0902,bdi_20241230.pdf,73
2024-12-30,PREVIA,FLRY3,1.5346,bdi_20241230.pdf,73
2024-12-30,PREVIA,GFSA3,0.0299,bdi_20241230.pdf,73
2024-12-30,PREVIA,GRND3,0.3679,bdi_20241230.pdf,73
2024-12-30,PREVIA,GUAR3,0.1384,bdi_20241230.pdf,73
2024-12-30,PREVIA,HYPE3,1.7749,bdi_20241230.pdf,73
2024-12-30,PREVIA,IGTI11,1.0123,bdi_20241230.pdf,73
2024-12-30,PREVIA,ISAE4,2.1487,bdi_20241230.pdf,73
2024-12-30,PREVIA,ITSA4,2.2017,bdi_20241230.pdf,73
2024-12-30,PREVIA,ITUB4,2.2263,bdi_20241230.pdf,73
2024-12-30,PREVIA,JSLG3,0.1018,bdi_20241230.pdf,73
2024-12-30,PREVIA,KLBN11,2.3478,bdi_20241230.pdf,73
2024-12-30,PREVIA,LREN3,2.4823,bdi_20241230.pdf,73
2024-12-30,PREVIA,MDIA3,0.3661,bdi_20241230.pdf,73
2024-12-30,PREVIA,MGLU3,0.7533,bdi_20241230.pdf,73
2024-12-30,PREVIA,MOVI3,0.1333,bdi_20241230.pdf,73
2024-12-30,PREVIA,MRVE3,0.4932,bdi_20241230.pdf,73
2024-12-30,PREVIA,MTRE3,0.046,bdi_20241230.pdf,73
2024-12-30,PREVIA,MYPK3,0.401,bdi_20241230.pdf,73
2024-12-30,PREVIA,NEOE3,1.029,bdi_20241230.pdf,73
2024-12-30,PREVIA,NTCO3,2.2675,bdi_20241230.pdf,73
2024-12-30,PREVIA,PCAR3,0.2849,bdi_20241230.pdf,73
2024-12-30,PREVIA,PSSA3,1.7892,bdi_20241230.pdf,73
2024-12-30,PREVIA,RADL3,2.2711,bdi_20241230.pdf,73
2024-12-30,PREVIA,RAIL3,2.1983,bdi_20241230.pdf,73
2024-12-30,PREVIA,RAIZ4,0.7634,bdi_20241230.pdf,73
2024-12-30,PREVIA,RANI3,0.1926,bdi_20241230.pdf,73
2024-12-30,PREVIA,RDOR3,2.2152,bdi_20241230.pdf,73
2024-12-30,PREVIA,SANB11,2.2475,bdi_20241230.pdf,73
2024-12-30,PREVIA,SAPR11,1.4816,bdi_20241230.pdf,73
2024-12-30,PREVIA,SIMH3,0.2189,bdi_20241230.pdf,73
2024-12-30,PREVIA,SLCE3,0.9679,bdi_20241230.pdf,73
2024-12-30,PREVIA,SRNA3,0.6871,bdi_20241230.pdf,73
2024-12-30,PREVIA,STBP3,1.9085,bdi_20241230.pdf,73
2024-12-30,PREVIA,SUZB3,2.3479,bdi_20241230.pdf,73
2024-12-30,PREVIA,TIMS3,2.4447,bdi_20241230.pdf,73
2024-12-30,PREVIA,UGPA3,1.745,bdi_20241230.pdf,73
2024-12-30,PREVIA,USIM5,0.7847,bdi_20241230.pdf,73
2024-12-30,PREVIA,VAMO3,0.6818,bdi_20241230.pdf,73
2024-12-30,PREVIA,VBBR3,2.0517,bdi_20241230.pdf,73
2024-12-30,PREVIA,VIVT3,2.4535,bdi_20241230.pdf,73
2024-12-30,PREVIA,WEGE3,2.1028,bdi_20241230.pdf,73
2024-12-30,PREVIA,YDUQ3,0.6026,bdi_20241230.pdf,73
