Data,Ticker,Fechamento_nominal
2024-01-02,RRRP3,26.01
2024-01-03,RRRP3,26.35
2024-01-04,RRRP3,25.82
2024-01-05,RRRP3,26.15
2024-01-08,RRRP3,27.37
2024-01-09,RRRP3,28.52
2024-01-10,RRRP3,28.4
2024-01-11,RRRP3,28.58
2024-01-12,RRRP3,28.71
2024-01-15,RRRP3,29.04
2024-01-16,RRRP3,28.43
2024-01-17,RRRP3,27.3
2024-01-18,RRRP3,29.38
2024-01-19,RRRP3,29.55
2024-01-22,RRRP3,29.15
2024-01-23,RRRP3,28.53
2024-01-24,RRRP3,28.36
2024-01-25,RRRP3,28.35
2024-01-26,RRRP3,28.75
2024-01-29,RRRP3,28.11
2024-01-30,RRRP3,27.73
2024-01-31,RRRP3,27.38
2024-02-01,RRRP3,26.71
2024-02-02,RRRP3,26.9
2024-02-05,RRRP3,27.19
2024-02-06,RRRP3,28.53
2024-02-07,RRRP3,29.23
2024-02-08,RRRP3,29.31
2024-02-09,RRRP3,28.19
2024-02-14,RRRP3,27.9
2024-02-15,RRRP3,28.51
2024-02-16,RRRP3,29.33
2024-02-19,RRRP3,29.19
2024-02-20,RRRP3,29.18
2024-02-21,RRRP3,29.44
2024-02-22,RRRP3,29.35
2024-02-23,RRRP3,28.17
2024-02-26,RRRP3,28.11
2024-02-27,RRRP3,28.34
2024-02-28,RRRP3,28.58
2024-02-29,RRRP3,27.95
2024-03-01,RRRP3,28.26
2024-03-04,RRRP3,28.04
2024-03-05,RRRP3,28.25
2024-03-06,RRRP3,26.98
2024-03-07,RRRP3,27.1
2024-03-08,RRRP3,28.26
2024-03-11,RRRP3,29.09
2024-03-12,RRRP3,29.4
2024-03-13,RRRP3,29.66
2024-03-14,RRRP3,29.32
2024-03-15,RRRP3,29.05
2024-03-18,RRRP3,29.5
2024-03-19,RRRP3,30.08
2024-03-20,RRRP3,30.36
2024-03-21,RRRP3,30.43
2024-03-22,RRRP3,30.25
2024-03-25,RRRP3,31.3
2024-03-26,RRRP3,31.37
2024-03-27,RRRP3,32.05
2024-03-28,RRRP3,32.99
2024-04-01,RRRP3,33.1
2024-04-02,RRRP3,33.34
2024-04-03,RRRP3,34.6
2024-04-04,RRRP3,34.81
2024-04-05,RRRP3,34.4
2024-04-08,RRRP3,34.85
2024-04-09,RRRP3,35.52
2024-04-10,RRRP3,35.35
2024-04-11,RRRP3,36.26
2024-04-12,RRRP3,35.05
2024-04-15,RRRP3,34.68
2024-04-16,RRRP3,34.3
2024-04-17,RRRP3,33.1
2024-04-18,RRRP3,32.91
2024-04-19,RRRP3,32.9
2024-04-22,RRRP3,33.35
2024-04-23,RRRP3,34.72
2024-04-24,RRRP3,33.59
2024-04-25,RRRP3,34.14
2024-04-26,RRRP3,35.35
2024-04-29,RRRP3,34.49
2024-04-30,RRRP3,33.17
2024-05-02,RRRP3,32.97
2024-05-03,RRRP3,33.25
2024-05-06,RRRP3,33.64
2024-05-07,RRRP3,33.46
2024-05-08,RRRP3,33.3
2024-05-09,RRRP3,31.08
2024-05-10,RRRP3,30.21
2024-05-13,RRRP3,30.36
2024-05-14,RRRP3,29.59
2024-05-15,RRRP3,29.43
2024-05-16,RRRP3,29.4
2024-05-17,RRRP3,31.5
2024-05-20,RRRP3,30.83
2024-05-21,RRRP3,30.09
2024-05-22,RRRP3,28.7
2024-05-23,RRRP3,27.93
2024-05-24,RRRP3,27.41
2024-05-27,RRRP3,27.8
2024-05-28,RRRP3,28.02
2024-05-29,RRRP3,27.76
2024-05-31,RRRP3,28.2
2024-06-03,RRRP3,28.19
2024-06-04,RRRP3,27.31
2024-06-05,RRRP3,26.4
2024-06-06,RRRP3,26.67
2024-06-07,RRRP3,26.26
2024-06-10,RRRP3,26.32
2024-06-11,RRRP3,27.23
2024-06-12,RRRP3,26.34
2024-06-13,RRRP3,25.88
2024-06-14,RRRP3,25.9
2024-06-17,RRRP3,25.53
2024-06-18,RRRP3,25.4
2024-06-19,RRRP3,25.79
2024-06-20,RRRP3,25.5
2024-06-21,RRRP3,25.61
2024-06-24,RRRP3,25.92
2024-06-25,RRRP3,25.75
2024-06-26,RRRP3,26.1
2024-06-27,RRRP3,27.47
2024-06-28,RRRP3,27.48
2024-07-01,RRRP3,27.8
2024-07-02,RRRP3,28.03
2024-07-03,RRRP3,28.04
2024-07-04,RRRP3,27.93
2024-07-05,RRRP3,28.6
2024-07-08,RRRP3,28.2
2024-07-09,RRRP3,28.15
2024-07-10,RRRP3,27.8
2024-07-11,RRRP3,27.85
2024-07-12,RRRP3,27.6
2024-07-15,RRRP3,28.0
2024-07-16,RRRP3,27.72
2024-07-17,RRRP3,27.61
2024-07-18,RRRP3,27.29
2024-07-19,RRRP3,27.14
2024-07-22,RRRP3,27.2
2024-07-23,RRRP3,26.68
2024-07-24,RRRP3,26.33
2024-07-25,RRRP3,25.92
2024-07-26,RRRP3,25.68
2024-07-29,RRRP3,26.4
2024-07-30,RRRP3,26.8
2024-07-31,RRRP3,27.06
2024-08-01,RRRP3,26.84
2024-08-02,RRRP3,26.64
2024-08-05,RRRP3,26.4
2024-08-06,RRRP3,27.03
2024-08-07,RRRP3,27.37
2024-08-08,RRRP3,27.88
2024-08-09,RRRP3,29.48
2024-08-12,RRRP3,30.0
2024-08-13,RRRP3,29.73
2024-08-14,RRRP3,29.58
2024-08-15,RRRP3,29.2
2024-08-16,RRRP3,28.17
2024-08-19,RRRP3,27.86
2024-08-20,RRRP3,28.05
2024-08-21,RRRP3,27.6
2024-08-22,RRRP3,27.04
2024-08-23,RRRP3,27.72
2024-08-26,RRRP3,28.27
2024-08-27,RRRP3,27.7
2024-08-28,RRRP3,27.49
2024-08-29,RRRP3,27.0
2024-08-30,RRRP3,26.37
2024-09-02,RRRP3,26.89
2024-09-03,RRRP3,25.47
2024-09-04,RRRP3,24.65
2024-09-05,RRRP3,24.22
2024-09-06,RRRP3,22.87
2024-09-09,BRAV3,21.95
2024-09-10,BRAV3,21.45
2024-09-11,BRAV3,22.53
2024-09-12,BRAV3,21.39
2024-09-13,BRAV3,22.07
2024-09-16,BRAV3,21.23
2024-09-17,BRAV3,21.55
2024-09-18,BRAV3,20.85
2024-09-19,BRAV3,18.89
2024-09-20,BRAV3,18.18
2024-09-23,BRAV3,17.9
2024-09-24,BRAV3,19.46
2024-09-25,BRAV3,18.2
2024-09-26,BRAV3,17.01
2024-09-27,BRAV3,17.78
2024-09-30,BRAV3,17.63
2024-10-01,BRAV3,17.96
2024-10-02,BRAV3,17.55
2024-10-03,BRAV3,17.75
2024-10-04,BRAV3,17.96
2024-10-07,BRAV3,18.39
2024-10-08,BRAV3,17.91
2024-10-09,BRAV3,17.75
2024-10-10,BRAV3,17.62
2024-10-11,BRAV3,17.44
2024-10-14,BRAV3,17.28
2024-10-15,BRAV3,17.2
2024-10-16,BRAV3,17.19
2024-10-17,BRAV3,17.57
2024-10-18,BRAV3,16.95
2024-10-21,BRAV3,17.17
2024-10-22,BRAV3,17.27
2024-10-23,BRAV3,17.04
2024-10-24,BRAV3,17.02
2024-10-25,BRAV3,17.03
2024-10-28,BRAV3,16.8
2024-10-29,BRAV3,17.04
2024-10-30,BRAV3,17.03
2024-10-31,BRAV3,16.98
2024-11-01,BRAV3,16.6
2024-11-04,BRAV3,16.99
2024-11-05,BRAV3,17.31
2024-11-06,BRAV3,17.3
2024-11-07,BRAV3,16.99
2024-11-08,BRAV3,16.26
2024-11-11,BRAV3,16.08
2024-11-12,BRAV3,15.75
2024-11-13,BRAV3,15.62
2024-11-14,BRAV3,16.65
2024-11-18,BRAV3,17.97
2024-11-19,BRAV3,18.35
2024-11-21,BRAV3,18.0
2024-11-22,BRAV3,19.34
2024-11-25,BRAV3,19.08
2024-11-26,BRAV3,20.86
2024-11-27,BRAV3,20.31
2024-11-28,BRAV3,19.19
2024-11-29,BRAV3,19.88
2024-12-02,BRAV3,19.33
2024-12-03,BRAV3,21.08
2024-12-04,BRAV3,20.92
2024-12-05,BRAV3,21.27
2024-12-06,BRAV3,21.25
2024-12-09,BRAV3,21.44
2024-12-10,BRAV3,21.8
2024-12-11,BRAV3,21.49
2024-12-12,BRAV3,20.99
2024-12-13,BRAV3,20.14
2024-12-16,BRAV3,21.19
2024-12-17,BRAV3,21.37
2024-12-18,BRAV3,19.95
2024-12-19,BRAV3,20.3
2024-12-20,BRAV3,20.72
2024-12-23,BRAV3,19.13
2024-12-26,BRAV3,20.4
2024-12-27,BRAV3,22.57
2024-12-30,BRAV3,23.52
