Data,Ticker,Fechamento_nominal,Fator_cotacao
2025-01-20,AURE3,7.77,1
2025-01-20,BRFS3,23.29,1
2025-05-27,BRFS3,20.56,1
2025-05-26,AURE3,9.63,1
2025-05-26,BRFS3,21.31,1
2025-05-26,RDOR3,37.07,1
2025-05-27,CPLE3,11.69,1
2025-05-27,CPLE5,12.36,1
2025-05-27,CPLE6,12.66,1
2025-05-26,CRFB3,8.47,1
2025-05-26,CPLE3,11.53,1
2025-05-26,CPLE5,13.55,1
2025-05-26,CPLE6,12.51,1
2025-01-28,AURE3,7.8,1
2025-01-29,CPLE3,8.58,1
2025-01-29,CPLE5,10.5,1
2025-01-29,CPLE6,9.52,1
2025-01-27,SRNA3,6.25,1
2025-01-27,STBP3,13.18,1
2025-06-04,BRFS3,20.5,1
2025-06-03,RDOR3,36.3,1
2025-06-02,CPLE3,11.5,1
2025-06-02,CPLE5,12.9,1
2025-06-02,CPLE6,12.56,1
2025-06-02,SRNA3,11.49,1
2025-06-02,STBP3,13.67,1
2025-02-18,AURE3,8.73,1
2025-06-12,AURE3,9.92,1
2025-02-19,SRNA3,7.95,1
2025-02-19,STBP3,13.15,1
2025-06-12,CPLE3,11.56,1
2025-06-12,CPLE6,12.46,1
2025-06-11,CPLE3,11.49,1
2025-06-11,CPLE5,12.88,1
2025-06-11,CPLE6,12.37,1
2025-01-02,BRFS3,24.8,1
2025-02-11,CRFB3,7.1,1
2025-02-11,AURE3,8.36,1
2025-01-13,RDOR3,26.06,1
2025-01-16,CPLE3,8.11,1
2025-01-16,CPLE6,8.97,1
2025-02-10,RDOR3,28.56,1
2025-01-15,RDOR3,27.04,1
2025-02-10,BRFS3,21.35,1
2025-02-10,SRNA3,6.8,1
2025-02-10,STBP3,13.19,1
2025-02-06,BRFS3,21.17,1
2025-02-07,CPLE3,8.77,1
2025-02-07,CPLE5,10.8,1
2025-02-07,CPLE6,9.73,1
2025-02-12,BRFS3,20.23,1
2025-05-07,CRFB3,8.66,1
2025-02-05,CRFB3,6.26,1
2025-01-21,CPLE3,8.36,1
2025-01-21,CPLE6,9.24,1
2025-01-21,CRFB3,5.88,1
2025-01-08,CPLE3,8.13,1
2025-01-08,CPLE5,10.89,1
2025-01-08,CPLE6,9.01,1
2025-02-06,RDOR3,28.32,1
2025-01-08,CRFB3,5.4,1
2025-05-05,CPLE3,10.69,1
2025-05-05,CPLE6,11.76,1
2025-05-05,CRFB3,8.51,1
2025-05-05,BRFS3,21.44,1
2025-01-02,SRNA3,5.28,1
2025-01-02,STBP3,13.22,1
2025-02-05,AURE3,8.36,1
2025-02-05,BRFS3,21.03,1
2025-02-05,SRNA3,7.1,1
2025-02-05,STBP3,13.14,1
2025-05-07,CPLE3,10.71,1
2025-05-07,CPLE5,10.5,1
2025-05-07,CPLE6,11.67,1
2025-02-19,BRFS3,19.03,1
2025-05-30,RDOR3,37.78,1
2025-02-05,RDOR3,28.1,1
2025-01-24,AURE3,7.6,1
2025-01-16,RDOR3,26.69,1
2025-03-10,AURE3,7.76,1
2025-03-24,AURE3,7.72,1
2025-01-21,RDOR3,27.29,1
2025-01-21,AURE3,7.79,1
2025-03-13,AURE3,7.52,1
2025-03-13,CPLE3,9.15,1
2025-03-10,SRNA3,8.1,1
2025-01-22,CPLE3,8.49,1
2025-01-22,CPLE6,9.35,1
2025-03-10,STBP3,13.15,1
2025-01-22,SRNA3,6.0,1
2025-01-22,STBP3,13.12,1
2025-01-20,CPLE3,8.31,1
2025-01-20,CPLE5,10.38,1
2025-01-20,CPLE6,9.15,1
2025-03-28,CRFB3,7.36,1
2025-02-19,RDOR3,29.4,1
2025-03-11,RDOR3,26.8,1
2025-03-24,CRFB3,7.43,1
2025-01-20,SRNA3,5.85,1
2025-01-20,STBP3,13.14,1
2025-01-28,CRFB3,6.05,1
2025-02-19,CPLE3,9.17,1
2025-02-19,CPLE6,10.15,1
2025-06-30,BRFS3,20.14,1
2025-02-21,AURE3,8.82,1
2025-06-30,RDOR3,35.42,1
2025-04-14,SRNA3,9.27,1
2025-04-14,STBP3,13.36,1
2025-02-26,AURE3,8.07,1
2025-02-17,RDOR3,30.16,1
2025-02-17,SRNA3,7.91,1
2025-02-17,STBP3,13.18,1
2025-06-23,SRNA3,11.63,1
2025-06-23,STBP3,13.7,1
2025-06-20,CPLE3,11.66,1
2025-06-20,CPLE5,13.85,1
2025-06-20,CPLE6,12.41,1
2025-01-02,RDOR3,25.26,1
2025-06-17,RDOR3,35.49,1
2025-01-02,AURE3,8.6,1
2025-04-04,AURE3,7.65,1
2025-04-07,CPLE3,9.43,1
2025-04-07,CPLE5,9.77,1
2025-04-07,CPLE6,10.53,1
2025-04-07,CRFB3,8.24,1
2025-04-02,BRFS3,19.8,1
2025-01-03,RDOR3,25.15,1
2025-04-02,CPLE6,10.56,1
2025-04-02,CRFB3,7.36,1
2025-04-02,SRNA3,7.86,1
2025-04-02,STBP3,13.29,1
2025-01-02,CPLE3,8.24,1
2025-01-02,CPLE5,10.4,1
2025-01-02,CPLE6,9.09,1
2025-01-02,CRFB3,5.52,1
2025-06-16,SRNA3,11.63,1
2025-06-16,STBP3,13.75,1
2025-02-13,SRNA3,7.43,1
2025-02-13,STBP3,13.18,1
2025-03-31,CPLE3,9.37,1
2025-03-31,CPLE5,10.93,1
2025-03-31,CPLE6,10.41,1
2025-03-31,CRFB3,7.25,1
2025-03-18,RDOR3,28.65,1
2025-03-20,CPLE6,10.5,1
2025-01-06,RDOR3,26.02,1
2025-03-24,SRNA3,7.5,1
2025-03-24,STBP3,13.35,1
2025-02-07,AURE3,8.14,1
2025-02-07,BRFS3,20.64,1
2025-01-22,BRFS3,22.04,1
2025-04-08,CPLE3,9.4,1
2025-04-08,CPLE5,9.77,1
2025-04-08,CPLE6,10.47,1
2025-04-08,CRFB3,8.23,1
2025-05-09,BRFS3,19.2,1
2025-05-09,CPLE3,11.29,1
2025-05-09,CPLE5,12.25,1
2025-05-09,CPLE6,12.24,1
2025-04-16,BRFS3,20.68,1
2025-04-16,CPLE3,9.83,1
2025-04-16,CPLE6,10.85,1
2025-01-27,AURE3,7.97,1
2025-01-28,SRNA3,6.07,1
2025-01-28,STBP3,13.19,1
2025-03-13,RDOR3,27.5,1
2025-03-13,SRNA3,7.79,1
2025-03-13,STBP3,13.3,1
2025-01-30,AURE3,8.12,1
2025-05-13,AURE3,9.38,1
2025-01-30,BRFS3,22.0,1
2025-05-08,BRFS3,20.39,1
2025-05-08,CRFB3,8.47,1
2025-02-10,CPLE3,8.82,1
2025-02-10,CPLE5,10.8,1
2025-02-10,CPLE6,9.83,1
2025-02-03,AURE3,8.11,1
2025-02-03,RDOR3,27.95,1
2025-01-03,BRFS3,24.01,1
2025-02-25,SRNA3,8.3,1
2025-02-25,STBP3,13.22,1
2025-04-14,BRFS3,20.41,1
2025-04-14,CRFB3,8.28,1
2025-03-05,RDOR3,26.98,1
2025-02-25,CPLE3,9.23,1
2025-02-26,BRFS3,19.01,1
2025-04-07,RDOR3,28.26,1
2025-02-24,RDOR3,28.28,1
2025-04-08,BRFS3,19.06,1
2025-02-27,RDOR3,28.0,1
2025-02-27,SRNA3,8.24,1
2025-02-27,STBP3,13.33,1
2025-02-17,CRFB3,7.43,1
2025-03-05,SRNA3,8.25,1
2025-03-05,STBP3,13.4,1
2025-03-06,BRFS3,18.5,1
2025-03-17,RDOR3,28.93,1
2025-02-14,AURE3,8.47,1
2025-02-17,CPLE3,9.24,1
2025-02-17,CPLE6,10.25,1
2025-03-27,RDOR3,28.64,1
2025-03-21,RDOR3,28.7,1
2025-06-11,BRFS3,21.36,1
2025-03-27,SRNA3,7.63,1
2025-03-25,CRFB3,7.4,1
2025-03-27,STBP3,13.29,1
2025-06-11,AURE3,9.83,1
2025-01-14,RDOR3,26.17,1
2025-04-02,CPLE3,9.53,1
2025-04-02,CPLE5,9.75,1
2025-03-14,BRFS3,18.11,1
2025-03-10,CPLE3,8.9,1
2025-03-10,CPLE6,9.87,1
2025-03-10,CRFB3,7.44,1
2025-03-24,CPLE3,9.39,1
2025-03-24,CPLE5,10.05,1
2025-03-24,CPLE6,10.43,1
2025-03-10,BRFS3,18.88,1
2025-03-06,CPLE3,8.75,1
2025-03-06,CPLE5,11.9,1
2025-03-06,CPLE6,9.76,1
2025-03-12,RDOR3,27.91,1
2025-03-06,CRFB3,7.34,1
2025-03-12,STBP3,13.28,1
2025-02-26,CPLE3,9.13,1
2025-02-26,CPLE6,10.21,1
2025-03-14,CPLE5,11.2,1
2025-03-14,CPLE6,10.33,1
2025-06-16,RDOR3,35.52,1
2025-06-23,BRFS3,21.76,1
2025-06-30,CPLE3,11.66,1
2025-06-30,CPLE6,12.46,1
2025-06-30,SRNA3,11.68,1
2025-02-10,AURE3,8.07,1
2025-06-30,STBP3,13.83,1
2025-02-07,SRNA3,6.95,1
2025-02-07,STBP3,13.18,1
2025-04-11,CPLE3,9.63,1
2025-03-14,CRFB3,7.45,1
2025-04-11,CPLE6,10.68,1
2025-04-11,CRFB3,8.29,1
2025-05-20,RDOR3,36.74,1
2025-04-07,BRFS3,19.2,1
2025-03-07,RDOR3,28.14,1
2025-04-07,AURE3,7.5,1
2025-03-07,AURE3,8.05,1
2025-01-10,AURE3,7.88,1
2025-02-11,RDOR3,28.92,1
2025-02-11,SRNA3,7.0,1
2025-02-11,STBP3,13.2,1
2025-02-13,RDOR3,28.68,1
2025-02-11,BRFS3,21.06,1
2025-04-29,RDOR3,31.46,1
2025-01-30,CPLE3,8.85,1
2025-01-30,CPLE5,10.52,1
2025-01-30,CPLE6,9.82,1
2025-01-30,CRFB3,6.28,1
2025-01-28,BRFS3,22.0,1
2025-01-06,SRNA3,5.7,1
2025-01-06,STBP3,13.15,1
2025-01-28,CPLE3,8.62,1
2025-01-28,CPLE5,10.89,1
2025-01-28,CPLE6,9.51,1
2025-04-25,BRFS3,22.9,1
2025-04-14,RDOR3,29.65,1
2025-04-14,CPLE3,9.86,1
2025-04-14,CPLE5,9.8,1
2025-04-14,CPLE6,10.93,1
2025-04-14,AURE3,7.89,1
2025-02-04,AURE3,8.12,1
2025-04-08,AURE3,7.52,1
2025-05-02,CPLE3,10.7,1
2025-05-06,BRFS3,20.35,1
2025-04-07,SRNA3,8.69,1
2025-04-07,STBP3,13.3,1
2025-02-25,BRFS3,18.86,1
2025-05-02,CPLE6,11.75,1
2025-05-02,CRFB3,8.54,1
2025-05-21,AURE3,9.45,1
2025-05-23,BRFS3,21.42,1
2025-02-14,CRFB3,7.39,1
2025-02-26,CRFB3,7.26,1
2025-05-26,SRNA3,11.43,1
2025-05-26,STBP3,13.63,1
2025-02-14,BRFS3,20.02,1
2025-02-20,AURE3,8.85,1
2025-05-21,CRFB3,8.44,1
2025-06-04,RDOR3,36.61,1
2025-05-28,BRFS3,20.39,1
2025-05-30,SRNA3,11.46,1
2025-04-09,CRFB3,8.24,1
2025-02-20,CRFB3,7.29,1
2025-05-30,CPLE3,11.66,1
2025-05-30,CPLE6,12.67,1
2025-05-30,CRFB3,8.48,1
2025-05-22,AURE3,9.39,1
2025-02-21,CRFB3,7.2,1
2025-04-09,BRFS3,20.56,1
2025-02-19,CRFB3,7.35,1
2025-05-23,CRFB3,8.45,1
2025-02-03,CPLE3,8.72,1
2025-02-03,CPLE6,9.78,1
2025-04-09,CPLE3,9.53,1
2025-04-09,CPLE6,10.63,1
2025-05-21,RDOR3,36.33,1
2025-05-12,AURE3,9.14,1
2025-05-21,SRNA3,11.43,1
2025-02-06,SRNA3,7.17,1
2025-02-06,STBP3,13.15,1
2025-05-12,CRFB3,8.42,1
2025-05-12,SRNA3,9.99,1
2025-05-12,STBP3,13.57,1
2025-02-03,SRNA3,6.62,1
2025-02-03,STBP3,13.16,1
2025-02-03,CRFB3,6.36,1
2025-03-28,CPLE3,9.44,1
2025-03-28,CPLE6,10.48,1
2025-03-27,AURE3,7.79,1
2025-03-27,CRFB3,7.47,1
2025-03-27,CPLE3,9.48,1
2025-03-27,CPLE6,10.53,1
2025-03-27,BRFS3,20.24,1
2025-01-03,SRNA3,5.4,1
2025-01-03,STBP3,13.18,1
2025-06-17,SRNA3,11.65,1
2025-06-17,STBP3,13.76,1
2025-06-05,AURE3,9.9,1
2025-06-10,CPLE3,11.55,1
2025-06-10,CPLE5,12.85,1
2025-06-10,CPLE6,12.41,1
2025-06-05,BRFS3,20.5,1
2025-06-09,AURE3,9.89,1
2025-02-27,BRFS3,18.4,1
2025-02-28,CPLE3,8.91,1
2025-02-28,CPLE6,9.87,1
2025-02-28,CRFB3,7.25,1
2025-03-13,CPLE6,10.09,1
2025-03-13,CRFB3,7.42,1
2025-02-26,RDOR3,28.3,1
2025-02-26,SRNA3,8.18,1
2025-02-26,STBP3,13.26,1
2025-02-12,CPLE3,8.96,1
2025-02-12,CPLE5,11.45,1
2025-02-12,CPLE6,9.98,1
2025-03-11,SRNA3,7.97,1
2025-03-11,STBP3,13.19,1
2025-01-29,AURE3,7.78,1
2025-03-13,BRFS3,18.55,1
2025-03-07,BRFS3,19.18,1
2025-01-21,BRFS3,21.75,1
2025-06-06,CPLE3,11.51,1
2025-06-06,CPLE5,12.3,1
2025-06-06,CPLE6,12.48,1
2025-01-21,SRNA3,5.93,1
2025-01-21,STBP3,13.12,1
2025-03-06,RDOR3,27.03,1
2025-03-06,SRNA3,8.31,1
2025-03-06,STBP3,13.38,1
2025-01-27,CRFB3,5.98,1
2025-01-27,BRFS3,22.33,1
2025-01-22,RDOR3,27.68,1
2025-03-07,CRFB3,7.39,1
2025-01-23,BRFS3,21.75,1
2025-03-05,AURE3,7.87,1
2025-01-23,CPLE3,8.28,1
2025-01-23,CPLE6,9.17,1
2025-01-14,CRFB3,5.33,1
2025-01-14,AURE3,7.8,1
2025-03-05,BRFS3,18.65,1
2025-01-14,BRFS3,23.77,1
2025-01-14,CPLE3,8.0,1
2025-01-14,CPLE6,8.85,1
2025-03-05,CPLE3,8.84,1
2025-03-05,CPLE5,11.91,1
2025-03-05,CPLE6,9.79,1
2025-03-05,CRFB3,7.25,1
2025-01-10,BRFS3,23.52,1
2025-01-10,CPLE3,7.93,1
2025-01-10,CPLE5,9.75,1
2025-01-10,CPLE6,8.76,1
2025-01-09,BRFS3,23.48,1
2025-01-10,CRFB3,5.49,1
2025-06-20,AURE3,9.8,1
2025-01-09,CRFB3,5.53,1
2025-05-28,SRNA3,11.47,1
2025-05-27,AURE3,9.82,1
2025-05-28,STBP3,13.64,1
2025-01-17,CRFB3,5.65,1
2025-01-15,CRFB3,5.56,1
2025-06-16,AURE3,10.21,1
2025-06-16,BRFS3,20.5,1
2025-06-16,CPLE3,11.8,1
2025-06-16,CPLE5,13.99,1
2025-06-16,CPLE6,12.62,1
2025-01-15,AURE3,7.93,1
2025-01-15,CPLE3,8.25,1
2025-01-15,CPLE6,9.13,1
2025-01-07,SRNA3,5.87,1
2025-01-07,STBP3,13.1,1
2025-02-24,AURE3,8.68,1
2025-02-24,SRNA3,8.37,1
2025-02-24,STBP3,13.15,1
2025-01-07,BRFS3,23.72,1
2025-01-29,RDOR3,27.19,1
2025-01-29,SRNA3,6.1,1
2025-01-29,STBP3,13.18,1
2025-05-06,CRFB3,8.68,1
2025-01-13,SRNA3,5.73,1
2025-01-13,STBP3,13.14,1
2025-01-16,BRFS3,22.47,1
2025-05-08,RDOR3,33.7,1
2025-05-09,AURE3,9.23,1
2025-01-03,CPLE3,8.1,1
2025-01-03,CPLE5,10.49,1
2025-01-03,CPLE6,8.99,1
2025-01-03,CRFB3,5.31,1
2025-01-03,AURE3,8.42,1
2025-01-15,SRNA3,5.85,1
2025-03-20,AURE3,7.8,1
2025-01-15,STBP3,13.09,1
2025-05-06,SRNA3,9.89,1
2025-05-06,STBP3,13.52,1
2025-01-08,RDOR3,26.37,1
2025-02-04,BRFS3,20.79,1
2025-03-20,SRNA3,7.6,1
2025-03-20,STBP3,13.37,1
2025-02-04,CPLE3,8.86,1
2025-02-04,CPLE6,9.82,1
2025-02-04,RDOR3,28.13,1
2025-02-04,SRNA3,6.84,1
2025-02-04,STBP3,13.15,1
2025-05-27,RDOR3,37.25,1
2025-05-27,SRNA3,11.47,1
2025-05-20,AURE3,9.57,1
2025-05-20,BRFS3,21.0,1
2025-03-26,CPLE3,9.48,1
2025-03-26,CPLE5,9.96,1
2025-03-26,CPLE6,10.56,1
2025-03-26,CRFB3,7.38,1
2025-03-26,RDOR3,29.01,1
2025-03-26,SRNA3,7.55,1
2025-03-26,STBP3,13.26,1
2025-05-20,SRNA3,11.4,1
2025-05-20,STBP3,13.63,1
2025-04-29,SRNA3,9.79,1
2025-04-29,STBP3,13.52,1
2025-05-12,RDOR3,33.16,1
2025-05-14,CRFB3,8.45,1
2025-05-05,AURE3,8.93,1
2025-05-08,AURE3,9.31,1
2025-04-28,CRFB3,8.65,1
2025-04-30,AURE3,8.93,1
2025-04-30,CPLE3,10.44,1
2025-04-30,CPLE6,11.53,1
2025-02-17,BRFS3,19.52,1
2025-02-12,CRFB3,7.29,1
2025-02-17,AURE3,8.82,1
2025-05-29,AURE3,9.9,1
2025-02-18,RDOR3,30.0,1
2025-02-14,CPLE3,9.29,1
2025-02-14,CPLE6,10.32,1
2025-02-18,SRNA3,7.93,1
2025-02-18,STBP3,13.17,1
2025-01-17,BRFS3,22.78,1
2025-02-12,AURE3,8.2,1
2025-01-23,CRFB3,5.94,1
2025-05-29,CPLE3,11.72,1
2025-05-29,CPLE5,12.9,1
2025-05-29,CPLE6,12.78,1
2025-05-29,CRFB3,8.45,1
2025-05-29,SRNA3,11.51,1
2025-05-29,STBP3,13.66,1
2025-02-12,RDOR3,28.75,1
2025-01-20,RDOR3,27.0,1
2025-01-17,STBP3,13.14,1
2025-01-31,BRFS3,21.89,1
2025-01-31,CPLE3,8.67,1
2025-01-31,CPLE5,10.52,1
2025-01-31,CPLE6,9.7,1
2025-01-31,RDOR3,27.95,1
2025-01-31,SRNA3,6.52,1
2025-01-31,STBP3,13.18,1
2025-01-23,AURE3,7.68,1
2025-01-23,SRNA3,6.09,1
2025-01-23,STBP3,13.15,1
2025-01-17,SRNA3,5.94,1
2025-01-23,RDOR3,27.69,1
2025-06-20,BRFS3,20.79,1
2025-06-23,AURE3,9.89,1
2025-06-05,CPLE3,11.47,1
2025-06-05,CPLE6,12.51,1
2025-03-07,SRNA3,8.3,1
2025-03-07,STBP3,13.12,1
2025-03-10,RDOR3,27.63,1
2025-05-30,STBP3,13.68,1
2025-05-30,AURE3,9.88,1
2025-05-30,BRFS3,20.3,1
2025-06-18,BRFS3,20.92,1
2025-06-13,RDOR3,35.1,1
2025-06-18,RDOR3,35.27,1
2025-03-12,SRNA3,7.91,1
2025-02-06,CPLE3,8.9,1
2025-02-06,CPLE6,9.86,1
2025-02-06,CRFB3,6.26,1
2025-02-06,AURE3,8.31,1
2025-03-14,CPLE3,9.42,1
2025-03-11,BRFS3,18.49,1
2025-02-27,AURE3,7.96,1
2025-06-26,AURE3,9.92,1
2025-06-26,BRFS3,20.1,1
2025-03-28,SRNA3,7.65,1
2025-03-28,STBP3,13.26,1
2025-03-11,AURE3,7.5,1
2025-06-03,CPLE3,11.58,1
2025-06-03,CPLE5,12.3,1
2025-03-11,CPLE3,8.96,1
2025-03-11,CPLE6,9.87,1
2025-03-11,CRFB3,7.46,1
2025-06-03,CPLE6,12.64,1
2025-06-03,AURE3,10.01,1
2025-06-04,SRNA3,11.49,1
2025-06-04,STBP3,13.69,1
2025-06-04,CPLE3,11.53,1
2025-06-04,CPLE6,12.52,1
2025-06-03,BRFS3,20.5,1
2025-06-03,SRNA3,11.49,1
2025-06-03,STBP3,13.69,1
2025-06-02,RDOR3,37.44,1
2025-06-02,BRFS3,20.5,1
2025-03-17,BRFS3,18.33,1
2025-06-06,SRNA3,11.5,1
2025-06-06,STBP3,13.69,1
2025-06-05,RDOR3,36.24,1
2025-06-02,AURE3,9.86,1
2025-06-05,SRNA3,11.48,1
2025-06-05,STBP3,13.72,1
2025-03-14,SRNA3,7.71,1
2025-03-14,STBP3,13.34,1
2025-06-30,AURE3,10.17,1
2025-06-27,BRFS3,19.9,1
2025-06-26,CPLE3,11.62,1
2025-06-26,CPLE5,14.0,1
2025-06-26,CPLE6,12.49,1
2025-04-01,BRFS3,20.14,1
2025-06-09,RDOR3,35.82,1
2025-04-01,RDOR3,27.95,1
2025-06-09,SRNA3,11.51,1
2025-06-09,STBP3,13.69,1
2025-02-20,BRFS3,18.73,1
2025-02-20,CPLE3,9.18,1
2025-02-20,CPLE5,11.44,1
2025-02-20,CPLE6,10.18,1
2025-01-08,BRFS3,23.25,1
2025-04-04,BRFS3,19.25,1
2025-01-08,AURE3,8.14,1
2025-01-16,CRFB3,5.56,1
2025-01-16,SRNA3,5.67,1
2025-01-16,STBP3,13.05,1
2025-02-20,SRNA3,8.02,1
2025-01-17,CPLE3,8.32,1
2025-01-17,CPLE5,10.39,1
2025-01-17,CPLE6,9.15,1
2025-01-16,AURE3,7.76,1
2025-04-15,RDOR3,29.93,1
2025-05-23,SRNA3,11.39,1
2025-04-15,SRNA3,9.43,1
2025-04-15,STBP3,13.41,1
2025-02-18,CRFB3,7.5,1
2025-04-15,AURE3,7.88,1
2025-05-27,STBP3,13.62,1
2025-05-28,CPLE3,11.48,1
2025-05-28,CPLE5,12.55,1
2025-05-28,CPLE6,12.59,1
2025-02-18,BRFS3,19.19,1
2025-02-18,CPLE3,9.17,1
2025-02-18,CPLE6,10.19,1
2025-04-23,SRNA3,9.89,1
2025-04-23,STBP3,13.44,1
2025-04-10,RDOR3,28.88,1
2025-02-20,STBP3,13.15,1
2025-05-28,CRFB3,8.43,1
2025-05-20,CPLE3,11.58,1
2025-05-20,CPLE6,12.54,1
2025-05-20,CRFB3,8.48,1
2025-04-28,BRFS3,22.7,1
2025-05-13,BRFS3,20.2,1
2025-05-13,CPLE3,11.39,1
2025-05-13,CPLE5,12.26,1
2025-05-13,CPLE6,12.27,1
2025-04-28,AURE3,8.85,1
2025-05-23,STBP3,13.62,1
2025-04-30,CRFB3,8.55,1
2025-05-08,SRNA3,9.93,1
2025-05-08,STBP3,13.53,1
2025-05-08,CPLE3,10.99,1
2025-05-08,CPLE5,10.5,1
2025-05-08,CPLE6,11.86,1
2025-02-21,SRNA3,8.58,1
2025-02-21,STBP3,13.15,1
2025-05-02,RDOR3,31.96,1
2025-02-21,CPLE3,9.18,1
2025-02-21,CPLE5,11.44,1
2025-02-21,CPLE6,10.22,1
2025-02-25,CPLE5,11.94,1
2025-02-25,CPLE6,10.26,1
2025-02-25,CRFB3,7.21,1
2025-05-28,RDOR3,37.47,1
2025-01-24,RDOR3,28.01,1
2025-03-14,AURE3,7.59,1
2025-03-18,BRFS3,19.64,1
2025-01-08,SRNA3,5.8,1
2025-01-08,STBP3,13.13,1
2025-01-07,AURE3,8.36,1
2025-03-18,CRFB3,7.42,1
2025-03-21,AURE3,7.92,1
2025-03-25,SRNA3,7.69,1
2025-03-25,STBP3,13.33,1
2025-03-18,CPLE3,9.44,1
2025-03-18,CPLE5,11.2,1
2025-03-18,CPLE6,10.41,1
2025-03-28,AURE3,7.78,1
2025-01-06,BRFS3,23.81,1
2025-01-06,CPLE3,8.17,1
2025-01-06,CPLE5,10.48,1
2025-01-06,CPLE6,9.09,1
2025-06-17,AURE3,10.07,1
2025-06-17,BRFS3,20.49,1
2025-06-17,CPLE3,11.84,1
2025-06-17,CPLE6,12.77,1
2025-03-17,CPLE3,9.44,1
2025-03-17,CPLE6,10.39,1
2025-03-17,CRFB3,7.43,1
2025-01-07,CPLE3,8.28,1
2025-01-07,CPLE5,10.9,1
2025-01-07,CPLE6,9.15,1
2025-01-07,CRFB3,6.15,1
2025-05-19,CRFB3,8.45,1
2025-03-17,AURE3,7.81,1
2025-01-07,RDOR3,26.65,1
2025-05-19,BRFS3,20.5,1
2025-05-19,CPLE3,11.55,1
2025-05-19,CPLE5,13.4,1
2025-05-19,CPLE6,12.5,1
2025-03-17,SRNA3,7.51,1
2025-03-17,STBP3,13.39,1
2025-05-22,RDOR3,36.3,1
2025-04-04,CRFB3,8.23,1
2025-06-10,BRFS3,21.51,1
2025-06-13,SRNA3,11.62,1
2025-06-13,STBP3,13.71,1
2025-06-12,RDOR3,35.25,1
2025-06-10,SRNA3,11.52,1
2025-06-10,STBP3,13.71,1
2025-05-19,RDOR3,36.37,1
2025-05-27,CRFB3,8.46,1
2025-04-01,AURE3,7.42,1
2025-04-09,AURE3,7.71,1
2025-04-01,CPLE3,9.51,1
2025-04-01,CPLE5,10.11,1
2025-04-01,CPLE6,10.55,1
2025-04-01,CRFB3,7.35,1
2025-04-01,SRNA3,7.73,1
2025-04-01,STBP3,13.31,1
2025-04-03,AURE3,7.95,1
2025-01-17,AURE3,7.78,1
2025-04-10,SRNA3,8.7,1
2025-04-10,STBP3,13.34,1
2025-03-12,AURE3,7.44,1
2025-03-12,BRFS3,19.09,1
2025-03-12,CRFB3,7.42,1
2025-03-12,CPLE3,9.01,1
2025-03-12,CPLE5,11.2,1
2025-03-12,CPLE6,9.91,1
2025-02-04,CRFB3,6.2,1
2025-01-15,BRFS3,24.15,1
2025-02-19,AURE3,8.66,1
2025-02-14,SRNA3,8.0,1
2025-02-14,STBP3,13.2,1
2025-02-14,RDOR3,29.47,1
2025-06-20,SRNA3,11.63,1
2025-02-13,CRFB3,7.38,1
2025-03-28,BRFS3,19.71,1
2025-03-24,RDOR3,28.24,1
2025-03-21,SRNA3,7.63,1
2025-03-21,STBP3,13.37,1
2025-01-31,CRFB3,6.19,1
2025-02-11,CPLE3,9.01,1
2025-02-11,CPLE5,10.8,1
2025-02-11,CPLE6,10.05,1
2025-02-05,CPLE3,8.86,1
2025-02-05,CPLE5,10.8,1
2025-02-05,CPLE6,9.81,1
2025-06-09,BRFS3,21.0,1
2025-01-31,AURE3,8.11,1
2025-06-04,AURE3,10.08,1
2025-06-09,CPLE3,11.42,1
2025-06-09,CPLE5,12.68,1
2025-06-09,CPLE6,12.38,1
2025-04-04,CPLE3,9.56,1
2025-04-04,CPLE6,10.62,1
2025-01-10,RDOR3,26.27,1
2025-01-10,SRNA3,5.87,1
2025-01-10,STBP3,13.14,1
2025-04-02,AURE3,7.39,1
2025-01-14,SRNA3,5.65,1
2025-01-14,STBP3,13.02,1
2025-04-03,BRFS3,19.64,1
2025-04-03,CPLE3,9.73,1
2025-04-03,CPLE5,9.76,1
2025-04-03,CPLE6,10.83,1
2025-04-03,CRFB3,7.43,1
2025-04-15,BRFS3,20.67,1
2025-05-13,SRNA3,10.66,1
2025-05-13,STBP3,13.53,1
2025-04-03,RDOR3,28.87,1
2025-04-29,AURE3,8.79,1
2025-02-20,RDOR3,30.08,1
2025-04-29,BRFS3,22.75,1
2025-04-29,CPLE3,10.28,1
2025-04-29,CPLE6,11.34,1
2025-04-29,CRFB3,8.61,1
2025-01-29,CRFB3,6.06,1
2025-02-12,SRNA3,7.05,1
2025-02-12,STBP3,13.16,1
2025-05-21,BRFS3,21.04,1
2025-04-16,AURE3,7.81,1
2025-05-21,CPLE3,11.4,1
2025-05-21,CPLE5,13.26,1
2025-05-21,CPLE6,12.39,1
2025-04-16,CRFB3,8.38,1
2025-04-16,SRNA3,9.26,1
2025-04-16,STBP3,13.43,1
2025-05-07,BRFS3,20.26,1
2025-04-28,SRNA3,9.9,1
2025-04-28,STBP3,13.52,1
2025-04-22,RDOR3,29.69,1
2025-01-09,CPLE3,8.07,1
2025-01-09,CPLE5,9.75,1
2025-01-09,CPLE6,8.95,1
2025-04-22,SRNA3,9.48,1
2025-04-22,STBP3,13.43,1
2025-04-23,AURE3,8.34,1
2025-04-25,RDOR3,31.42,1
2025-01-13,CPLE3,7.92,1
2025-01-13,CPLE5,10.39,1
2025-01-13,CPLE6,8.83,1
2025-01-13,CRFB3,5.25,1
2025-01-09,SRNA3,6.05,1
2025-01-09,STBP3,13.13,1
2025-04-25,AURE3,8.87,1
2025-04-22,AURE3,8.06,1
2025-01-09,AURE3,8.0,1
2025-01-13,AURE3,7.77,1
2025-01-13,BRFS3,23.55,1
2025-01-09,RDOR3,26.48,1
2025-06-24,CPLE3,11.75,1
2025-06-24,CPLE5,15.38,1
2025-06-24,CPLE6,12.6,1
2025-06-24,RDOR3,35.38,1
2025-06-24,SRNA3,11.64,1
2025-06-24,STBP3,13.79,1
2025-01-24,CPLE3,8.32,1
2025-01-24,CPLE6,9.2,1
2025-01-24,CRFB3,5.8,1
2025-04-30,SRNA3,9.8,1
2025-04-30,STBP3,13.54,1
2025-04-30,RDOR3,32.02,1
2025-02-28,BRFS3,17.93,1
2025-02-28,AURE3,7.79,1
2025-05-02,SRNA3,10.13,1
2025-05-02,STBP3,13.53,1
2025-01-29,BRFS3,22.03,1
2025-01-24,SRNA3,6.28,1
2025-01-24,STBP3,13.15,1
2025-01-24,BRFS3,21.88,1
2025-04-25,SRNA3,9.9,1
2025-04-22,BRFS3,21.78,1
2025-04-09,RDOR3,29.03,1
2025-04-09,SRNA3,8.64,1
2025-04-09,STBP3,13.33,1
2025-01-17,RDOR3,26.71,1
2025-06-23,CPLE3,11.63,1
2025-06-23,CPLE6,12.55,1
2025-06-24,BRFS3,20.75,1
2025-03-07,CPLE3,8.9,1
2025-03-07,CPLE6,9.92,1
2025-06-20,RDOR3,34.8,1
2025-05-15,RDOR3,35.23,1
2025-03-06,AURE3,7.89,1
2025-06-18,SRNA3,11.64,1
2025-06-18,STBP3,13.74,1
2025-05-16,AURE3,9.46,1
2025-05-19,SRNA3,11.4,1
2025-05-19,STBP3,13.56,1
2025-03-21,CRFB3,7.48,1
2025-06-27,AURE3,9.98,1
2025-03-19,RDOR3,28.95,1
2025-04-02,RDOR3,28.4,1
2025-04-03,SRNA3,8.57,1
2025-04-03,STBP3,13.33,1
2025-06-24,AURE3,10.17,1
2025-05-14,AURE3,9.52,1
2025-05-13,CRFB3,8.48,1
2025-05-09,CRFB3,8.4,1
2025-05-14,SRNA3,11.47,1
2025-05-14,STBP3,13.54,1
2025-06-12,BRFS3,20.69,1
2025-05-13,RDOR3,34.66,1
2025-04-15,CRFB3,8.29,1
2025-03-19,SRNA3,7.79,1
2025-03-19,STBP3,13.39,1
2025-06-27,RDOR3,34.9,1
2025-04-24,CRFB3,8.66,1
2025-06-27,SRNA3,11.65,1
2025-06-27,STBP3,13.75,1
2025-04-25,STBP3,13.52,1
2025-05-09,SRNA3,9.82,1
2025-05-09,STBP3,13.53,1
2025-06-12,SRNA3,11.58,1
2025-06-12,STBP3,13.7,1
2025-03-31,AURE3,7.44,1
2025-04-24,AURE3,8.58,1
2025-04-15,CPLE3,9.88,1
2025-04-15,CPLE5,9.8,1
2025-04-15,CPLE6,10.9,1
2025-05-07,RDOR3,31.5,1
2025-04-10,CRFB3,8.3,1
2025-03-28,RDOR3,28.82,1
2025-02-07,RDOR3,28.15,1
2025-02-10,CRFB3,6.45,1
2025-05-05,RDOR3,31.94,1
2025-05-06,AURE3,8.8,1
2025-04-08,RDOR3,28.77,1
2025-05-16,CRFB3,8.43,1
2025-04-08,SRNA3,8.65,1
2025-04-08,STBP3,13.32,1
2025-04-30,BRFS3,22.7,1
2025-05-28,AURE3,9.85,1
2025-05-14,RDOR3,34.34,1
2025-06-25,AURE3,9.94,1
2025-06-25,BRFS3,20.01,1
2025-05-12,BRFS3,19.71,1
2025-05-12,CPLE3,11.07,1
2025-05-12,CPLE5,12.25,1
2025-05-12,CPLE6,11.9,1
2025-05-06,CPLE3,10.72,1
2025-05-06,CPLE5,11.39,1
2025-05-06,CPLE6,11.74,1
2025-05-06,RDOR3,31.55,1
2025-03-26,AURE3,7.81,1
2025-03-26,BRFS3,19.72,1
2025-03-31,BRFS3,19.68,1
2025-05-23,RDOR3,36.9,1
2025-04-17,SRNA3,9.4,1
2025-04-17,STBP3,13.43,1
2025-05-23,CPLE3,11.44,1
2025-05-23,CPLE5,13.03,1
2025-05-23,CPLE6,12.4,1
2025-04-22,CPLE3,10.13,1
2025-04-22,CPLE5,11.0,1
2025-04-22,CPLE6,11.15,1
2025-02-25,RDOR3,28.66,1
2025-04-10,CPLE3,9.49,1
2025-04-10,CPLE5,9.77,1
2025-04-10,CPLE6,10.62,1
2025-04-22,CRFB3,8.52,1
2025-02-21,BRFS3,19.0,1
2025-03-20,RDOR3,28.79,1
2025-06-25,RDOR3,34.61,1
2025-06-26,SRNA3,11.63,1
2025-06-26,STBP3,13.75,1
2025-06-27,CPLE3,11.43,1
2025-06-27,CPLE6,12.24,1
2025-04-11,SRNA3,9.15,1
2025-04-11,STBP3,13.33,1
2025-05-21,STBP3,13.65,1
2025-05-15,BRFS3,20.62,1
2025-06-11,RDOR3,35.32,1
2025-02-21,RDOR3,29.68,1
2025-03-21,BRFS3,19.83,1
2025-06-13,CPLE3,11.56,1
2025-06-13,CPLE5,12.85,1
2025-06-13,CPLE6,12.39,1
2025-04-10,AURE3,7.67,1
2025-04-10,BRFS3,20.35,1
2025-06-23,RDOR3,34.7,1
2025-06-25,SRNA3,11.61,1
2025-06-25,STBP3,13.74,1
2025-06-10,AURE3,9.98,1
2025-06-26,RDOR3,35.38,1
2025-06-10,RDOR3,36.16,1
2025-06-06,AURE3,9.9,1
2025-06-06,RDOR3,35.84,1
2025-05-15,AURE3,9.45,1
2025-02-13,BRFS3,19.47,1
2025-05-15,CPLE3,11.48,1
2025-05-15,CPLE6,12.42,1
2025-05-15,SRNA3,11.35,1
2025-05-15,STBP3,13.55,1
2025-02-13,CPLE3,9.0,1
2025-02-13,CPLE5,11.44,1
2025-02-13,CPLE6,10.01,1
2025-04-24,CPLE3,10.55,1
2025-04-24,CPLE5,11.45,1
2025-04-24,CPLE6,11.63,1
2025-03-21,CPLE3,9.41,1
2025-03-21,CPLE5,9.98,1
2025-03-21,CPLE6,10.46,1
2025-04-23,CPLE3,10.18,1
2025-04-23,CPLE5,11.0,1
2025-04-23,CPLE6,11.26,1
2025-06-06,BRFS3,20.52,1
2025-04-24,SRNA3,10.01,1
2025-04-24,STBP3,13.48,1
2025-03-18,AURE3,7.82,1
2025-02-13,AURE3,8.3,1
2025-05-07,SRNA3,9.87,1
2025-05-07,STBP3,13.54,1
2025-06-11,SRNA3,11.53,1
2025-06-11,STBP3,13.7,1
2025-05-22,SRNA3,11.4,1
2025-05-22,STBP3,13.64,1
2025-05-22,BRFS3,21.42,1
2025-01-28,RDOR3,27.77,1
2025-04-04,RDOR3,28.62,1
2025-04-25,CRFB3,8.64,1
2025-04-25,CPLE3,10.25,1
2025-04-25,CPLE5,10.56,1
2025-04-25,CPLE6,11.28,1
2025-05-16,SRNA3,11.39,1
2025-05-16,STBP3,13.55,1
2025-01-27,CPLE3,8.52,1
2025-01-27,CPLE5,10.9,1
2025-01-27,CPLE6,9.45,1
2025-02-28,RDOR3,27.19,1
2025-05-22,CPLE3,11.36,1
2025-05-22,CPLE5,13.2,1
2025-05-22,CPLE6,12.3,1
2025-05-22,CRFB3,8.44,1
2025-01-27,RDOR3,28.57,1
2025-03-18,SRNA3,7.64,1
2025-03-18,STBP3,13.35,1
2025-03-19,CRFB3,7.44,1
2025-02-03,BRFS3,21.55,1
2025-03-20,CRFB3,7.38,1
2025-06-13,BRFS3,21.0,1
2025-06-18,CPLE3,11.7,1
2025-06-18,CPLE5,13.14,1
2025-06-18,CPLE6,12.55,1
2025-06-18,AURE3,10.06,1
2025-06-13,AURE3,10.02,1
2025-05-05,SRNA3,10.05,1
2025-05-05,STBP3,13.52,1
2025-04-11,RDOR3,29.06,1
2025-05-29,BRFS3,20.56,1
2025-05-02,BRFS3,22.46,1
2025-05-16,CPLE3,11.56,1
2025-05-16,CPLE6,12.49,1
2025-05-02,AURE3,8.99,1
2025-05-14,BRFS3,19.68,1
2025-05-14,CPLE3,11.48,1
2025-05-14,CPLE5,12.26,1
2025-05-14,CPLE6,12.32,1
2025-05-15,CRFB3,8.48,1
2025-04-11,AURE3,7.87,1
2025-05-29,RDOR3,37.44,1
2025-04-11,BRFS3,20.54,1
2025-04-17,CPLE3,9.96,1
2025-04-17,CPLE5,10.05,1
2025-04-17,CPLE6,11.02,1
2025-03-25,AURE3,7.77,1
2025-04-17,RDOR3,29.87,1
2025-03-20,BRFS3,19.82,1
2025-03-20,CPLE3,9.46,1
2025-03-25,BRFS3,19.81,1
2025-04-23,RDOR3,29.89,1
2025-04-17,AURE3,7.9,1
2025-03-19,AURE3,7.73,1
2025-04-17,CRFB3,8.42,1
2025-03-19,BRFS3,19.56,1
2025-03-19,CPLE3,9.58,1
2025-03-19,CPLE6,10.59,1
2025-06-25,CPLE3,11.57,1
2025-06-25,CPLE5,15.37,1
2025-06-25,CPLE6,12.42,1
2025-05-16,BRFS3,20.78,1
2025-04-28,RDOR3,31.5,1
2025-04-24,BRFS3,22.01,1
2025-04-24,RDOR3,30.92,1
2025-01-20,CRFB3,5.8,1
2025-03-31,RDOR3,28.2,1
2025-03-31,SRNA3,7.69,1
2025-03-31,STBP3,13.31,1
2025-01-22,AURE3,7.87,1
2025-01-06,AURE3,8.43,1
2025-01-06,CRFB3,5.84,1
2025-04-16,RDOR3,29.69,1
2025-01-30,RDOR3,28.26,1
2025-02-25,AURE3,8.44,1
2025-03-24,BRFS3,19.42,1
2025-01-30,SRNA3,6.46,1
2025-01-30,STBP3,13.2,1
2025-03-25,CPLE3,9.45,1
2025-03-25,CPLE5,9.96,1
2025-03-25,CPLE6,10.49,1
2025-05-19,AURE3,9.52,1
2025-03-25,RDOR3,28.31,1
2025-01-22,CRFB3,6.04,1
2025-02-07,CRFB3,6.21,1
2025-05-23,AURE3,9.48,1
2025-02-28,SRNA3,8.18,1
2025-02-28,STBP3,13.36,1
2025-02-24,BRFS3,18.7,1
2025-02-24,CPLE3,9.09,1
2025-02-24,CPLE5,11.94,1
2025-02-24,CPLE6,10.1,1
2025-02-24,CRFB3,7.26,1
2025-06-20,STBP3,13.69,1
2025-03-14,RDOR3,28.33,1
2025-04-17,BRFS3,21.15,1
2025-04-23,BRFS3,21.49,1
2025-04-23,CRFB3,8.58,1
2025-05-09,RDOR3,33.63,1
2025-04-28,CPLE3,10.33,1
2025-04-28,CPLE6,11.35,1
2025-05-07,AURE3,8.7,1
2025-04-04,SRNA3,8.79,1
2025-04-04,STBP3,13.3,1
2025-05-16,RDOR3,35.6,1
2025-02-27,CPLE3,9.14,1
2025-02-27,CPLE6,10.18,1
2025-02-27,CRFB3,7.23,1
2025-07-01,CPLE3,11.61,1
2025-07-01,CPLE5,14.0,1
2025-07-01,CPLE6,12.42,1
2025-07-01,AURE3,10.07,1
2025-07-01,BRFS3,20.0,1
2025-07-01,RDOR3,35.41,1
2025-07-01,SRNA3,11.66,1
2025-07-01,STBP3,13.76,1
2025-07-02,SRNA3,11.61,1
2025-07-02,STBP3,13.81,1
2025-07-02,CPLE5,13.84,1
2025-07-02,CPLE6,12.06,1
2025-07-02,AURE3,9.7,1
2025-07-02,BRFS3,19.62,1
2025-07-02,CPLE3,11.27,1
2025-07-02,RDOR3,34.79,1
2025-07-03,RDOR3,35.19,1
2025-07-03,SRNA3,11.64,1
2025-07-03,STBP3,13.77,1
2025-07-03,BRFS3,19.19,1
2025-07-03,CPLE3,11.52,1
2025-07-03,CPLE6,12.35,1
2025-07-03,AURE3,9.89,1
2025-07-04,BRFS3,19.85,1
2025-07-04,AURE3,9.8,1
2025-07-04,SRNA3,11.65,1
2025-07-04,STBP3,13.76,1
2025-07-04,CPLE3,11.55,1
2025-07-04,CPLE5,13.56,1
2025-07-04,CPLE6,12.34,1
2025-07-04,RDOR3,34.93,1
2025-07-07,RDOR3,34.23,1
2025-07-07,BRFS3,21.71,1
2025-07-07,AURE3,9.57,1
2025-07-07,CPLE3,11.44,1
2025-07-07,CPLE5,13.99,1
2025-07-07,CPLE6,12.25,1
2025-07-07,SRNA3,11.65,1
2025-07-07,STBP3,13.77,1
2025-07-08,SRNA3,11.66,1
2025-07-08,STBP3,13.82,1
2025-07-08,RDOR3,34.76,1
2025-07-08,AURE3,9.59,1
2025-07-08,BRFS3,22.13,1
2025-07-08,CPLE3,11.39,1
2025-07-08,CPLE5,13.15,1
2025-07-08,CPLE6,12.19,1
2025-07-09,BRFS3,22.5,1
2025-07-09,CPLE3,11.27,1
2025-07-09,CPLE6,12.01,1
2025-07-09,SRNA3,11.65,1
2025-07-09,STBP3,13.82,1
2025-07-09,AURE3,9.45,1
2025-07-09,RDOR3,34.03,1
2025-07-10,AURE3,9.34,1
2025-07-10,SRNA3,11.64,1
2025-07-10,CPLE6,11.92,1
2025-07-10,RDOR3,33.81,1
2025-07-10,BRFS3,23.0,1
2025-07-10,CPLE3,11.15,1
2025-07-10,STBP3,13.78,1
2025-07-11,RDOR3,33.3,1
2025-07-11,CPLE3,11.11,1
2025-07-11,AURE3,9.11,1
2025-07-11,BRFS3,22.0,1
2025-07-11,CPLE6,11.87,1
2025-07-11,SRNA3,11.65,1
2025-07-11,STBP3,13.82,1
2025-07-14,AURE3,9.12,1
2025-07-14,BRFS3,21.0,1
2025-07-14,CPLE3,11.01,1
2025-07-14,CPLE6,11.79,1
2025-07-14,RDOR3,33.44,1
2025-07-14,SRNA3,11.66,1
2025-07-14,STBP3,13.79,1
2025-07-15,SRNA3,11.66,1
2025-07-15,STBP3,13.86,1
2025-07-15,RDOR3,33.67,1
2025-07-15,AURE3,9.14,1
2025-07-15,BRFS3,21.0,1
2025-07-15,CPLE3,11.14,1
2025-07-15,CPLE6,11.96,1
2025-07-16,BRFS3,20.79,1
2025-07-16,AURE3,9.0,1
2025-07-16,RDOR3,33.61,1
2025-07-16,SRNA3,11.68,1
2025-07-16,STBP3,13.83,1
2025-07-16,CPLE3,11.29,1
2025-07-16,CPLE5,12.3,1
2025-07-16,CPLE6,12.05,1
2025-07-17,RDOR3,33.58,1
2025-07-17,CPLE3,11.18,1
2025-07-17,CPLE5,12.85,1
2025-07-17,CPLE6,12.0,1
2025-07-17,BRFS3,20.59,1
2025-07-17,SRNA3,11.71,1
2025-07-17,STBP3,13.82,1
2025-07-17,AURE3,8.99,1
2025-07-18,RDOR3,32.89,1
2025-07-18,BRFS3,20.4,1
2025-07-18,SRNA3,11.76,1
2025-07-18,STBP3,13.86,1
2025-07-18,AURE3,8.94,1
2025-07-18,CPLE3,11.11,1
2025-07-18,CPLE6,11.88,1
2025-07-21,SRNA3,11.77,1
2025-07-21,STBP3,13.89,1
2025-07-21,CPLE3,11.1,1
2025-07-21,CPLE5,12.7,1
2025-07-21,CPLE6,11.91,1
2025-07-21,BRFS3,21.4,1
2025-07-21,AURE3,9.05,1
2025-07-21,RDOR3,33.02,1
2025-07-22,SRNA3,11.79,1
2025-07-22,STBP3,13.91,1
2025-07-22,RDOR3,32.72,1
2025-07-22,AURE3,9.42,1
2025-07-22,BRFS3,22.16,1
2025-07-22,CPLE3,10.91,1
2025-07-22,CPLE5,12.01,1
2025-07-22,CPLE6,11.7,1
2025-07-23,SRNA3,11.78,1
2025-07-23,STBP3,13.86,1
2025-07-23,RDOR3,33.1,1
2025-07-23,CPLE3,11.1,1
2025-07-23,CPLE5,12.01,1
2025-07-23,CPLE6,11.88,1
2025-07-23,AURE3,9.72,1
2025-07-23,BRFS3,21.75,1
2025-07-24,RDOR3,32.6,1
2025-07-24,SRNA3,11.79,1
2025-07-24,STBP3,13.89,1
2025-07-24,AURE3,9.76,1
2025-07-24,BRFS3,21.09,1
2025-07-24,CPLE3,10.94,1
2025-07-24,CPLE5,11.5,1
2025-07-24,CPLE6,11.73,1
2025-07-25,AURE3,9.6,1
2025-07-25,CPLE3,10.89,1
2025-07-25,CPLE6,11.67,1
2025-07-25,BRFS3,20.89,1
2025-07-25,RDOR3,32.52,1
2025-07-25,SRNA3,11.79,1
2025-07-25,STBP3,13.93,1
2025-07-28,SRNA3,11.8,1
2025-07-28,STBP3,13.95,1
2025-07-28,RDOR3,32.44,1
2025-07-28,BRFS3,20.77,1
2025-07-28,AURE3,9.32,1
2025-07-28,CPLE3,10.78,1
2025-07-28,CPLE5,11.34,1
2025-07-28,CPLE6,11.58,1
2025-07-29,CPLE3,10.95,1
2025-07-29,AURE3,9.22,1
2025-07-29,BRFS3,20.74,1
2025-07-29,RDOR3,32.63,1
2025-07-29,SRNA3,11.83,1
2025-07-29,STBP3,13.87,1
2025-07-29,CPLE5,11.34,1
2025-07-29,CPLE6,11.72,1
2025-07-30,RDOR3,32.75,1
2025-07-30,AURE3,9.44,1
2025-07-30,SRNA3,11.86,1
2025-07-30,STBP3,13.97,1
2025-07-30,BRFS3,21.25,1
2025-07-30,CPLE3,11.11,1
2025-07-30,CPLE5,11.2,1
2025-07-30,CPLE6,11.9,1
2025-07-31,SRNA3,11.85,1
2025-07-31,CPLE3,11.04,1
2025-07-31,CPLE6,11.86,1
2025-07-31,AURE3,9.27,1
2025-07-31,BRFS3,20.05,1
2025-07-31,RDOR3,32.5,1
2025-07-31,STBP3,13.95,1
2025-08-01,RDOR3,32.4,1
2025-08-01,AURE3,9.65,1
2025-08-01,SRNA3,11.88,1
2025-08-01,STBP3,13.96,1
2025-08-01,BRFS3,20.32,1
2025-08-01,CPLE3,11.18,1
2025-08-01,CPLE6,11.93,1
2025-08-04,RDOR3,33.2,1
2025-08-04,SRNA3,11.87,1
2025-08-04,STBP3,13.95,1
2025-08-04,BRFS3,19.63,1
2025-08-04,AURE3,9.73,1
2025-08-04,CPLE3,11.1,1
2025-08-04,CPLE6,11.9,1
2025-08-05,SRNA3,11.87,1
2025-08-05,STBP3,13.95,1
2025-08-05,RDOR3,33.42,1
2025-08-05,CPLE6,11.8,1
2025-08-05,CPLE3,11.0,1
2025-08-05,AURE3,9.56,1
2025-08-05,BRFS3,19.35,1
2025-08-06,RDOR3,34.38,1
2025-08-06,BRFS3,19.57,1
2025-08-06,AURE3,9.85,1
2025-08-06,CPLE3,11.28,1
2025-08-06,CPLE5,11.8,1
2025-08-06,CPLE6,12.13,1
2025-08-06,SRNA3,11.88,1
2025-08-06,STBP3,13.96,1
2025-08-07,RDOR3,35.9,1
2025-08-07,CPLE3,11.52,1
2025-08-07,CPLE5,11.8,1
2025-08-07,CPLE6,12.4,1
2025-08-07,SRNA3,11.92,1
2025-08-07,STBP3,13.99,1
2025-08-07,BRFS3,19.59,1
2025-08-07,AURE3,9.92,1
2025-08-08,AURE3,9.74,1
2025-08-08,SRNA3,11.92,1
2025-08-08,STBP3,14.0,1
2025-08-08,RDOR3,36.27,1
2025-08-08,CPLE3,11.49,1
2025-08-08,CPLE5,12.0,1
2025-08-08,CPLE6,12.31,1
2025-08-08,BRFS3,19.45,1
2025-08-11,CPLE3,11.36,1
2025-08-11,CPLE6,12.16,1
2025-08-11,AURE3,9.6,1
2025-08-11,RDOR3,36.6,1
2025-08-11,BRFS3,19.2,1
2025-08-11,SRNA3,11.93,1
2025-08-11,STBP3,14.04,1
2025-08-12,AURE3,9.69,1
2025-08-12,BRFS3,19.23,1
2025-08-12,RDOR3,37.01,1
2025-08-12,SRNA3,11.99,1
2025-08-12,STBP3,14.09,1
2025-08-12,CPLE3,11.61,1
2025-08-12,CPLE6,12.48,1
2025-08-13,SRNA3,11.98,1
2025-08-13,STBP3,14.11,1
2025-08-13,AURE3,9.64,1
2025-08-13,BRFS3,18.87,1
2025-08-13,CPLE3,11.32,1
2025-08-13,CPLE6,12.11,1
2025-08-13,RDOR3,36.83,1
2025-08-14,RDOR3,37.07,1
2025-08-14,AURE3,9.82,1
2025-08-14,SRNA3,12.0,1
2025-08-14,STBP3,14.13,1
2025-08-14,BRFS3,18.87,1
2025-08-14,CPLE3,11.34,1
2025-08-14,CPLE6,12.12,1
2025-08-15,BRFS3,19.93,1
2025-08-15,CPLE3,11.29,1
2025-08-15,CPLE6,12.06,1
2025-08-15,RDOR3,37.53,1
2025-08-15,SRNA3,12.07,1
2025-08-15,STBP3,14.11,1
2025-08-15,AURE3,9.95,1
2025-08-18,SRNA3,12.09,1
2025-08-18,STBP3,14.13,1
2025-08-18,RDOR3,38.21,1
2025-08-18,BRFS3,19.9,1
2025-08-18,AURE3,10.42,1
2025-08-18,CPLE3,11.25,1
2025-08-18,CPLE5,12.0,1
2025-08-18,CPLE6,12.08,1
2025-08-19,CPLE3,11.01,1
2025-08-19,CPLE5,12.64,1
2025-08-19,CPLE6,11.88,1
2025-08-19,RDOR3,37.32,1
2025-08-19,AURE3,10.36,1
2025-08-19,BRFS3,19.9,1
2025-08-19,SRNA3,12.09,1
2025-08-19,STBP3,14.13,1
2025-08-20,CPLE3,11.19,1
2025-08-20,CPLE5,12.57,1
2025-08-20,CPLE6,12.0,1
2025-08-20,RDOR3,37.34,1
2025-08-20,SRNA3,12.05,1
2025-08-20,STBP3,14.13,1
2025-08-20,AURE3,10.78,1
2025-08-20,BRFS3,19.83,1
2025-08-21,AURE3,10.5,1
2025-08-21,BRFS3,19.87,1
2025-08-21,CPLE3,11.07,1
2025-08-21,CPLE5,12.57,1
2025-08-21,SRNA3,12.07,1
2025-08-21,STBP3,14.15,1
2025-08-21,CPLE6,11.86,1
2025-08-21,RDOR3,37.24,1
2025-08-22,RDOR3,37.77,1
2025-08-22,CPLE3,11.33,1
2025-08-22,CPLE6,12.12,1
2025-08-22,SRNA3,12.11,1
2025-08-22,STBP3,14.18,1
2025-08-22,BRFS3,19.89,1
2025-08-22,AURE3,10.53,1
2025-08-25,SRNA3,12.13,1
2025-08-25,STBP3,14.2,1
2025-08-25,RDOR3,37.55,1
2025-08-25,CPLE3,11.29,1
2025-08-25,CPLE6,12.15,1
2025-08-25,BRFS3,19.88,1
2025-08-25,AURE3,10.72,1
2025-08-26,SRNA3,12.13,1
2025-08-26,CPLE3,11.18,1
2025-08-26,CPLE6,12.01,1
2025-08-26,BRFS3,19.83,1
2025-08-26,STBP3,14.2,1
2025-08-26,RDOR3,37.57,1
2025-08-26,AURE3,10.83,1
2025-08-27,RDOR3,38.25,1
2025-08-27,AURE3,10.65,1
2025-08-27,CPLE3,11.29,1
2025-08-27,CPLE6,12.13,1
2025-08-27,SRNA3,12.14,1
2025-08-27,STBP3,14.21,1
2025-08-27,BRFS3,19.92,1
2025-08-28,SRNA3,12.15,1
2025-08-28,STBP3,14.22,1
2025-08-28,BRFS3,19.91,1
2025-08-28,RDOR3,39.04,1
2025-08-28,CPLE3,11.32,1
2025-08-28,CPLE5,12.9,1
2025-08-28,CPLE6,12.23,1
2025-08-28,AURE3,10.69,1
2025-08-29,SRNA3,12.17,1
2025-08-29,STBP3,14.22,1
2025-08-29,RDOR3,39.36,1
2025-08-29,BRFS3,20.63,1
2025-08-29,CPLE3,11.2,1
2025-08-29,CPLE6,12.02,1
2025-08-29,AURE3,10.86,1
2025-09-01,RDOR3,39.11,1
2025-09-01,SRNA3,12.1,1
2025-09-01,STBP3,14.22,1
2025-09-01,BRFS3,20.13,1
2025-09-01,AURE3,10.53,1
2025-09-01,CPLE3,11.16,1
2025-09-01,CPLE6,11.97,1
2025-09-02,RDOR3,38.95,1
2025-09-02,SRNA3,12.09,1
2025-09-02,STBP3,14.23,1
2025-09-02,BRFS3,19.73,1
2025-09-02,CPLE3,11.23,1
2025-09-02,CPLE6,12.05,1
2025-09-02,AURE3,10.12,1
2025-09-03,RDOR3,39.08,1
2025-09-03,BRFS3,19.9,1
2025-09-03,AURE3,10.12,1
2025-09-03,CPLE3,11.15,1
2025-09-03,CPLE6,12.0,1
2025-09-03,SRNA3,12.09,1
2025-09-03,STBP3,14.25,1
2025-09-04,AURE3,10.42,1
2025-09-04,SRNA3,12.08,1
2025-09-04,STBP3,14.25,1
2025-09-04,RDOR3,39.04,1
2025-09-04,BRFS3,19.9,1
2025-09-04,CPLE3,11.28,1
2025-09-04,CPLE5,12.9,1
2025-09-04,CPLE6,12.15,1
2025-09-05,AURE3,10.78,1
2025-09-05,BRFS3,19.77,1
2025-09-05,CPLE3,11.4,1
2025-09-05,CPLE5,12.11,1
2025-09-05,CPLE6,12.25,1
2025-09-05,SRNA3,12.12,1
2025-09-05,STBP3,14.28,1
2025-09-05,RDOR3,39.3,1
2025-09-08,BRFS3,18.91,1
2025-09-08,AURE3,10.8,1
2025-09-08,CPLE3,11.28,1
2025-09-08,CPLE5,11.91,1
2025-09-08,CPLE6,12.1,1
2025-09-08,RDOR3,39.01,1
2025-09-08,SRNA3,12.11,1
2025-09-08,STBP3,14.29,1
2025-09-09,SRNA3,12.12,1
2025-09-09,STBP3,14.32,1
2025-09-09,AURE3,10.65,1
2025-09-09,BRFS3,19.69,1
2025-09-09,CPLE3,11.43,1
2025-09-09,CPLE6,12.25,1
2025-09-09,RDOR3,38.77,1
2025-09-10,AURE3,10.52,1
2025-09-10,CPLE3,11.52,1
2025-09-10,CPLE5,11.67,1
2025-09-10,CPLE6,12.31,1
2025-09-10,RDOR3,39.1,1
2025-09-10,BRFS3,20.24,1
2025-09-10,SRNA3,12.12,1
2025-09-10,STBP3,14.35,1
2025-09-11,CPLE3,11.56,1
2025-09-11,CPLE6,12.42,1
2025-09-11,RDOR3,39.39,1
2025-09-11,SRNA3,12.15,1
2025-09-11,STBP3,14.35,1
2025-09-11,AURE3,10.65,1
2025-09-11,BRFS3,20.66,1
2025-09-12,RDOR3,39.22,1
2025-09-12,BRFS3,20.93,1
2025-09-12,SRNA3,12.19,1
2025-09-12,STBP3,14.38,1
2025-09-12,AURE3,10.71,1
2025-09-12,CPLE3,11.6,1
2025-09-12,CPLE5,13.5,1
2025-09-12,CPLE6,12.36,1
2025-09-15,RDOR3,39.72,1
2025-09-15,SRNA3,12.24,1
2025-09-15,STBP3,14.38,1
2025-09-15,AURE3,11.01,1
2025-09-15,BRFS3,21.04,1
2025-09-15,CPLE3,11.75,1
2025-09-15,CPLE5,13.5,1
2025-09-15,CPLE6,12.59,1
2025-09-16,CPLE3,11.8,1
2025-09-16,CPLE5,13.5,1
2025-09-16,CPLE6,12.68,1
2025-09-16,RDOR3,40.3,1
2025-09-16,AURE3,10.96,1
2025-09-16,BRFS3,22.15,1
2025-09-16,SRNA3,12.25,1
2025-09-16,STBP3,14.36,1
2025-09-17,SRNA3,12.26,1
2025-09-17,AURE3,11.06,1
2025-09-17,CPLE3,12.0,1
2025-09-17,CPLE5,12.8,1
2025-09-17,CPLE6,12.84,1
2025-09-17,BRFS3,22.03,1
2025-09-17,RDOR3,40.74,1
2025-09-17,STBP3,14.35,1
2025-09-18,BRFS3,21.44,1
2025-09-18,CPLE3,11.97,1
2025-09-18,CPLE6,12.8,1
2025-09-18,SRNA3,12.26,1
2025-09-18,STBP3,14.38,1
2025-09-18,RDOR3,41.33,1
2025-09-18,AURE3,10.77,1
2025-09-19,SRNA3,12.27,1
2025-09-19,STBP3,14.37,1
2025-09-19,RDOR3,42.21,1
2025-09-19,CPLE3,12.18,1
2025-09-19,CPLE5,12.9,1
2025-09-19,CPLE6,12.98,1
2025-09-19,BRFS3,18.97,1
2025-09-19,AURE3,10.7,1
2025-09-22,RDOR3,41.71,1
2025-09-22,BRFS3,17.95,1
2025-09-22,CPLE3,12.01,1
2025-09-22,CPLE5,12.2,1
2025-09-22,CPLE6,12.82,1
2025-09-22,SRNA3,12.27,1
2025-09-22,STBP3,14.37,1
2025-09-22,AURE3,10.57,1
2025-09-23,MBRF3,19.7,1
2025-09-23,CPLE3,12.17,1
2025-09-23,CPLE5,12.9,1
2025-09-23,CPLE6,12.98,1
2025-09-23,SRNA3,12.26,1
2025-09-23,STBP3,14.39,1
2025-09-23,RDOR3,42.0,1
2025-09-23,AURE3,10.64,1
2025-09-24,RDOR3,41.34,1
2025-09-24,MBRF3,19.72,1
2025-09-24,AURE3,10.63,1
2025-09-24,SRNA3,12.31,1
2025-09-24,STBP3,14.38,1
2025-09-24,CPLE3,12.07,1
2025-09-24,CPLE6,12.89,1
2025-09-25,RDOR3,40.78,1
2025-09-25,MBRF3,19.67,1
2025-09-25,CPLE3,11.86,1
2025-09-25,CPLE5,13.05,1
2025-09-25,CPLE6,12.67,1
2025-09-25,SRNA3,12.31,1
2025-09-25,STBP3,14.39,1
2025-09-25,AURE3,10.4,1
2025-09-26,RDOR3,41.22,1
2025-09-26,SRNA3,12.34,1
2025-09-26,STBP3,14.44,1
2025-09-26,CPLE3,11.83,1
2025-09-26,CPLE5,13.1,1
2025-09-26,CPLE6,12.65,1
2025-09-26,MBRF3,19.3,1
2025-09-26,AURE3,10.37,1
2025-09-29,MBRF3,19.41,1
2025-09-29,CPLE3,12.04,1
2025-09-29,CPLE6,12.89,1
2025-09-29,AURE3,10.32,1
2025-09-29,RDOR3,42.3,1
2025-09-29,SRNA3,12.36,1
2025-09-29,STBP3,14.46,1
2025-09-30,CPLE3,12.08,1
2025-09-30,CPLE6,12.88,1
2025-09-30,MBRF3,19.42,1
2025-09-30,SRNA3,12.35,1
2025-09-30,STBP3,14.42,1
2025-09-30,RDOR3,42.08,1
2025-09-30,AURE3,10.27,1
2025-10-01,RDOR3,41.54,1
2025-10-01,SRNA3,12.34,1
2025-10-01,STBP3,14.42,1
2025-10-01,AURE3,10.08,1
2025-10-01,CPLE3,12.1,1
2025-10-01,CPLE6,12.86,1
2025-10-01,MBRF3,19.42,1
2025-10-02,CPLE3,11.84,1
2025-10-02,CPLE5,13.1,1
2025-10-02,CPLE6,12.61,1
2025-10-02,MBRF3,18.87,1
2025-10-02,RDOR3,41.54,1
2025-10-02,AURE3,10.09,1
2025-10-02,STBP3,14.42,1
2025-10-02,SRNA3,12.35,1
2025-10-03,SRNA3,12.35,1
2025-10-03,RDOR3,41.6,1
2025-10-03,MBRF3,18.2,1
2025-10-03,CPLE3,11.85,1
2025-10-03,CPLE6,12.65,1
2025-10-03,AURE3,10.37,1
2025-10-06,MBRF3,17.88,1
2025-10-06,AURE3,10.42,1
2025-10-06,RDOR3,41.63,1
2025-10-06,SRNA3,12.41,1
2025-10-06,CPLE3,11.72,1
2025-10-06,CPLE5,13.1,1
2025-10-06,CPLE6,12.52,1
2025-10-07,AURE3,10.14,1
2025-10-07,MBRF3,17.51,1
2025-10-07,CPLE3,11.53,1
2025-10-07,CPLE5,13.5,1
2025-10-07,CPLE6,12.3,1
2025-10-07,SRNA3,12.4,1
2025-10-07,RDOR3,40.87,1
2025-10-08,RDOR3,40.99,1
2025-10-08,CPLE3,11.5,1
2025-10-08,CPLE6,12.29,1
2025-10-08,AURE3,10.37,1
2025-10-08,SRNA3,12.42,1
2025-10-08,MBRF3,17.56,1
2025-10-09,SRNA3,12.44,1
2025-10-09,CPLE3,11.58,1
2025-10-09,CPLE6,12.36,1
2025-10-09,MBRF3,16.81,1
2025-10-09,RDOR3,39.79,1
2025-10-09,AURE3,10.73,1
2025-10-10,SRNA3,12.44,1
2025-10-10,AURE3,10.65,1
2025-10-10,MBRF3,16.58,1
2025-10-10,CPLE3,11.56,1
2025-10-10,CPLE5,12.8,1
2025-10-10,CPLE6,12.31,1
2025-10-10,RDOR3,39.79,1
2025-10-13,CPLE3,11.69,1
2025-10-13,CPLE5,12.8,1
2025-10-13,AURE3,10.74,1
2025-10-13,CPLE6,12.51,1
2025-10-13,MBRF3,15.89,1
2025-10-13,RDOR3,39.75,1
2025-10-13,SRNA3,12.45,1
2025-10-14,MBRF3,15.3,1
2025-10-14,CPLE3,11.69,1
2025-10-14,CPLE5,13.0,1
2025-10-14,CPLE6,12.47,1
2025-10-14,SRNA3,12.45,1
2025-10-14,AURE3,10.46,1
2025-10-14,RDOR3,40.21,1
2025-10-15,SRNA3,12.47,1
2025-10-15,CPLE3,11.72,1
2025-10-15,CPLE5,13.0,1
2025-10-15,CPLE6,12.53,1
2025-10-15,AURE3,10.55,1
2025-10-15,MBRF3,15.33,1
2025-10-15,RDOR3,40.52,1
2025-10-16,AURE3,10.76,1
2025-10-16,MBRF3,15.46,1
2025-10-16,CPLE3,11.98,1
2025-10-16,CPLE5,12.7,1
2025-10-16,CPLE6,12.8,1
2025-10-16,RDOR3,40.6,1
2025-10-16,SRNA3,12.47,1
2025-10-17,SRNA3,12.47,1
2025-10-17,RDOR3,40.79,1
2025-10-17,CPLE3,12.22,1
2025-10-17,CPLE5,12.65,1
2025-10-17,CPLE6,13.05,1
2025-10-17,AURE3,10.93,1
2025-10-17,MBRF3,15.67,1
2025-10-20,SRNA3,12.5,1
2025-10-20,CPLE3,12.4,1
2025-10-20,CPLE6,13.25,1
2025-10-20,AURE3,10.8,1
2025-10-20,RDOR3,41.07,1
2025-10-20,MBRF3,15.76,1
2025-10-21,CPLE3,12.48,1
2025-10-21,CPLE6,13.3,1
2025-10-21,MBRF3,15.65,1
2025-10-21,AURE3,11.0,1
2025-10-21,SRNA3,12.49,1
2025-10-21,RDOR3,41.54,1
2025-10-22,RDOR3,42.11,1
2025-10-22,SRNA3,12.51,1
2025-10-22,CPLE3,12.69,1
2025-10-22,CPLE6,13.49,1
2025-10-22,AURE3,11.42,1
2025-10-22,MBRF3,15.71,1
2025-10-23,MBRF3,15.26,1
2025-10-23,AURE3,11.65,1
2025-10-23,CPLE3,12.79,1
2025-10-23,CPLE5,12.0,1
2025-10-23,CPLE6,13.58,1
2025-10-23,SRNA3,12.5,1
2025-10-23,RDOR3,42.04,1
2025-10-24,MBRF3,15.03,1
2025-10-24,AURE3,11.45,1
2025-10-24,SRNA3,12.52,1
2025-10-24,CPLE3,12.84,1
2025-10-24,CPLE6,13.64,1
2025-10-24,RDOR3,42.26,1
2025-10-27,SRNA3,12.52,1
2025-10-27,CPLE3,12.91,1
2025-10-27,CPLE5,12.1,1
2025-10-27,CPLE6,13.71,1
2025-10-27,AURE3,11.77,1
2025-10-27,MBRF3,16.0,1
2025-10-27,RDOR3,42.55,1
2025-10-28,RDOR3,42.6,1
2025-10-28,MBRF3,18.5,1
2025-10-28,CPLE3,12.8,1
2025-10-28,CPLE6,13.58,1
2025-10-28,SRNA3,12.53,1
2025-10-28,AURE3,11.05,1
2025-10-29,CPLE3,12.96,1
2025-10-29,CPLE5,12.74,1
2025-10-29,CPLE6,13.78,1
2025-10-29,MBRF3,17.05,1
2025-10-29,RDOR3,42.81,1
2025-10-29,AURE3,10.72,1
2025-10-29,SRNA3,12.52,1
2025-10-30,SRNA3,12.55,1
2025-10-30,RDOR3,42.8,1
2025-10-30,MBRF3,17.38,1
2025-10-30,CPLE3,12.95,1
2025-10-30,CPLE5,12.84,1
2025-10-30,CPLE6,13.8,1
2025-10-30,AURE3,10.63,1
2025-10-31,MBRF3,17.87,1
2025-10-31,RDOR3,43.34,1
2025-10-31,SRNA3,12.55,1
2025-10-31,CPLE3,13.11,1
2025-10-31,CPLE5,12.24,1
2025-10-31,CPLE6,13.92,1
2025-10-31,AURE3,10.99,1
2025-11-03,RDOR3,43.1,1
2025-11-03,MBRF3,17.55,1
2025-11-03,SRNA3,12.5,1
2025-11-03,AURE3,10.83,1
2025-11-03,CPLE3,13.33,1
2025-11-03,CPLE6,14.15,1
2025-11-04,RDOR3,42.96,1
2025-11-04,CPLE3,13.37,1
2025-11-04,CPLE5,12.85,1
2025-11-04,CPLE6,14.17,1
2025-11-04,SRNA3,12.5,1
2025-11-04,AURE3,11.11,1
2025-11-04,MBRF3,17.56,1
2025-11-05,RDOR3,43.78,1
2025-11-05,AURE3,11.6,1
2025-11-05,CPLE3,13.61,1
2025-11-05,CPLE5,14.0,1
2025-11-05,CPLE6,14.45,1
2025-11-05,SRNA3,12.54,1
2025-11-05,MBRF3,17.83,1
2025-11-06,RDOR3,47.44,1
2025-11-06,SRNA3,12.63,1
2025-11-06,AURE3,11.67,1
2025-11-06,MBRF3,17.24,1
2025-11-06,CPLE3,13.37,1
2025-11-06,CPLE5,15.0,1
2025-11-06,CPLE6,14.22,1
2025-11-07,CPLE3,13.46,1
2025-11-07,CPLE5,14.22,1
2025-11-07,CPLE6,14.26,1
2025-11-07,AURE3,11.33,1
2025-11-07,MBRF3,18.25,1
2025-11-07,SRNA3,12.56,1
2025-11-07,RDOR3,47.31,1
2025-11-10,AURE3,11.55,1
2025-11-10,SRNA3,12.56,1
2025-11-10,RDOR3,46.68,1
2025-11-10,CPLE3,13.7,1
2025-11-10,CPLE5,14.47,1
2025-11-10,MBRF3,18.77,1
2025-11-11,AURE3,11.53,1
2025-11-11,RDOR3,45.83,1
2025-11-11,CPLE3,13.58,1
2025-11-11,CPLE5,14.27,1
2025-11-11,SRNA3,12.61,1
2025-11-11,MBRF3,20.3,1
2025-11-12,CPLE3,13.57,1
2025-11-12,CPLE5,14.31,1
2025-11-12,SRNA3,12.62,1
2025-11-12,MBRF3,20.88,1
2025-11-12,RDOR3,46.99,1
2025-11-12,AURE3,11.45,1
2025-11-13,SRNA3,12.62,1
2025-11-13,AURE3,11.28,1
2025-11-13,CPLE3,13.77,1
2025-11-13,CPLE5,14.52,1
2025-11-13,RDOR3,46.35,1
2025-11-13,MBRF3,21.79,1
2025-11-14,CPLE3,13.77,1
2025-11-14,CPLE5,14.6,1
2025-11-14,MBRF3,24.4,1
2025-11-14,RDOR3,46.06,1
2025-11-14,AURE3,11.17,1
2025-11-17,CPLE3,13.66,1
2025-11-17,CPLE5,14.4,1
2025-11-17,MBRF3,25.6,1
2025-11-17,RDOR3,45.19,1
2025-11-17,AURE3,11.09,1
2025-11-18,CPLE3,13.62,1
2025-11-18,CPLE5,14.3,1
2025-11-18,AURE3,11.6,1
2025-11-18,MBRF3,23.54,1
2025-11-18,RDOR3,45.07,1
2025-11-19,MBRF3,21.51,1
2025-11-19,RDOR3,44.72,1
2025-11-19,CPLE3,13.21,1
2025-11-19,CPLE5,13.89,1
2025-11-19,AURE3,11.57,1
2025-11-21,RDOR3,44.61,1
2025-11-21,AURE3,11.8,1
2025-11-21,CPLE3,13.02,1
2025-11-21,CPLE5,13.76,1
2025-11-21,MBRF3,20.7,1
2025-11-24,MBRF3,20.8,1
2025-11-24,RDOR3,45.48,1
2025-11-24,CPLE3,13.15,1
2025-11-24,CPLE5,13.85,1
2025-11-24,AURE3,12.07,1
2025-11-25,CPLE3,13.37,1
2025-11-25,CPLE5,14.09,1
2025-11-25,RDOR3,45.51,1
2025-11-25,AURE3,11.89,1
2025-11-25,MBRF3,20.12,1
2025-11-26,CPLE3,13.7,1
2025-11-26,CPLE5,14.45,1
2025-11-26,AURE3,12.17,1
2025-11-26,MBRF3,20.05,1
2025-11-26,RDOR3,46.91,1
2025-11-27,MBRF3,19.61,1
2025-11-27,RDOR3,46.05,1
2025-11-27,AURE3,12.36,1
2025-11-27,CPLE3,13.67,1
2025-11-27,CPLE5,14.37,1
2025-11-28,AURE3,12.27,1
2025-11-28,CPLE3,13.62,1
2025-11-28,CPLE5,14.35,1
2025-11-28,RDOR3,46.63,1
2025-11-28,MBRF3,19.33,1
2025-12-01,CPLE5,14.31,1
2025-12-01,CPLE3,13.6,1
2025-12-01,RDOR3,45.7,1
2025-12-01,AURE3,12.22,1
2025-12-01,MBRF3,18.36,1
2025-12-02,CPLE3,13.74,1
2025-12-02,CPLE5,14.48,1
2025-12-02,MBRF3,18.43,1
2025-12-02,RDOR3,46.48,1
2025-12-02,AURE3,12.64,1
2025-12-03,CPLE3,13.78,1
2025-12-03,CPLE5,14.49,1
2025-12-03,RDOR3,45.81,1
2025-12-03,MBRF3,19.21,1
2025-12-03,AURE3,12.86,1
2025-12-04,CPLE3,13.93,1
2025-12-04,CPLE5,14.67,1
2025-12-04,MBRF3,20.06,1
2025-12-04,AURE3,12.89,1
2025-12-04,RDOR3,47.42,1
2025-12-05,AURE3,12.2,1
2025-12-05,MBRF3,19.49,1
2025-12-05,CPLE3,13.28,1
2025-12-05,CPLE5,13.95,1
2025-12-05,RDOR3,44.1,1
2025-12-08,AURE3,12.24,1
2025-12-08,MBRF3,19.53,1
2025-12-08,CPLE3,13.26,1
2025-12-08,CPLE5,13.95,1
2025-12-08,RDOR3,44.48,1
2025-12-09,CPLE3,13.29,1
2025-12-09,CPLE5,14.0,1
2025-12-09,RDOR3,44.18,1
2025-12-09,AURE3,12.29,1
2025-12-09,MBRF3,19.51,1
2025-12-10,MBRF3,19.62,1
2025-12-10,CPLE3,13.29,1
2025-12-10,CPLE5,14.02,1
2025-12-10,AURE3,12.21,1
2025-12-10,RDOR3,44.12,1
2025-12-11,AURE3,12.33,1
2025-12-11,CPLE3,13.36,1
2025-12-11,CPLE5,14.05,1
2025-12-11,RDOR3,44.27,1
2025-12-11,MBRF3,19.65,1
2025-12-12,MBRF3,19.86,1
2025-12-12,RDOR3,45.0,1
2025-12-12,CPLE3,13.5,1
2025-12-12,CPLE5,14.22,1
2025-12-12,AURE3,12.26,1
2025-12-15,RDOR3,47.12,1
2025-12-15,AURE3,12.41,1
2025-12-15,MBRF3,20.2,1
2025-12-15,CPLE3,13.71,1
2025-12-15,CPLE5,14.44,1
2025-12-16,MBRF3,19.63,1
2025-12-16,RDOR3,46.19,1
2025-12-16,CPLE3,13.22,1
2025-12-16,CPLE5,13.87,1
2025-12-16,AURE3,12.15,1
2025-12-17,MBRF3,19.55,1
2025-12-17,CPLE3,12.96,1
2025-12-17,CPLE5,13.62,1
2025-12-17,RDOR3,44.96,1
2025-12-17,AURE3,12.01,1
2025-12-18,RDOR3,45.52,1
2025-12-18,MBRF3,19.56,1
2025-12-18,CPLE3,13.0,1
2025-12-18,CPLE5,13.73,1
2025-12-18,AURE3,12.08,1
2025-12-19,CPLE3,12.87,1
2025-12-19,CPLE5,13.58,1
2025-12-19,RDOR3,41.44,1
2025-12-19,AURE3,11.98,1
2025-12-19,MBRF3,19.54,1
2025-12-22,CPLE3,12.71,1
2025-12-22,MBRF3,19.27,1
2025-12-22,RDOR3,40.43,1
2025-12-22,AURE3,11.8,1
2025-12-23,CPLE3,12.93,1
2025-12-23,MBRF3,19.53,1
2025-12-23,RDOR3,41.67,1
2025-12-23,AURE3,11.93,1
2025-12-26,RDOR3,41.45,1
2025-12-26,CPLE3,13.0,1
2025-12-26,MBRF3,20.01,1
2025-12-26,AURE3,11.94,1
2025-12-29,CPLE3,12.87,1
2025-12-29,RDOR3,40.75,1
2025-12-29,AURE3,11.8,1
2025-12-29,MBRF3,19.94,1
2025-12-30,CPLE3,13.08,1
2025-12-30,RDOR3,40.61,1
2025-12-30,AURE3,11.87,1
2025-12-30,MBRF3,19.98,1
