data,ibrx100,ise_b3
2015-01-02,20117.09,2376.24
2015-01-05,19711.89,2334.26
2015-01-06,19883.88,2366.09
2015-01-07,20464.78,2436.19
2015-01-08,20632.89,2438.58
2015-01-09,20186.02,2379.36
2015-01-12,19931.07,2364.84
2015-01-13,19877.25,2351.07
2015-01-14,19740.88,2326.37
2015-01-15,19873.4,2334.66
2015-01-16,20276.72,2388.38
2015-01-19,19781.99,2332.79
2015-01-20,19820.84,2324.21
2015-01-21,20350.16,2369.68
2015-01-22,20435.34,2367.16
2015-01-23,20181.64,2327.08
2015-01-26,20096.06,2305.17
2015-01-27,20100.97,2303.01
2015-01-28,19772.87,2301.5
2015-01-29,19814.06,2306.93
2015-01-30,19485.08,2291.61
2015-02-02,19770.16,2334.3
2015-02-03,20270.11,2375.49
2015-02-04,20389.08,2385.72
2015-02-05,20386.8,2383.02
2015-02-06,20216.04,2376.92
2015-02-09,20449.37,2405.72
2015-02-10,20120.55,2372.65
2015-02-11,19990.93,2371.14
2015-02-12,20491.34,2412.51
2015-02-13,20909.3,2462.6
2015-02-18,21179.17,2493.22
2015-02-19,21199.11,2492.79
2015-02-20,21161.08,2492.81
2015-02-23,21188.26,2481.78
2015-02-24,21427.62,2498.49
2015-02-25,21410.86,2504.13
2015-02-26,21405.86,2510.96
2015-02-27,21302.1,2486.91
2015-03-02,21090.98,2458.61
2015-03-03,21208.54,2466.09
2015-03-04,20880.31,2430.29
2015-03-05,20845.74,2420.84
2015-03-06,20686.93,2414.81
2015-03-09,20374.83,2390.17
2015-03-10,20022.13,2362.96
2015-03-11,20269.0,2374.72
2015-03-12,20284.32,2384.6
2015-03-13,20162.75,2373.95
2015-03-16,20249.32,2378.79
2015-03-17,20794.2,2436.61
2015-03-18,21296.35,2476.01
2015-03-19,21082.17,2453.71
2015-03-20,21471.9,2495.87
2015-03-23,21441.14,2484.67
2015-03-24,21293.94,2464.22
2015-03-25,21428.75,2476.72
2015-03-26,20932.2,2421.01
2015-03-27,20760.07,2399.22
2015-03-30,21217.5,2440.6
2015-03-31,21194.72,2433.79
2015-04-01,21656.06,2458.56
2015-04-02,21969.07,2478.88
2015-04-06,22228.6,2500.89
2015-04-07,22216.41,2497.53
2015-04-08,22199.82,2492.96
2015-04-09,22238.93,2489.82
2015-04-10,22386.68,2490.79
2015-04-13,22392.77,2486.78
2015-04-14,22303.83,2479.36
2015-04-15,22647.0,2505.11
2015-04-16,22549.31,2494.86
2015-04-17,22267.45,2460.6
2015-04-20,22191.13,2452.79
2015-04-22,22507.53,2498.26
2015-04-23,22913.43,2552.54
2015-04-24,23242.73,2583.56
2015-04-27,22838.66,2551.02
2015-04-28,22922.89,2561.94
2015-04-29,22787.9,2559.02
2015-04-30,23126.62,2601.48
2015-05-04,23572.79,2654.68
2015-05-05,23847.65,2699.66
2015-05-06,23503.42,2655.07
2015-05-07,23440.01,2638.11
2015-05-08,23550.72,2641.18
2015-05-11,23573.4,2654.57
2015-05-12,23415.49,2629.55
2015-05-13,23246.44,2600.79
2015-05-14,23383.69,2616.74
2015-05-15,23634.58,2636.04
2015-05-18,23228.29,2589.98
2015-05-19,22966.89,2576.19
2015-05-20,22731.24,2549.01
2015-05-21,22810.06,2548.65
2015-05-22,22520.63,2528.85
2015-05-25,22616.98,2556.58
2015-05-26,22205.49,2514.6
2015-05-27,22447.87,2546.96
2015-05-28,22333.89,2534.56
2015-05-29,21861.23,2487.05
2015-06-01,21980.89,2500.83
2015-06-02,22457.66,2560.4
2015-06-03,22179.24,2533.15
2015-06-05,21983.69,2512.76
2015-06-08,21914.61,2499.34
2015-06-09,21918.24,2493.22
2015-06-10,22324.83,2552.91
2015-06-11,22246.13,2539.91
2015-06-12,22109.67,2523.62
2015-06-15,22022.58,2507.76
2015-06-16,22244.83,2505.35
2015-06-17,22075.8,2488.28
2015-06-18,22449.79,2534.14
2015-06-19,22271.22,2521.56
2015-06-22,22330.92,2520.36
2015-06-23,22298.58,2518.38
2015-06-24,22311.09,2507.98
2015-06-25,22059.08,2486.13
2015-06-26,22390.2,2523.05
2015-06-29,21984.73,2478.68
2015-06-30,22028.62,2478.85
2015-07-01,21919.62,2470.82
2015-07-02,22072.6,2492.77
2015-07-03,21865.82,2479.58
2015-07-06,21726.54,2467.14
2015-07-07,21822.13,2486.85
2015-07-08,21592.59,2463.06
2015-07-10,21903.14,2478.42
2015-07-13,22103.18,2506.0
2015-07-14,22161.17,2504.63
2015-07-15,22048.19,2491.54
2015-07-16,22105.15,2503.73
2015-07-17,21815.2,2480.68
2015-07-20,21533.69,2464.59
2015-07-21,21496.86,2469.67
2015-07-22,21284.08,2451.78
2015-07-23,20834.03,2416.04
2015-07-24,20607.43,2382.98
2015-07-27,20407.67,2371.29
2015-07-28,20720.9,2414.79
2015-07-29,20973.26,2433.07
2015-07-30,20855.49,2408.18
2015-07-31,21270.67,2465.34
2015-08-03,20991.66,2444.86
2015-08-04,20972.66,2449.81
2015-08-05,21045.11,2468.18
2015-08-06,20912.05,2448.62
2015-08-07,20345.07,2390.32
2015-08-10,20636.37,2426.68
2015-08-11,20526.72,2405.87
2015-08-12,20240.17,2376.12
2015-08-13,20096.19,2359.57
2015-08-14,19899.41,2337.18
2015-08-17,19787.08,2334.48
2015-08-18,19884.14,2340.61
2015-08-19,19523.41,2303.85
2015-08-20,19523.47,2298.44
2015-08-21,19138.24,2254.1
2015-08-24,18576.74,2174.58
2015-08-25,18675.89,2184.04
2015-08-26,19277.19,2249.82
2015-08-27,19938.59,2326.71
2015-08-28,19735.71,2302.51
2015-08-31,19515.71,2289.98
2015-09-01,19042.02,2240.71
2015-09-02,19420.4,2290.27
2015-09-03,19788.84,2336.96
2015-09-04,19447.16,2296.93
2015-09-08,19526.44,2305.21
2015-09-09,19466.95,2300.72
2015-09-10,19398.08,2313.51
2015-09-11,19365.45,2310.63
2015-09-14,19722.64,2344.23
2015-09-15,19773.79,2346.14
2015-09-16,20242.77,2387.03
2015-09-17,20257.14,2400.19
2015-09-18,19745.61,2351.82
2015-09-21,19468.86,2330.1
2015-09-22,19351.63,2315.58
2015-09-23,18992.07,2275.03
2015-09-24,18969.95,2258.98
2015-09-25,18801.34,2238.82
2015-09-28,18471.32,2189.8
2015-09-29,18546.3,2205.27
2015-09-30,18909.99,2227.62
2015-10-01,19014.13,2246.7
2015-10-02,19695.16,2316.47
2015-10-05,19937.97,2341.66
2015-10-06,19960.33,2336.35
2015-10-07,20395.0,2390.71
2015-10-08,20445.05,2390.04
2015-10-09,20535.9,2403.2
2015-10-13,19779.74,2329.22
2015-10-14,19501.61,2300.22
2015-10-15,19704.19,2328.15
2015-10-16,19756.61,2340.37
2015-10-19,19840.36,2337.94
2015-10-20,19722.24,2320.63
2015-10-21,19708.09,2329.17
2015-10-22,20001.68,2365.13
2015-10-23,19935.44,2354.89
2015-10-26,19780.17,2333.86
2015-10-27,19729.91,2321.63
2015-10-28,19592.66,2297.67
2015-10-29,19133.24,2246.55
2015-10-30,19166.54,2243.43
2015-11-03,19993.42,2307.47
2015-11-04,19863.08,2289.74
2015-11-05,20024.16,2308.28
2015-11-06,19565.99,2251.05
2015-11-09,19276.22,2217.88
2015-11-10,19257.19,2214.12
2015-11-11,19612.94,2250.77
2015-11-12,19528.39,2235.39
2015-11-13,19404.55,2235.74
2015-11-16,19522.17,2235.75
2015-11-17,19689.15,2248.65
2015-11-18,19749.28,2247.86
2015-11-19,20028.28,2289.33
2015-11-23,20036.5,2289.62
2015-11-24,20075.03,2288.78
2015-11-25,19549.0,2251.68
2015-11-26,19669.76,2264.6
2015-11-27,19167.53,2207.33
2015-11-30,18848.06,2169.52
2015-12-01,18851.88,2164.04
2015-12-02,18807.65,2162.48
2015-12-03,19390.92,2210.75
2015-12-04,18971.58,2175.18
2015-12-07,18928.44,2177.19
2015-12-08,18597.55,2136.84
2015-12-09,19230.32,2187.03
2015-12-10,19034.66,2182.26
2015-12-11,18900.45,2163.43
2015-12-14,18669.73,2144.63
2015-12-15,18694.72,2151.22
2015-12-16,18763.22,2172.84
2015-12-17,18872.91,2176.19
2015-12-18,18340.36,2130.9
2015-12-21,18088.45,2099.46
2015-12-22,18201.54,2117.77
2015-12-23,18428.33,2150.23
2015-12-28,18341.23,2136.94
2015-12-29,18282.22,2128.59
2015-12-30,18133.57,2118.01
2016-01-04,17613.72,2056.55
2016-01-05,17735.71,2084.48
2016-01-06,17483.42,2071.28
2016-01-07,17027.96,2012.34
2016-01-08,17014.87,2009.74
2016-01-11,16732.19,1972.24
2016-01-12,16584.0,1972.98
2016-01-13,16357.96,1949.08
2016-01-14,16561.44,1947.55
2016-01-15,16187.29,1910.9
2016-01-18,15927.16,1886.2
2016-01-19,15989.28,1896.98
2016-01-20,15807.16,1876.65
2016-01-21,15821.58,1885.39
2016-01-22,15975.48,1905.52
2016-01-26,15757.62,1872.13
2016-01-27,16150.08,1922.08
2016-01-28,16260.27,1923.03
2016-01-29,16999.51,2011.55
2016-02-01,17066.1,2014.13
2016-02-02,16288.27,1922.59
2016-02-03,16664.88,1967.3
2016-02-04,17144.37,2005.73
2016-02-05,17057.72,1998.19
2016-02-10,16965.26,1993.11
2016-02-11,16547.6,1933.6
2016-02-12,16732.88,1956.3
2016-02-15,16837.65,1967.15
2016-02-16,17181.69,2015.29
2016-02-17,17456.42,2030.27
2016-02-18,17425.41,2050.32
2016-02-19,17441.57,2052.77
2016-02-22,18112.44,2111.06
2016-02-23,17827.32,2082.19
2016-02-24,17640.35,2052.69
2016-02-25,17564.34,2060.13
2016-02-26,17430.79,2022.14
2016-02-29,17899.49,2070.75
2016-03-01,18428.13,2116.26
2016-03-02,18717.82,2126.0
2016-03-03,19581.39,2165.93
2016-03-04,20302.11,2204.96
2016-03-07,20363.34,2210.21
2016-03-08,20308.62,2219.97
2016-03-09,20152.94,2200.43
2016-03-10,20497.37,2224.29
2016-03-11,20510.68,2211.87
2016-03-14,20206.6,2198.99
2016-03-15,19545.21,2159.12
2016-03-16,19792.62,2180.92
2016-03-17,21011.46,2282.77
2016-03-18,20959.08,2282.74
2016-03-21,21122.54,2315.15
2016-03-22,21064.82,2311.17
2016-03-23,20559.58,2242.57
2016-03-24,20541.17,2228.95
2016-03-28,21002.02,2273.48
2016-03-29,21131.93,2291.9
2016-03-30,21150.01,2285.59
2016-03-31,20658.57,2217.11
2016-04-01,20858.86,2240.54
2016-04-04,20153.41,2175.61
2016-04-05,20265.01,2170.77
2016-04-06,19893.91,2122.74
2016-04-07,20055.02,2141.29
2016-04-08,20736.07,2186.63
2016-04-11,20664.85,2156.42
2016-04-12,21361.21,2203.69
2016-04-13,21813.47,2249.54
2016-04-14,21544.52,2234.26
2016-04-15,21878.33,2261.86
2016-04-18,21752.54,2250.07
2016-04-19,22051.41,2246.17
2016-04-20,22011.67,2232.72
2016-04-22,21761.18,2222.92
2016-04-25,21361.2,2194.98
2016-04-26,21834.43,2243.37
2016-04-27,22375.3,2289.91
2016-04-28,22294.83,2270.96
2016-04-29,22133.31,2255.86
2016-05-02,22005.96,2246.79
2016-05-03,21509.81,2222.2
2016-05-04,21627.68,2224.46
2016-05-05,21275.5,2207.25
2016-05-06,21283.99,2192.08
2016-05-09,20994.71,2169.0
2016-05-10,21810.79,2241.65
2016-05-11,21713.16,2226.34
2016-05-12,21928.14,2250.83
2016-05-13,21357.28,2208.61
2016-05-16,21346.1,2203.9
2016-05-17,20962.34,2169.93
2016-05-18,20841.55,2159.28
2016-05-19,20673.1,2139.87
2016-05-20,20528.57,2139.04
2016-05-23,20369.96,2123.63
2016-05-24,20386.09,2128.48
2016-05-25,20435.99,2127.01
2016-05-27,20278.88,2122.02
2016-05-30,20238.3,2112.85
2016-05-31,20051.34,2118.84
2016-06-01,20263.53,2137.34
2016-06-02,20607.48,2167.67
2016-06-03,20899.7,2181.14
2016-06-06,20820.31,2172.14
2016-06-07,20832.64,2176.68
2016-06-08,21279.45,2202.75
2016-06-09,21086.85,2184.81
2016-06-10,20419.01,2128.86
2016-06-13,20526.72,2133.51
2016-06-14,20112.4,2089.09
2016-06-15,20218.43,2091.54
2016-06-16,20414.87,2116.79
2016-06-17,20457.32,2114.33
2016-06-20,20781.79,2145.57
2016-06-21,21001.87,2175.58
2016-06-22,20751.99,2145.84
2016-06-23,21330.25,2201.31
2016-06-24,20763.57,2153.12
2016-06-27,20427.83,2124.4
2016-06-28,20744.81,2146.85
2016-06-29,21135.99,2190.75
2016-06-30,21350.08,2203.71
2016-07-01,21615.62,2234.6
2016-07-04,21757.99,2266.49
2016-07-05,21496.97,2254.79
2016-07-06,21512.63,2249.48
2016-07-07,21566.85,2264.73
2016-07-08,22018.7,2302.84
2016-07-11,22363.73,2346.84
2016-07-12,22487.33,2347.35
2016-07-13,22621.07,2349.29
2016-07-14,22980.63,2380.71
2016-07-15,23018.16,2384.27
2016-07-18,23384.72,2404.94
2016-07-19,23477.96,2418.95
2016-07-20,23431.61,2420.05
2016-07-21,23461.65,2423.14
2016-07-22,23613.64,2450.27
2016-07-25,23563.84,2435.42
2016-07-26,23517.26,2425.28
2016-07-27,23550.41,2435.49
2016-07-28,23477.76,2444.83
2016-07-29,23765.68,2483.9
2016-08-01,23568.46,2478.32
2016-08-02,23333.9,2436.53
2016-08-03,23677.88,2456.3
2016-08-04,23903.33,2486.26
2016-08-05,23949.59,2485.02
2016-08-08,23930.47,2477.67
2016-08-09,23944.65,2475.67
2016-08-10,23636.11,2447.65
2016-08-11,24195.39,2494.54
2016-08-12,24197.9,2503.66
2016-08-15,24518.97,2533.36
2016-08-16,24410.69,2519.13
2016-08-17,24587.53,2519.27
2016-08-18,24527.07,2513.16
2016-08-19,24491.29,2501.58
2016-08-22,23950.86,2457.09
2016-08-23,24030.99,2460.3
2016-08-24,23913.49,2472.68
2016-08-25,23916.52,2470.78
2016-08-26,23935.8,2468.3
2016-08-29,24298.84,2506.53
2016-08-30,24293.59,2508.46
2016-08-31,24031.8,2496.41
2016-09-01,24167.13,2506.08
2016-09-02,24732.13,2556.33
2016-09-05,24711.33,2551.71
2016-09-06,24959.05,2579.15
2016-09-08,25001.93,2576.58
2016-09-09,24106.15,2496.21
2016-09-12,24327.45,2503.27
2016-09-13,23620.6,2452.23
2016-09-14,23711.51,2458.1
2016-09-15,24043.94,2479.7
2016-09-16,23707.43,2451.69
2016-09-19,23809.99,2460.89
2016-09-20,23973.01,2472.02
2016-09-21,24221.35,2474.98
2016-09-22,24465.14,2500.48
2016-09-23,24330.73,2495.09
2016-09-26,24073.56,2471.14
2016-09-27,24196.75,2486.67
2016-09-28,24584.39,2522.68
2016-09-29,24180.17,2483.06
2016-09-30,24176.69,2482.57
2016-10-03,24616.54,2524.66
2016-10-04,24572.84,2513.79
2016-10-05,24925.49,2541.4
2016-10-06,25089.16,2546.98
2016-10-07,25265.91,2556.58
2016-10-10,25495.13,2560.34
2016-10-11,25232.61,2542.78
2016-10-13,25280.61,2544.35
2016-10-14,25531.88,2546.31
2016-10-17,25900.3,2568.91
2016-10-18,26336.5,2610.83
2016-10-19,26216.39,2584.32
2016-10-20,26347.2,2589.33
2016-10-21,26463.47,2592.76
2016-10-24,26450.56,2585.1
2016-10-25,26367.02,2577.31
2016-10-26,26346.77,2578.27
2016-10-27,26513.4,2591.46
2016-10-28,26540.65,2609.22
2016-10-31,26776.51,2636.71
2016-11-01,26119.55,2583.22
2016-11-03,25486.22,2532.19
2016-11-04,25412.24,2522.4
2016-11-07,26373.87,2589.95
2016-11-08,26415.93,2594.75
2016-11-09,26046.99,2551.61
2016-11-10,25179.94,2457.2
2016-11-11,24362.65,2390.91
2016-11-14,24533.2,2408.64
2016-11-16,24991.29,2460.67
2016-11-17,24606.65,2435.12
2016-11-18,24684.65,2430.46
2016-11-21,25110.25,2438.43
2016-11-22,25442.4,2453.59
2016-11-23,25444.87,2450.13
2016-11-24,25237.46,2440.15
2016-11-25,25295.23,2438.95
2016-11-28,25792.03,2476.7
2016-11-29,25077.88,2436.37
2016-11-30,25437.07,2445.55
2016-12-01,24462.09,2337.63
2016-12-02,24754.14,2347.69
2016-12-05,24563.79,2336.08
2016-12-06,25053.99,2372.96
2016-12-07,25178.57,2404.19
2016-12-08,24904.22,2376.3
2016-12-09,24845.96,2375.44
2016-12-12,24322.92,2330.04
2016-12-13,24378.64,2344.46
2016-12-14,23958.32,2320.29
2016-12-15,24036.28,2316.09
2016-12-16,24043.41,2324.36
2016-12-19,23552.93,2290.41
2016-12-20,23708.54,2296.38
2016-12-21,23740.47,2315.35
2016-12-22,23596.57,2308.1
2016-12-23,23862.91,2320.58
2016-12-26,24134.48,2340.78
2016-12-27,24167.45,2347.32
2016-12-28,24609.5,2380.21
2016-12-29,24788.03,2410.05
2017-01-02,24538.77,2387.99
2017-01-03,25419.96,2457.61
2017-01-04,25352.16,2443.14
2017-01-05,25546.98,2440.61
2017-01-06,25375.57,2419.11
2017-01-09,25392.45,2415.52
2017-01-10,25552.46,2411.39
2017-01-11,25660.88,2404.42
2017-01-12,26282.31,2463.36
2017-01-13,26177.13,2444.83
2017-01-16,26248.71,2444.66
2017-01-17,26463.1,2466.43
2017-01-18,26367.39,2443.26
2017-01-19,26266.47,2444.44
2017-01-20,26505.19,2451.75
2017-01-23,26984.92,2499.21
2017-01-24,27031.74,2499.19
2017-01-26,27191.29,2518.86
2017-01-27,27116.06,2510.81
2017-01-30,26423.51,2454.25
2017-01-31,26574.87,2463.09
2017-02-01,26645.71,2457.81
2017-02-02,26562.06,2464.09
2017-02-03,26729.52,2494.46
2017-02-06,26354.11,2465.9
2017-02-07,26433.63,2483.76
2017-02-08,26695.13,2504.24
2017-02-09,26747.95,2503.61
2017-02-10,27205.54,2529.63
2017-02-13,27551.62,2544.26
2017-02-14,27438.46,2539.97
2017-02-15,27946.14,2584.82
2017-02-16,27894.78,2582.32
2017-02-17,27869.44,2576.84
2017-02-20,28177.85,2585.72
2017-02-21,28396.95,2597.49
2017-02-22,28199.48,2591.12
2017-02-23,27769.25,2554.87
2017-02-24,27452.89,2533.88
2017-03-01,27589.98,2547.62
2017-03-02,27143.27,2518.25
2017-03-03,27506.61,2559.77
2017-03-06,27358.89,2558.43
2017-03-07,27123.28,2534.56
2017-03-08,26699.44,2511.79
2017-03-09,26630.62,2513.45
2017-03-10,26675.28,2508.55
2017-03-13,27029.98,2531.87
2017-03-14,26701.29,2495.33
2017-03-15,27298.22,2529.37
2017-03-16,27131.56,2545.48
2017-03-17,26505.09,2494.3
2017-03-20,26748.2,2504.03
2017-03-21,26003.89,2450.65
2017-03-22,26209.65,2445.86
2017-03-23,26230.8,2460.86
2017-03-24,26353.03,2484.82
2017-03-27,26522.15,2493.26
2017-03-28,26657.8,2505.23
2017-03-29,27014.59,2525.0
2017-03-30,26904.67,2517.2
2017-03-31,26806.42,2517.57
2017-04-03,26905.54,2528.81
2017-04-04,27120.54,2538.26
2017-04-05,26738.7,2514.42
2017-04-06,26508.98,2492.37
2017-04-07,26659.48,2502.57
2017-04-10,26672.91,2498.85
2017-04-11,26567.86,2503.09
2017-04-12,26382.8,2507.15
2017-04-13,25974.92,2470.58
2017-04-17,26583.49,2515.91
2017-04-18,26516.12,2524.99
2017-04-19,26225.9,2502.32
2017-04-20,26350.91,2519.33
2017-04-24,26589.13,2537.63
2017-04-25,26903.5,2552.59
2017-04-26,26788.55,2541.88
2017-04-27,26722.76,2537.14
2017-04-28,27041.79,2570.55
2017-05-02,27585.74,2625.23
2017-05-03,27366.93,2609.7
2017-05-04,26888.34,2568.48
2017-05-05,27239.74,2588.27
2017-05-08,27181.84,2587.6
2017-05-09,27487.01,2626.61
2017-05-10,27923.99,2670.62
2017-05-11,28011.92,2666.45
2017-05-12,28268.18,2689.87
2017-05-15,28358.51,2682.24
2017-05-16,28460.31,2664.0
2017-05-17,28000.85,2614.78
2017-05-18,25537.21,2430.87
2017-05-19,25977.58,2466.36
2017-05-22,25564.88,2452.62
2017-05-23,25992.52,2500.16
2017-05-24,26244.09,2531.54
2017-05-25,26229.89,2543.4
2017-05-26,26594.69,2579.21
2017-05-29,26466.45,2557.75
2017-05-30,26545.88,2569.33
2017-05-31,26052.91,2518.77
2017-06-01,25881.08,2505.46
2017-06-02,25969.32,2519.51
2017-06-05,25938.94,2517.31
2017-06-06,26148.89,2523.1
2017-06-07,26253.6,2536.6
2017-06-08,26077.96,2517.12
2017-06-09,25863.02,2490.66
2017-06-12,25657.31,2475.66
2017-06-13,25716.85,2482.97
2017-06-14,25754.61,2489.98
2017-06-16,25658.7,2489.04
2017-06-19,25805.46,2508.74
2017-06-20,25306.02,2469.67
2017-06-21,25275.78,2459.87
2017-06-22,25477.35,2467.8
2017-06-23,25412.21,2460.99
2017-06-26,25847.74,2486.62
2017-06-27,25642.44,2455.18
2017-06-28,25769.25,2463.26
2017-06-29,25847.49,2460.44
2017-06-30,26130.62,2483.31
2017-07-03,26280.43,2491.84
2017-07-04,26266.43,2487.68
2017-07-05,26243.28,2501.81
2017-07-06,25981.35,2478.1
2017-07-07,25925.56,2474.34
2017-07-10,26208.25,2499.3
2017-07-11,26521.59,2516.82
2017-07-12,26943.63,2550.91
2017-07-13,27099.96,2578.22
2017-07-14,27207.83,2579.68
2017-07-17,27124.95,2579.47
2017-07-18,27174.43,2580.32
2017-07-19,27103.23,2564.04
2017-07-20,27024.98,2570.9
2017-07-21,26934.39,2569.67
2017-07-24,27095.62,2577.91
2017-07-25,27317.07,2582.25
2017-07-26,27056.33,2564.21
2017-07-27,27165.79,2571.04
2017-07-28,27243.85,2572.53
2017-07-31,27413.77,2574.6
2017-08-01,27649.38,2603.28
2017-08-02,27897.85,2613.89
2017-08-03,27765.06,2606.84
2017-08-04,27812.25,2603.14
2017-08-07,28218.49,2627.88
2017-08-08,28192.34,2619.11
2017-08-09,28099.48,2614.41
2017-08-10,27814.71,2590.8
2017-08-11,27974.4,2621.77
2017-08-14,28347.33,2664.31
2017-08-15,28374.37,2663.35
2017-08-16,28471.12,2668.41
2017-08-17,28222.72,2644.05
2017-08-18,28513.59,2658.28
2017-08-21,28491.15,2657.86
2017-08-22,29039.06,2716.35
2017-08-23,29227.0,2722.91
2017-08-24,29505.96,2748.63
2017-08-25,29484.74,2740.56
2017-08-28,29475.26,2740.13
2017-08-29,29587.39,2756.24
2017-08-30,29427.63,2743.97
2017-08-31,29427.9,2738.05
2017-09-01,29846.46,2764.58
2017-09-04,29947.75,2776.63
2017-09-05,29968.94,2788.78
2017-09-06,30458.47,2818.72
2017-09-08,30350.46,2821.58
2017-09-11,30843.98,2874.87
2017-09-12,30914.93,2886.02
2017-09-13,31034.24,2895.1
2017-09-14,31011.37,2899.45
2017-09-15,31452.31,2946.59
2017-09-18,31539.84,2951.91
2017-09-19,31528.45,2946.93
2017-09-20,31538.06,2939.66
2017-09-21,31369.28,2922.43
2017-09-22,31295.6,2907.45
2017-09-25,30880.22,2861.02
2017-09-26,30821.56,2858.47
2017-09-27,30586.15,2839.21
2017-09-28,30487.08,2837.69
2017-09-29,30808.59,2866.26
2017-10-02,30834.8,2863.68
2017-10-03,31783.38,2939.56
2017-10-04,31726.22,2954.94
2017-10-05,31745.01,2955.28
2017-10-06,31537.14,2937.41
2017-10-09,31403.02,2930.63
2017-10-10,31870.27,2964.92
2017-10-11,31772.59,2967.63
2017-10-13,31877.31,2963.75
2017-10-16,31811.59,2949.43
2017-10-17,31521.68,2914.22
2017-10-18,31720.76,2945.71
2017-10-19,31604.06,2925.72
2017-10-20,31666.31,2948.42
2017-10-23,31263.3,2903.98
2017-10-24,31628.71,2927.71
2017-10-25,31741.37,2941.01
2017-10-26,31424.35,2917.83
2017-10-27,31449.27,2910.66
2017-10-30,30961.24,2865.24
2017-10-31,30768.93,2872.29
2017-11-01,30590.72,2847.91
2017-11-03,30584.97,2838.76
2017-11-06,30719.27,2839.73
2017-11-07,29946.83,2781.26
2017-11-08,30714.63,2841.64
2017-11-09,30130.11,2804.5
2017-11-10,29793.33,2756.2
2017-11-13,29932.55,2764.89
2017-11-14,29305.81,2730.56
2017-11-16,29992.67,2785.26
2017-11-17,30370.64,2812.91
2017-11-21,30847.61,2850.11
2017-11-22,30812.62,2824.3
2017-11-23,30785.76,2815.15
2017-11-24,30656.99,2788.07
2017-11-27,30606.63,2781.18
2017-11-28,30628.02,2782.22
2017-11-29,30051.23,2735.6
2017-11-30,29729.33,2697.12
2017-12-01,29847.5,2714.55
2017-12-04,30168.62,2728.79
2017-12-05,29958.37,2714.09
2017-12-06,30236.21,2741.84
2017-12-07,29947.74,2711.3
2017-12-08,30073.26,2726.02
2017-12-11,30094.63,2723.25
2017-12-12,30485.99,2759.95
2017-12-13,30143.33,2737.67
2017-12-14,29951.15,2707.76
2017-12-15,30041.98,2715.3
2017-12-18,30236.64,2723.72
2017-12-19,30056.68,2697.7
2017-12-20,30338.44,2711.74
2017-12-21,31038.48,2779.81
2017-12-22,31066.76,2777.84
2017-12-26,31280.17,2809.82
2017-12-27,31454.06,2826.36
2017-12-28,31616.0,2829.5
2018-01-02,32197.54,2865.81
2018-01-03,32237.71,2858.48
2018-01-04,32487.24,2871.1
2018-01-05,32655.54,2884.96
2018-01-08,32752.25,2889.73
2018-01-09,32555.41,2880.86
2018-01-10,32286.97,2847.67
2018-01-11,32741.3,2862.5
2018-01-12,32731.13,2871.06
2018-01-15,32904.97,2887.69
2018-01-16,32951.37,2901.42
2018-01-17,33476.11,2930.95
2018-01-18,33390.74,2938.55
2018-01-19,33503.7,2952.62
2018-01-22,33694.74,2976.64
2018-01-23,33298.7,2945.69
2018-01-24,34496.3,3019.91
2018-01-26,35253.52,3066.37
2018-01-29,34916.59,3035.74
2018-01-30,34823.95,3043.52
2018-01-31,35012.93,3051.89
2018-02-01,35257.07,3052.87
2018-02-02,34665.04,3006.58
2018-02-05,33788.43,2937.9
2018-02-06,34577.59,2989.76
2018-02-07,34147.92,2969.12
2018-02-08,33636.17,2913.54
2018-02-09,33357.19,2871.74
2018-02-14,34428.79,2935.26
2018-02-15,34719.28,2962.99
2018-02-16,34807.93,2962.39
2018-02-19,34932.84,2968.74
2018-02-20,35327.08,3006.05
2018-02-21,35432.63,3020.06
2018-02-22,35680.3,3020.01
2018-02-23,35930.25,3050.98
2018-02-26,36054.58,3023.82
2018-02-27,35784.33,3002.28
2018-02-28,35158.73,2964.75
2018-03-01,35172.55,2973.24
2018-03-02,35319.51,2986.42
2018-03-05,35427.57,2994.95
2018-03-06,35275.72,2972.92
2018-03-07,35204.9,2985.56
2018-03-08,35007.78,2994.01
2018-03-09,35571.55,3016.82
2018-03-12,35803.22,3029.95
2018-03-13,35603.88,3019.87
2018-03-14,35454.81,3006.4
2018-03-15,35023.98,2985.86
2018-03-16,35009.57,2980.7
2018-03-19,34633.64,2970.6
2018-03-20,34731.96,2968.3
2018-03-21,35039.63,2964.01
2018-03-22,34970.46,2971.65
2018-03-23,34810.46,2946.57
2018-03-26,35087.88,2961.04
2018-03-27,34570.91,2927.65
2018-03-28,34583.54,2922.26
2018-03-29,35186.47,2985.73
2018-04-02,34871.47,2945.57
2018-04-03,34857.34,2953.84
2018-04-04,34751.5,2949.74
2018-04-05,35088.56,2966.3
2018-04-06,34945.37,2957.25
2018-04-09,34336.7,2922.23
2018-04-10,34794.58,2931.09
2018-04-11,35069.51,2936.99
2018-04-12,35158.29,2959.86
2018-04-13,34721.66,2920.77
2018-04-16,34119.23,2894.84
2018-04-17,34635.41,2947.84
2018-04-18,35319.19,2973.03
2018-04-19,35354.16,2976.98
2018-04-20,35269.51,2977.88
2018-04-23,35299.94,2984.23
2018-04-24,35217.14,2975.83
2018-04-25,35061.15,2952.32
2018-04-26,35587.66,3001.37
2018-04-27,35608.25,3013.37
2018-04-30,35474.07,3000.39
2018-05-02,34840.69,2962.0
2018-05-03,34312.08,2908.05
2018-05-04,34221.45,2913.44
2018-05-07,34062.51,2903.89
2018-05-08,34154.09,2912.61
2018-05-09,34674.24,2902.62
2018-05-10,35323.45,2948.38
2018-05-11,35054.12,2946.6
2018-05-14,35015.79,2913.99
2018-05-15,34946.38,2905.98
2018-05-16,35509.41,2949.53
2018-05-17,34314.76,2859.09
2018-05-18,34090.91,2843.55
2018-05-21,33612.14,2829.26
2018-05-22,34018.9,2867.0
2018-05-23,33259.95,2830.46
2018-05-24,32946.59,2870.77
2018-05-25,32470.34,2835.66
2018-05-28,31003.17,2735.96
2018-05-29,31315.44,2719.36
2018-05-30,31604.53,2761.8
2018-06-01,31825.11,2815.49
2018-06-04,32396.0,2826.21
2018-06-05,31595.0,2746.67
2018-06-06,31350.63,2730.96
2018-06-07,30425.54,2677.3
2018-06-08,30080.29,2682.54
2018-06-11,29820.37,2656.32
2018-06-12,29985.82,2652.1
2018-06-13,29737.49,2633.13
2018-06-14,29457.39,2622.76
2018-06-15,29176.8,2644.63
2018-06-18,28788.78,2607.45
2018-06-19,29434.81,2654.77
2018-06-20,29730.97,2679.42
2018-06-21,28900.39,2629.69
2018-06-22,29141.34,2635.52
2018-06-25,29268.36,2656.28
2018-06-26,29452.14,2664.79
2018-06-27,29126.83,2632.81
2018-06-28,29569.38,2675.4
2018-06-29,29962.77,2713.38
2018-07-02,29976.07,2688.31
2018-07-03,30310.46,2717.89
2018-07-04,30742.26,2731.56
2018-07-05,30664.81,2728.05
2018-07-06,30852.87,2735.9
2018-07-10,30804.45,2763.81
2018-07-11,30630.36,2754.06
2018-07-12,31210.9,2775.81
2018-07-13,31521.47,2809.27
2018-07-16,31564.28,2817.36
2018-07-17,32162.1,2854.87
2018-07-18,31862.28,2832.23
2018-07-19,31910.61,2852.42
2018-07-20,32379.46,2873.82
2018-07-23,32161.99,2848.44
2018-07-24,32614.06,2872.25
2018-07-25,33054.86,2889.3
2018-07-26,32712.12,2837.3
2018-07-27,32873.75,2831.99
2018-07-30,33024.76,2839.85
2018-07-31,32610.22,2801.71
2018-08-01,32656.28,2813.54
2018-08-02,32786.3,2806.65
2018-08-03,33500.78,2852.53
2018-08-06,33346.74,2843.28
2018-08-07,33075.5,2812.92
2018-08-08,32597.95,2791.06
2018-08-09,32443.12,2791.58
2018-08-10,31523.04,2707.55
2018-08-13,31906.93,2737.85
2018-08-14,32386.24,2789.01
2018-08-15,31783.42,2755.93
2018-08-16,31690.31,2757.51
2018-08-17,31368.72,2720.99
2018-08-20,31488.17,2728.72
2018-08-21,31006.11,2691.44
2018-08-22,31674.74,2740.41
2018-08-23,31140.71,2715.17
2018-08-24,31381.73,2728.05
2018-08-27,32065.15,2776.31
2018-08-28,31892.05,2767.48
2018-08-29,32266.57,2783.6
2018-08-30,31464.75,2737.81
2018-08-31,31591.01,2747.73
2018-09-03,31402.68,2730.15
2018-09-04,30801.9,2697.92
2018-09-05,30970.54,2700.0
2018-09-06,31495.32,2742.4
2018-09-10,31522.81,2733.0
2018-09-11,30803.27,2685.3
2018-09-12,30970.29,2685.39
2018-09-13,30778.71,2656.69
2018-09-14,31058.43,2671.73
2018-09-17,31603.05,2713.37
2018-09-18,32192.54,2733.48
2018-09-19,32142.12,2692.95
2018-09-20,32113.62,2678.57
2018-09-21,32648.41,2719.14
2018-09-24,32056.54,2671.6
2018-09-25,32299.71,2677.57
2018-09-26,32327.27,2681.25
2018-09-27,32863.99,2719.81
2018-09-28,32611.26,2694.22
2018-10-01,32302.32,2665.01
2018-10-02,33507.87,2756.87
2018-10-03,34182.72,2806.85
2018-10-04,34071.58,2794.9
2018-10-05,33827.71,2780.25
2018-10-08,35353.03,2902.61
2018-10-09,35340.33,2869.01
2018-10-10,34362.86,2814.13
2018-10-11,34072.18,2797.5
2018-10-15,34242.18,2798.35
2018-10-16,35194.91,2869.49
2018-10-17,35225.39,2871.89
2018-10-18,34504.71,2851.22
2018-10-19,34683.77,2862.59
2018-10-22,35230.57,2883.27
2018-10-23,35123.08,2895.41
2018-10-24,34236.79,2848.82
2018-10-25,34648.56,2883.36
2018-10-26,35290.6,2893.77
2018-10-29,34529.34,2850.3
2018-10-30,35793.17,2960.34
2018-10-31,36009.32,2973.73
2018-11-01,36429.84,3001.22
2018-11-05,36906.37,3036.33
2018-11-06,36530.89,3016.09
2018-11-07,36149.27,2986.39
2018-11-08,35305.35,2921.16
2018-11-09,35330.5,2936.97
2018-11-12,35301.88,2926.7
2018-11-13,35083.18,2920.86
2018-11-14,35503.52,2944.93
2018-11-16,36528.57,3015.69
2018-11-19,36282.79,2993.96
2018-11-21,36041.93,2989.32
2018-11-22,36148.27,3001.76
2018-11-23,35666.48,3001.58
2018-11-26,35383.49,2970.94
2018-11-27,36322.08,3038.04
2018-11-28,36884.62,3080.79
2018-11-29,37063.6,3112.94
2018-11-30,36967.81,3097.42
2018-12-03,37103.6,3100.35
2018-12-04,36644.09,3064.28
2018-12-05,36825.54,3079.51
2018-12-06,36763.38,3085.95
2018-12-07,36465.8,3055.87
2018-12-10,35594.64,3003.01
2018-12-11,35818.41,3028.01
2018-12-12,36058.6,3041.58
2018-12-13,36384.87,3070.11
2018-12-14,36228.65,3068.16
2018-12-17,35788.89,3020.26
2018-12-18,35906.24,3049.12
2018-12-19,35521.92,3039.05
2018-12-20,35400.18,3044.74
2018-12-21,35572.9,3058.61
2018-12-26,35356.12,3028.63
2018-12-27,35503.96,3041.96
2018-12-28,36491.43,3108.65
2019-01-02,37744.23,3200.74
2019-01-03,37975.7,3218.26
2019-01-04,38060.76,3205.01
2019-01-07,37985.82,3180.98
2019-01-08,38106.82,3209.38
2019-01-09,38745.85,3273.13
2019-01-10,38840.22,3284.49
2019-01-11,38808.62,3267.43
2019-01-14,39159.61,3299.97
2019-01-15,39003.67,3267.84
2019-01-16,39142.98,3268.15
2019-01-17,39525.99,3303.4
2019-01-18,39822.1,3327.84
2019-01-21,39785.95,3327.83
2019-01-22,39429.81,3306.92
2019-01-23,40007.41,3352.08
2019-01-24,40481.81,3413.66
2019-01-28,39639.55,3312.97
2019-01-29,39685.57,3343.2
2019-01-30,40230.99,3390.17
2019-01-31,40400.91,3394.47
2019-02-01,40592.66,3413.18
2019-02-04,40908.1,3411.45
2019-02-05,40786.55,3398.02
2019-02-06,39315.39,3256.12
2019-02-07,39192.94,3253.8
2019-02-08,39593.66,3285.24
2019-02-11,39217.87,3268.83
2019-02-12,39928.45,3298.12
2019-02-13,39785.25,3271.26
2019-02-14,40647.23,3332.59
2019-02-15,40456.77,3313.52
2019-02-18,40081.58,3292.16
2019-02-19,40518.67,3333.75
2019-02-20,40062.53,3277.08
2019-02-21,40208.15,3287.01
2019-02-22,40583.58,3332.42
2019-02-25,40363.64,3311.23
2019-02-26,40504.4,3323.37
2019-02-27,40370.65,3332.17
2019-02-28,39688.74,3274.65
2019-03-01,39307.83,3245.19
2019-03-06,39140.1,3216.3
2019-03-07,39161.78,3185.71
2019-03-08,39607.13,3248.94
2019-03-11,40666.03,3314.88
2019-03-12,40612.06,3305.76
2019-03-13,41025.75,3327.19
2019-03-14,40916.68,3315.54
2019-03-15,41121.35,3325.98
2019-03-18,41471.36,3341.03
2019-03-19,41325.09,3324.05
2019-03-20,40684.05,3269.35
2019-03-21,40146.79,3205.34
2019-03-22,38953.24,3109.97
2019-03-25,38937.71,3091.39
2019-03-26,39604.02,3134.56
2019-03-27,38206.8,3019.42
2019-03-28,39202.85,3114.06
2019-03-29,39643.35,3145.5
2019-04-01,39908.17,3166.33
2019-04-02,39640.09,3121.29
2019-04-03,39303.14,3105.97
2019-04-04,40011.85,3170.3
2019-04-05,40338.78,3192.14
2019-04-08,40427.94,3175.75
2019-04-09,39983.3,3131.72
2019-04-10,39854.67,3135.34
2019-04-11,39387.67,3116.07
2019-04-12,38648.2,3068.46
2019-04-15,38723.56,3056.94
2019-04-16,39213.29,3065.82
2019-04-17,38771.46,3032.58
2019-04-18,39268.1,3075.88
2019-04-22,39304.52,3081.94
2019-04-23,39856.18,3118.65
2019-04-24,39525.39,3076.53
2019-04-25,40127.16,3135.09
2019-04-26,40003.17,3132.13
2019-04-29,39984.15,3135.06
2019-04-30,40062.33,3139.54
2019-05-02,39771.52,3111.46
2019-05-03,39954.92,3110.35
2019-05-06,39572.07,3095.95
2019-05-07,39332.06,3077.63
2019-05-08,39824.0,3104.44
2019-05-09,39525.72,3080.46
2019-05-10,39300.51,3064.87
2019-05-13,38275.56,2987.11
2019-05-14,38422.63,3000.09
2019-05-15,38226.03,2995.04
2019-05-16,37565.26,2947.67
2019-05-17,37536.59,2935.43
2019-05-20,38337.63,3031.5
2019-05-21,39394.81,3120.61
2019-05-22,39359.39,3122.06
2019-05-23,39167.87,3098.88
2019-05-24,39036.83,3078.22
2019-05-27,39531.49,3111.07
2019-05-28,40172.71,3159.83
2019-05-29,40263.12,3171.63
2019-05-30,40647.77,3192.29
2019-05-31,40519.55,3217.94
2019-06-03,40517.57,3202.83
2019-06-04,40667.47,3177.45
2019-06-05,40131.53,3145.06
2019-06-06,40609.08,3180.13
2019-06-07,40871.43,3204.42
2019-06-10,40723.97,3193.64
2019-06-11,41295.26,3230.13
2019-06-12,41038.57,3211.13
2019-06-13,41244.8,3235.33
2019-06-14,40943.29,3215.16
2019-06-17,40794.18,3200.85
2019-06-18,41505.88,3250.38
2019-06-19,41874.37,3295.37
2019-06-21,42537.45,3332.29
2019-06-24,42567.72,3335.71
2019-06-25,41766.78,3274.54
2019-06-26,41988.75,3295.55
2019-06-27,42034.64,3301.59
2019-06-28,42180.16,3308.6
2019-07-01,42300.83,3295.82
2019-07-02,42018.66,3296.88
2019-07-03,42600.99,3336.91
2019-07-04,43270.01,3394.52
2019-07-05,43487.65,3415.58
2019-07-08,43706.27,3425.78
2019-07-10,44249.18,3493.65
2019-07-11,43991.98,3482.51
2019-07-12,43475.61,3451.66
2019-07-15,43413.93,3433.16
2019-07-16,43408.77,3440.91
2019-07-17,43458.72,3457.92
2019-07-18,43818.41,3474.08
2019-07-19,43303.22,3429.21
2019-07-22,43490.66,3427.31
2019-07-23,43399.41,3404.91
2019-07-24,43547.67,3439.39
2019-07-25,42951.64,3388.99
2019-07-26,43006.6,3422.08
2019-07-29,43292.46,3441.42
2019-07-30,43111.22,3450.5
2019-07-31,42672.69,3433.77
2019-08-01,42812.74,3492.35
2019-08-02,43027.06,3501.98
2019-08-05,41982.27,3432.37
2019-08-06,42860.5,3502.87
2019-08-07,43134.8,3504.75
2019-08-08,43719.53,3532.44
2019-08-09,43696.04,3536.26
2019-08-12,42845.3,3472.69
2019-08-13,43383.29,3524.64
2019-08-14,42154.38,3420.15
2019-08-15,41638.22,3381.83
2019-08-16,41970.21,3427.44
2019-08-19,41837.22,3402.42
2019-08-20,41747.78,3411.66
2019-08-21,42549.02,3486.08
2019-08-22,42101.68,3444.05
2019-08-23,41112.32,3371.64
2019-08-26,40555.2,3325.18
2019-08-27,40932.0,3348.73
2019-08-28,41302.1,3392.36
2019-08-29,42270.96,3474.62
2019-08-30,42602.77,3509.56
2019-09-02,42424.78,3510.46
2019-09-03,42010.85,3461.96
2019-09-04,42595.23,3509.33
2019-09-05,43005.18,3533.98
2019-09-06,43246.32,3520.88
2019-09-09,43241.11,3488.42
2019-09-10,43189.57,3480.06
2019-09-11,43439.35,3534.62
2019-09-12,43802.51,3545.45
2019-09-13,43439.89,3499.54
2019-09-16,43494.24,3506.07
2019-09-17,43904.75,3564.14
2019-09-18,43887.68,3584.19
2019-09-19,43853.1,3589.1
2019-09-20,44021.54,3592.76
2019-09-23,43933.11,3583.3
2019-09-24,43617.04,3556.74
2019-09-25,43822.79,3561.09
2019-09-26,44171.53,3576.77
2019-09-27,44077.14,3574.06
2019-09-30,43971.65,3581.13
2019-10-01,43674.26,3547.09
2019-10-02,42445.72,3456.95
2019-10-03,42654.99,3472.97
2019-10-04,43074.34,3497.9
2019-10-07,42255.88,3418.09
2019-10-08,42000.52,3402.35
2019-10-09,42537.27,3434.75
2019-10-10,42738.21,3432.1
2019-10-11,43572.75,3509.81
2019-10-14,43769.6,3520.54
2019-10-15,43802.54,3531.02
2019-10-16,44183.26,3577.63
2019-10-17,44041.55,3568.56
2019-10-18,43947.39,3568.47
2019-10-21,44459.99,3584.56
2019-10-22,44980.09,3605.6
2019-10-23,45025.39,3609.1
2019-10-24,44813.23,3586.29
2019-10-25,44935.46,3578.11
2019-10-28,45266.46,3587.89
2019-10-29,45036.06,3566.52
2019-10-30,45403.3,3596.19
2019-10-31,44939.87,3566.05
2019-11-01,45358.68,3597.52
2019-11-04,45563.59,3621.77
2019-11-05,45485.47,3615.03
2019-11-06,45379.43,3649.47
2019-11-07,45853.88,3715.03
2019-11-08,45075.43,3666.25
2019-11-11,45385.0,3709.26
2019-11-12,44722.16,3643.84
2019-11-13,44432.55,3645.44
2019-11-14,44658.15,3680.56
2019-11-18,44541.35,3663.1
2019-11-19,44383.24,3650.9
2019-11-21,45059.75,3678.12
2019-11-22,45528.67,3698.26
2019-11-25,45426.94,3703.95
2019-11-26,44861.32,3661.92
2019-11-27,45127.48,3690.55
2019-11-28,45383.23,3731.1
2019-11-29,45374.96,3748.84
2019-12-02,45633.74,3764.15
2019-12-03,45671.13,3784.94
2019-12-04,46213.98,3826.44
2019-12-05,46361.23,3852.17
2019-12-06,46586.7,3887.81
2019-12-09,46521.94,3882.92
2019-12-10,46389.46,3870.89
2019-12-11,46542.27,3897.94
2019-12-12,47038.13,3946.67
2019-12-13,47212.92,4000.1
2019-12-16,46985.26,3989.69
2019-12-17,47258.74,3996.43
2019-12-18,47976.84,4033.12
2019-12-19,48333.17,4070.28
2019-12-20,48345.59,4074.14
2019-12-23,48679.43,4123.83
2019-12-26,49256.14,4178.11
2019-12-27,49000.07,4160.46
2019-12-30,48675.42,4140.26
2020-01-02,49892.99,4203.7
2020-01-03,49609.37,4210.37
2020-01-06,49299.33,4173.02
2020-01-07,49210.82,4170.82
2020-01-08,49029.99,4167.1
2020-01-09,48927.06,4154.49
2020-01-10,48778.81,4166.41
2020-01-13,49519.69,4228.37
2020-01-14,49655.09,4252.84
2020-01-15,49174.44,4220.34
2020-01-16,49316.8,4247.5
2020-01-17,50027.26,4295.14
2020-01-20,50203.8,4330.47
2020-01-21,49468.42,4290.81
2020-01-22,50017.8,4349.49
2020-01-23,50491.6,4399.74
2020-01-24,50012.56,4375.85
2020-01-27,48400.42,4271.95
2020-01-28,49238.6,4325.19
2020-01-29,48786.8,4290.62
2020-01-30,48801.2,4256.4
2020-01-31,48065.13,4182.17
2020-02-03,48461.06,4232.75
2020-02-04,48858.24,4247.87
2020-02-05,49068.23,4279.15
2020-02-06,48689.25,4219.48
2020-02-07,48071.11,4152.99
2020-02-10,47508.39,4113.32
2020-02-11,48710.15,4225.42
2020-02-12,49268.44,4287.57
2020-02-13,48858.26,4282.63
2020-02-14,48345.95,4244.13
2020-02-17,48749.53,4256.03
2020-02-18,48626.93,4254.86
2020-02-19,49266.44,4324.32
2020-02-20,48469.52,4255.92
2020-02-21,48123.64,4277.73
2020-02-26,44791.75,4020.92
2020-02-27,43628.32,3898.45
2020-02-28,44113.94,3941.63
2020-03-02,45195.63,4047.82
2020-03-03,44736.81,4031.03
2020-03-04,45504.97,4121.86
2020-03-05,43365.7,3936.28
2020-03-06,41554.68,3767.92
2020-03-09,36525.57,3410.15
2020-03-10,39093.08,3626.06
2020-03-11,36155.35,3399.69
2020-03-12,30772.73,2900.81
2020-03-13,35005.14,3236.17
2020-03-16,30205.74,2762.62
2020-03-17,31621.84,2906.22
2020-03-18,28282.11,2605.94
2020-03-19,28910.95,2688.81
2020-03-20,28404.31,2624.18
2020-03-23,26895.8,2470.02
2020-03-24,29402.93,2641.15
2020-03-25,31581.45,2840.93
2020-03-26,32827.54,2966.01
2020-03-27,31054.7,2802.18
2020-03-30,31522.41,2814.25
2020-03-31,30840.55,2739.22
2020-04-01,29954.66,2657.52
2020-04-02,30477.08,2702.89
2020-04-03,29359.96,2602.65
2020-04-06,31249.99,2792.2
2020-04-07,32207.07,2906.49
2020-04-08,33163.08,3013.41
2020-04-09,32813.18,2986.95
2020-04-13,33273.96,3004.25
2020-04-14,33767.63,3072.45
2020-04-15,33329.67,3052.71
2020-04-16,32917.83,3025.16
2020-04-17,33387.77,3038.83
2020-04-20,33410.73,3070.94
2020-04-22,34157.17,3173.74
2020-04-23,33718.19,3108.76
2020-04-24,31852.88,2916.45
2020-04-27,33083.91,3053.56
2020-04-28,34385.94,3153.5
2020-04-29,35151.05,3201.77
2020-04-30,34006.82,3084.64
2020-05-04,33312.18,3043.98
2020-05-05,33560.76,3064.6
2020-05-06,33357.88,3069.7
2020-05-07,32914.18,2993.62
2020-05-08,33789.05,3033.39
2020-05-11,33300.0,3005.6
2020-05-12,32785.11,2938.29
2020-05-13,32720.72,2967.07
2020-05-14,33251.6,3041.11
2020-05-15,32670.63,2973.08
2020-05-18,34222.72,3076.33
2020-05-19,34040.96,3060.48
2020-05-20,34268.99,3094.01
2020-05-21,35025.86,3176.34
2020-05-22,34683.43,3129.69
2020-05-25,36167.47,3270.82
2020-05-26,36096.84,3297.55
2020-05-27,37151.27,3388.84
2020-05-28,36732.41,3360.09
2020-05-29,36903.25,3350.37
2020-06-01,37428.01,3405.57
2020-06-02,38435.37,3476.75
2020-06-03,39287.64,3521.13
2020-06-04,39622.49,3534.6
2020-06-05,39960.35,3567.65
2020-06-08,41240.74,3680.37
2020-06-09,40859.84,3659.97
2020-06-10,39971.83,3587.29
2020-06-12,39182.38,3528.73
2020-06-15,39024.7,3511.65
2020-06-16,39481.22,3540.93
2020-06-17,40345.86,3646.79
2020-06-18,40593.34,3657.79
2020-06-19,40795.38,3672.91
2020-06-22,40330.7,3617.51
2020-06-23,40588.98,3610.34
2020-06-24,39913.31,3544.4
2020-06-25,40585.66,3617.64
2020-06-26,39674.56,3537.78
2020-06-29,40472.57,3571.03
2020-06-30,40213.02,3569.77
2020-07-01,40728.68,3639.83
2020-07-02,40741.76,3638.18
2020-07-03,40982.17,3665.72
2020-07-06,41876.71,3736.81
2020-07-07,41387.13,3692.13
2020-07-08,42221.46,3768.71
2020-07-09,41970.26,3782.27
2020-07-10,42324.81,3781.46
2020-07-13,41775.92,3714.11
2020-07-14,42478.64,3715.0
2020-07-15,43049.55,3755.3
2020-07-16,42553.82,3732.37
2020-07-17,43514.52,3857.64
2020-07-20,44161.83,3930.71
2020-07-21,44120.86,3915.42
2020-07-22,44129.61,3985.36
2020-07-23,43300.18,3898.22
2020-07-24,43320.86,3885.76
2020-07-27,44172.86,3945.99
2020-07-28,44007.03,3933.84
2020-07-29,44629.2,3990.57
2020-07-30,44424.85,3998.43
2020-07-31,43596.81,3956.81
2020-08-03,43537.32,3941.17
2020-08-04,42856.43,3875.9
2020-08-05,43528.36,3917.85
2020-08-06,44112.53,4010.85
2020-08-07,43560.98,3964.82
2020-08-10,43802.84,3968.9
2020-08-11,43315.99,3931.01
2020-08-12,43257.83,3915.71
2020-08-13,42584.95,3870.74
2020-08-14,42949.4,3898.28
2020-08-17,42159.04,3810.23
2020-08-18,43220.07,3878.18
2020-08-19,42721.8,3825.05
2020-08-20,42983.72,3845.39
2020-08-21,43026.66,3880.34
2020-08-24,43327.36,3903.29
2020-08-25,43279.59,3919.67
2020-08-26,42660.21,3841.65
2020-08-27,42661.71,3831.52
2020-08-28,43291.2,3902.38
2020-08-31,42125.27,3801.06
2020-09-01,43292.51,3911.09
2020-09-02,43209.23,3914.54
2020-09-03,42700.41,3860.19
2020-09-04,42911.37,3873.18
2020-09-08,42443.22,3852.13
2020-09-09,42964.68,3911.38
2020-09-10,41911.44,3815.53
2020-09-11,41692.51,3767.04
2020-09-14,42518.15,3852.75
2020-09-15,42516.29,3846.64
2020-09-16,42263.52,3821.34
2020-09-17,42437.65,3817.2
2020-09-18,41698.27,3730.0
2020-09-21,41170.08,3713.55
2020-09-22,41309.14,3723.36
2020-09-23,40690.57,3637.8
2020-09-24,41232.18,3687.4
2020-09-25,41216.42,3668.54
2020-09-28,40227.47,3573.04
2020-09-29,39770.43,3570.92
2020-09-30,40195.6,3594.96
2020-10-01,40566.42,3622.64
2020-10-02,39958.1,3588.27
2020-10-05,40817.22,3644.21
2020-10-06,40615.98,3647.72
2020-10-07,40580.15,3635.83
2020-10-08,41583.08,3710.08
2020-10-09,41434.43,3709.22
2020-10-13,41835.66,3761.53
2020-10-14,42203.61,3789.15
2020-10-15,42103.76,3798.66
2020-10-16,41804.58,3795.12
2020-10-19,41952.46,3791.14
2020-10-20,42749.12,3845.53
2020-10-21,42745.65,3801.57
2020-10-22,43294.98,3866.59
2020-10-23,43028.67,3855.69
2020-10-26,42941.42,3863.17
2020-10-27,42373.3,3814.57
2020-10-28,40600.54,3665.52
2020-10-29,41097.03,3673.93
2020-10-30,39975.69,3559.31
2020-11-03,40848.49,3605.77
2020-11-04,41700.95,3719.23
2020-11-05,42925.34,3854.52
2020-11-06,43022.74,3849.24
2020-11-09,44012.79,3929.46
2020-11-10,44618.31,3957.37
2020-11-11,44489.45,3928.56
2020-11-12,43524.48,3862.57
2020-11-13,44465.26,3945.15
2020-11-16,45150.31,3986.55
2020-11-17,45473.17,4007.79
2020-11-18,45014.67,3966.84
2020-11-19,45249.83,3949.47
2020-11-20,44977.69,3905.21
2020-11-23,45536.25,3898.11
2020-11-24,46526.21,3935.81
2020-11-25,46685.74,3947.26
2020-11-26,46734.4,3942.57
2020-11-27,46866.48,3962.77
2020-11-30,46155.12,3881.22
2020-12-01,47179.89,3933.63
2020-12-02,47398.67,3940.54
2020-12-03,47552.74,3963.57
2020-12-04,48142.81,3970.26
2020-12-07,48066.65,3959.93
2020-12-08,48143.23,3987.3
2020-12-09,47803.19,3955.3
2020-12-10,48682.05,3992.84
2020-12-11,48708.53,4018.59
2020-12-14,48494.99,4013.01
2020-12-15,49137.86,4063.84
2020-12-16,49852.3,4113.1
2020-12-17,50059.88,4129.95
2020-12-18,49908.23,4100.35
2020-12-21,48992.6,4024.87
2020-12-22,49309.47,4042.14
2020-12-23,49826.1,4089.96
2020-12-28,50391.7,4151.07
2020-12-29,50513.12,4152.97
2020-12-30,50379.31,4153.31
2021-01-04,50486.0,4109.78
2021-01-05,50745.16,4120.56
2021-01-06,50723.34,4086.89
2021-01-07,52255.27,4171.3
2021-01-08,53302.19,4286.67
2021-01-11,52607.62,4196.82
2021-01-12,52786.58,4243.35
2021-01-13,51882.41,4193.74
2021-01-14,52558.93,4239.35
2021-01-15,51178.93,4163.57
2021-01-18,51547.22,4208.01
2021-01-19,51295.1,4200.08
2021-01-20,50836.19,4169.0
2021-01-21,50371.11,4108.06
2021-01-22,49984.59,4071.43
2021-01-26,49566.16,4049.75
2021-01-27,49212.87,4049.23
2021-01-28,50470.55,4128.74
2021-01-29,48854.26,4009.9
2021-02-01,49955.3,4079.35
2021-02-02,50090.04,4133.9
2021-02-03,50789.48,4192.88
2021-02-04,50564.04,4171.44
2021-02-05,51103.92,4178.18
2021-02-08,50952.51,4151.84
2021-02-09,50858.82,4135.29
2021-02-10,50442.64,4120.82
2021-02-11,50703.62,4184.8
2021-02-12,50778.68,4184.99
2021-02-17,51232.04,4194.92
2021-02-18,50834.91,4147.15
2021-02-19,50580.62,4120.96
2021-02-22,48265.9,3966.82
2021-02-23,49299.25,4045.77
2021-02-24,49516.75,4061.23
2021-02-25,48084.58,3932.71
2021-02-26,47167.32,3840.9
2021-03-01,47440.03,3829.19
2021-03-02,48022.91,3835.89
2021-03-03,47822.55,3821.77
2021-03-04,48339.0,3882.07
2021-03-05,49542.77,3937.28
2021-03-08,47700.8,3787.38
2021-03-09,47918.01,3817.51
2021-03-10,48426.84,3858.83
2021-03-11,49423.03,3922.35
2021-03-12,48991.48,3913.59
2021-03-15,49249.31,3959.34
2021-03-16,48925.07,3943.53
2021-03-17,49968.73,4028.29
2021-03-18,49208.79,3967.15
2021-03-19,49702.79,4019.79
2021-03-22,49170.82,3985.38
2021-03-23,48416.85,3946.1
2021-03-24,48029.67,3893.55
2021-03-25,48654.98,3956.36
2021-03-26,49189.27,3965.14
2021-03-29,49524.28,3974.9
2021-03-30,50060.03,4027.35
2021-03-31,50014.2,3999.96
2021-04-01,49472.33,3971.25
2021-04-05,50607.54,4010.69
2021-04-06,50559.27,4021.94
2021-04-07,50711.48,3998.68
2021-04-08,50990.64,4015.07
2021-04-09,50667.09,3998.59
2021-04-12,51119.8,4028.24
2021-04-13,51320.1,4053.68
2021-04-14,51835.75,4060.29
2021-04-15,52047.04,4075.83
2021-04-16,52249.06,4085.49
2021-04-19,52144.76,4092.69
2021-04-20,51746.33,4065.45
2021-04-22,51468.74,3999.39
2021-04-23,52009.1,4037.16
2021-04-26,52054.22,4024.25
2021-04-27,51639.82,3969.74
2021-04-28,52371.05,3997.28
2021-04-29,52005.57,3966.35
2021-04-30,51432.65,3961.88
2021-05-03,51515.84,3969.79
2021-05-04,51036.58,3904.93
2021-05-05,51782.29,3963.18
2021-05-06,52122.92,3936.37
2021-05-07,52938.45,4004.57
2021-05-10,52808.84,3997.82
2021-05-11,53424.43,4019.91
2021-05-12,51916.73,3932.73
2021-05-13,52200.79,3985.97
2021-05-14,52538.84,4020.69
2021-05-17,53099.86,4054.2
2021-05-18,53179.99,4052.13
2021-05-19,52909.02,4065.71
2021-05-20,52908.84,4055.61
2021-05-21,52772.87,4080.32
2021-05-24,53422.16,4121.71
2021-05-25,52860.63,4121.93
2021-05-26,53398.56,4123.82
2021-05-27,53580.93,4140.27
2021-05-28,54059.02,4180.52
2021-05-31,54478.49,4176.0
2021-06-01,55155.54,4262.92
2021-06-02,55738.78,4305.02
2021-06-04,55847.6,4336.48
2021-06-07,56006.73,4376.6
2021-06-08,55543.8,4352.54
2021-06-09,55716.39,4359.36
2021-06-10,55770.39,4369.84
2021-06-11,55644.69,4336.46
2021-06-14,55917.27,4380.04
2021-06-15,55751.1,4393.14
2021-06-16,55278.36,4362.8
2021-06-17,54726.29,4313.09
2021-06-18,55026.33,4330.52
2021-06-21,55409.24,4362.28
2021-06-22,55298.55,4325.46
2021-06-23,55272.12,4291.69
2021-06-24,55672.74,4343.48
2021-06-25,54893.33,4256.36
2021-06-28,54878.07,4273.43
2021-06-29,54956.13,4252.66
2021-06-30,54822.42,4229.45
2021-07-01,54268.54,4211.35
2021-07-02,55146.58,4260.86
2021-07-05,54852.82,4242.31
2021-07-06,54189.32,4177.85
2021-07-07,54931.85,4245.2
2021-07-08,54294.55,4191.61
2021-07-12,55205.76,4250.53
2021-07-13,55448.32,4251.62
2021-07-14,55546.97,4246.96
2021-07-15,55229.48,4200.4
2021-07-16,54548.78,4173.32
2021-07-19,53891.14,4117.54
2021-07-20,54324.61,4146.91
2021-07-21,54595.11,4143.73
2021-07-22,54685.91,4158.66
2021-07-23,54231.01,4118.64
2021-07-26,54709.21,4127.83
2021-07-27,54024.55,4094.74
2021-07-28,54814.15,4139.9
2021-07-29,54488.83,4108.82
2021-07-30,52632.97,4013.12
2021-08-02,52939.04,4036.65
2021-08-03,53533.51,4046.88
2021-08-04,52857.54,3995.18
2021-08-05,52601.18,4008.87
2021-08-06,53083.94,4033.19
2021-08-09,53143.19,4053.52
2021-08-10,52892.98,4018.71
2021-08-11,52780.16,4026.16
2021-08-12,52232.88,3991.56
2021-08-13,52361.28,4019.94
2021-08-16,51603.26,3953.09
2021-08-17,50993.3,3934.01
2021-08-18,50330.11,3892.97
2021-08-19,50246.16,3942.34
2021-08-20,50607.17,3974.12
2021-08-23,50316.53,3966.91
2021-08-24,51535.24,4054.03
2021-08-25,51726.62,4093.35
2021-08-26,50881.79,4043.36
2021-08-27,51783.57,4088.24
2021-08-30,51383.71,4061.81
2021-08-31,50920.04,4017.02
2021-09-01,51154.36,4049.64
2021-09-02,50118.26,3951.92
2021-09-03,50174.57,3967.08
2021-09-06,50523.12,4005.63
2021-09-08,48681.88,3864.41
2021-09-09,49445.49,3948.7
2021-09-10,49013.26,3924.53
2021-09-13,49877.12,3988.01
2021-09-14,49764.24,3983.72
2021-09-15,49240.23,3942.14
2021-09-16,48616.81,3908.74
2021-09-17,47623.99,3839.06
2021-09-20,46488.7,3777.35
2021-09-21,47092.49,3837.93
2021-09-22,47983.73,3891.3
2021-09-23,48693.65,3961.6
2021-09-24,48343.84,3938.26
2021-09-27,48482.03,3951.19
2021-09-28,46969.84,3873.27
2021-09-29,47389.38,3892.13
2021-09-30,47360.36,3884.01
2021-10-01,48123.07,3936.73
2021-10-04,47094.27,3863.94
2021-10-05,47090.26,3860.68
2021-10-06,47204.26,3845.67
2021-10-07,47275.79,3829.45
2021-10-08,48193.05,3904.94
2021-10-11,47981.03,3893.12
2021-10-13,48420.7,3971.0
2021-10-14,48308.63,3952.14
2021-10-15,48933.55,3992.47
2021-10-18,48829.66,4002.36
2021-10-19,47296.93,3868.03
2021-10-20,47255.38,3893.73
2021-10-21,45972.53,3777.08
2021-10-22,45423.06,3726.21
2021-10-25,46441.63,3803.11
2021-10-26,45469.48,3735.81
2021-10-27,45395.82,3732.54
2021-10-28,45091.54,3697.0
2021-10-29,44133.83,3632.21
2021-11-01,44975.73,3693.94
2021-11-03,44856.8,3755.25
2021-11-04,43893.45,3674.1
2021-11-05,44391.67,3720.51
2021-11-08,44504.99,3695.73
2021-11-09,44751.3,3739.48
2021-11-10,44915.57,3759.12
2021-11-11,45644.8,3796.69
2021-11-12,45141.99,3744.98
2021-11-16,44287.5,3691.46
2021-11-17,43658.28,3638.67
2021-11-18,43362.92,3647.83
2021-11-19,43668.86,3675.32
2021-11-22,43409.8,3603.4
2021-11-23,44079.32,3645.35
2021-11-24,44459.98,3660.18
2021-11-25,44969.22,3714.86
2021-11-26,43472.94,3611.26
2021-11-29,43742.04,3630.04
2021-11-30,43387.81,3607.97
2021-12-01,42913.78,3581.24
2021-12-02,44500.98,3675.72
2021-12-03,44696.6,3706.91
2021-12-06,45512.17,3754.15
2021-12-07,45825.9,3777.04
2021-12-08,46025.35,3809.57
2021-12-09,45281.77,3741.71
2021-12-10,45888.68,3776.67
2021-12-13,45799.15,3741.75
2021-12-14,45522.52,3717.85
2021-12-15,45768.58,3752.93
2021-12-16,46215.12,3771.84
2021-12-17,45727.99,3764.98
2021-12-20,44831.59,3689.12
2021-12-21,45094.36,3686.38
2021-12-22,44946.99,3677.08
2021-12-23,44782.38,3676.52
2021-12-27,45068.55,3692.9
2021-12-28,44736.42,3684.36
2021-12-29,44436.98,3652.16
2021-12-30,44749.56,3670.5
2022-01-03,44395.92,3599.78
2022-01-04,44197.02,3566.69
2022-01-05,43151.79,3466.83
2022-01-06,43408.89,3455.92
2022-01-07,43978.52,3443.0
2022-01-10,43631.34,3411.03
2022-01-11,44438.49,3459.07
2022-01-12,45253.43,3532.42
2022-01-13,45183.29,3520.3
2022-01-14,45763.9,3544.55
2022-01-17,45511.69,3523.51
2022-01-18,45669.45,3502.35
2022-01-19,46257.6,3575.08
2022-01-20,46683.37,3641.94
2022-01-21,46582.56,3645.57
2022-01-24,46144.28,3612.22
2022-01-25,47098.33,3696.52
2022-01-26,47571.47,3711.57
2022-01-27,48110.23,3769.26
2022-01-28,47791.58,3760.08
2022-01-31,47822.25,3812.17
2022-02-01,48383.1,3793.98
2022-02-02,47852.24,3731.05
2022-02-03,47769.81,3738.6
2022-02-04,48040.95,3704.76
2022-02-07,47980.2,3673.28
2022-02-08,48092.02,3692.32
2022-02-09,48203.75,3723.32
2022-02-10,48631.66,3732.06
2022-02-11,48696.6,3704.81
2022-02-14,48804.67,3726.09
2022-02-15,49118.18,3795.88
2022-02-16,49292.08,3815.35
2022-02-17,48537.73,3785.12
2022-02-18,48267.14,3754.45
2022-02-21,47814.67,3668.78
2022-02-22,48317.24,3701.33
2022-02-23,47983.07,3692.91
2022-02-24,47794.7,3689.04
2022-02-25,48520.15,3681.58
2022-03-02,49522.11,3680.96
2022-03-03,49516.25,3674.62
2022-03-04,49278.16,3618.56
2022-03-07,48135.56,3479.82
2022-03-08,47893.17,3524.33
2022-03-09,48923.13,3670.06
2022-03-10,48913.54,3620.78
2022-03-11,48102.43,3560.66
2022-03-14,47252.81,3536.51
2022-03-15,46802.7,3538.86
2022-03-16,47714.33,3621.22
2022-03-17,48551.32,3694.82
2022-03-18,49492.87,3774.93
2022-03-21,49909.59,3764.86
2022-03-22,50317.85,3842.15
2022-03-23,50399.21,3843.99
2022-03-24,51069.51,3938.27
2022-03-25,51046.44,3957.73
2022-03-28,50890.93,3945.93
2022-03-29,51399.66,4000.14
2022-03-30,51517.75,3970.16
2022-03-31,51410.77,3957.14
2022-04-01,52081.62,4040.51
2022-04-04,51979.3,4015.0
2022-04-05,50942.76,3931.41
2022-04-06,50702.05,3890.83
2022-04-07,50991.88,3898.93
2022-04-08,50735.16,3870.09
2022-04-11,50146.34,3828.35
2022-04-12,49808.59,3809.51
2022-04-13,50073.07,3829.65
2022-04-14,49794.6,3816.43
2022-04-18,49556.46,3821.55
2022-04-19,49251.43,3798.71
2022-04-20,48915.82,3772.09
2022-04-22,47453.19,3701.69
2022-04-25,47271.55,3714.93
2022-04-26,46254.5,3633.04
2022-04-27,46800.29,3644.08
2022-04-28,47075.54,3649.14
2022-04-29,46211.94,3554.55
2022-05-02,45668.95,3514.41
2022-05-03,45608.75,3501.54
2022-05-04,46368.5,3567.77
2022-05-05,45086.32,3445.26
2022-05-06,45020.85,3409.43
2022-05-09,44145.18,3368.58
2022-05-10,44081.89,3380.05
2022-05-11,44682.3,3375.37
2022-05-12,45213.02,3422.02
2022-05-13,45716.28,3491.73
2022-05-16,46326.9,3518.62
2022-05-17,46564.4,3572.46
2022-05-18,45472.21,3500.72
2022-05-19,45815.24,3508.75
2022-05-20,46444.22,3541.08
2022-05-23,47247.27,3592.56
2022-05-24,47348.7,3595.86
2022-05-25,47382.01,3589.89
2022-05-26,47920.59,3642.84
2022-05-27,47947.72,3646.47
2022-05-30,47592.9,3603.51
2022-05-31,47705.44,3625.99
2022-06-01,47755.42,3617.55
2022-06-02,48201.38,3663.41
2022-06-03,47656.78,3604.64
2022-06-06,47272.22,3557.65
2022-06-07,47251.42,3516.7
2022-06-08,46496.13,3475.47
2022-06-09,45913.6,3457.7
2022-06-10,45242.93,3380.38
2022-06-13,44003.36,3275.63
2022-06-14,43790.05,3241.13
2022-06-15,44089.7,3283.31
2022-06-17,42747.21,3219.14
2022-06-20,42714.53,3212.8
2022-06-21,42658.2,3210.78
2022-06-22,42565.4,3227.88
2022-06-23,41912.63,3224.08
2022-06-24,42182.64,3227.24
2022-06-27,43128.09,3253.63
2022-06-28,43090.77,3231.33
2022-06-29,42682.45,3195.77
2022-06-30,42188.99,3178.09
2022-07-01,42341.26,3194.3
2022-07-04,42203.16,3159.58
2022-07-05,42039.57,3166.44
2022-07-06,42215.5,3198.06
2022-07-07,43088.7,3246.52
2022-07-08,42879.64,3241.8
2022-07-11,41976.69,3173.12
2022-07-12,41988.32,3205.75
2022-07-13,41831.66,3193.82
2022-07-14,41013.54,3192.08
2022-07-15,41200.25,3195.83
2022-07-18,41369.0,3177.25
2022-07-19,41916.51,3221.06
2022-07-20,41930.84,3247.21
2022-07-21,42251.35,3254.96
2022-07-22,42220.84,3241.78
2022-07-25,42815.43,3252.3
2022-07-26,42615.14,3215.38
2022-07-27,43308.25,3291.26
2022-07-28,43793.59,3319.46
2022-07-29,44044.97,3317.98
2022-08-01,43621.61,3314.18
2022-08-02,44128.58,3327.43
2022-08-03,44253.52,3394.18
2022-08-04,45124.89,3494.18
2022-08-05,45378.25,3485.78
2022-08-08,46218.24,3532.24
2022-08-09,46346.8,3503.2
2022-08-10,46996.57,3572.74
2022-08-11,46807.4,3513.79
2022-08-12,48129.52,3597.81
2022-08-15,48215.4,3656.84
2022-08-16,48443.48,3663.25
2022-08-17,48510.61,3679.66
2022-08-18,48533.31,3664.35
2022-08-19,47540.83,3596.99
2022-08-22,47127.53,3573.0
2022-08-23,48201.08,3614.47
2022-08-24,48182.98,3638.37
2022-08-25,48457.7,3647.92
2022-08-26,47941.56,3598.68
2022-08-29,47955.43,3600.87
2022-08-30,47101.59,3563.97
2022-08-31,46753.63,3516.17
2022-09-01,47104.88,3536.96
2022-09-02,47245.83,3559.69
2022-09-05,47810.75,3595.41
2022-09-06,46753.81,3514.82
2022-09-08,46804.09,3522.38
2022-09-09,47784.84,3584.28
2022-09-12,48240.0,3636.6
2022-09-13,47131.77,3545.31
2022-09-14,47048.6,3543.07
2022-09-15,46798.59,3507.66
2022-09-16,46508.66,3490.63
2022-09-19,47557.09,3550.13
2022-09-20,47830.1,3564.48
2022-09-21,47586.5,3554.05
2022-09-22,48503.16,3612.88
2022-09-23,47472.99,3566.56
2022-09-26,46371.6,3465.4
2022-09-27,46054.06,3416.56
2022-09-28,46071.99,3417.21
2022-09-29,45744.87,3359.71
2022-09-30,46730.97,3427.0
2022-10-03,49344.13,3623.21
2022-10-04,49356.97,3600.09
2022-10-05,49772.41,3592.48
2022-10-06,49967.72,3625.01
2022-10-07,49468.94,3582.95
2022-10-10,49293.35,3585.28
2022-10-11,48823.67,3567.18
2022-10-13,48631.92,3551.12
2022-10-14,47682.41,3467.95
2022-10-17,48343.44,3515.99
2022-10-18,49248.67,3586.32
2022-10-19,49497.53,3586.2
2022-10-20,49889.84,3577.91
2022-10-21,51075.07,3637.77
2022-10-24,49368.77,3585.27
2022-10-25,48770.89,3537.4
2022-10-26,47958.61,3444.11
2022-10-27,48773.03,3546.9
2022-10-28,48732.46,3592.5
2022-10-31,49334.78,3689.06
2022-11-01,49700.14,3706.38
2022-11-03,49712.86,3735.84
2022-11-04,50201.17,3749.07
2022-11-07,48968.79,3647.14
2022-11-08,49308.11,3646.81
2022-11-09,48226.45,3570.24
2022-11-10,46581.0,3407.19
2022-11-11,47611.75,3431.0
2022-11-14,48013.78,3449.87
2022-11-16,46778.65,3333.88
2022-11-17,46540.3,3309.12
2022-11-18,46192.89,3286.57
2022-11-21,46578.64,3358.8
2022-11-22,46275.61,3313.37
2022-11-23,46190.4,3283.2
2022-11-24,47475.18,3386.81
2022-11-25,46257.77,3286.71
2022-11-28,46197.14,3259.02
2022-11-29,47119.25,3282.03
2022-11-30,47801.7,3302.35
2022-12-01,47114.39,3239.66
2022-12-02,47507.9,3263.06
2022-12-05,46429.5,3161.42
2022-12-06,46755.47,3192.56
2022-12-07,46296.27,3190.79
2022-12-08,45522.54,3102.47
2022-12-09,45621.92,3085.42
2022-12-12,44695.63,3043.41
2022-12-13,43938.52,2960.17
2022-12-14,43966.3,2982.36
2022-12-15,43974.81,2975.86
2022-12-16,43609.44,2938.43
2022-12-19,44411.04,3010.94
2022-12-20,45316.71,3089.85
2022-12-21,45574.71,3093.07
2022-12-22,45635.04,3106.32
2022-12-23,46565.07,3168.34
2022-12-26,46158.46,3117.27
2022-12-27,46079.99,3081.33
2022-12-28,46769.76,3160.51
2022-12-29,46546.89,3158.0
2023-01-02,45204.03,3048.45
2023-01-03,44293.15,2971.59
2023-01-04,44768.09,3016.17
2023-01-05,45715.83,3077.71
2023-01-06,46285.43,3121.86
2023-01-09,46359.57,3130.3
2023-01-10,47066.91,3192.8
2023-01-11,47749.54,3242.74
2023-01-12,47509.56,3181.19
2023-01-13,47142.21,3142.99
2023-01-16,46425.0,3108.29
2023-01-17,47311.59,3157.69
2023-01-18,47662.1,3176.86
2023-01-19,47947.92,3181.53
2023-01-20,47603.84,3143.16
2023-01-23,47496.87,3137.69
2023-01-24,48038.04,3194.23
2023-01-25,48563.65,3221.78
2023-01-26,48573.32,3216.6
2023-01-27,47761.45,3188.69
2023-01-30,47725.78,3180.48
2023-01-31,48181.14,3229.13
2023-02-01,47602.85,3200.82
2023-02-02,46711.15,3172.06
2023-02-03,46057.58,3106.17
2023-02-06,46115.44,3099.89
2023-02-07,45776.96,3056.86
2023-02-08,46620.81,3111.28
2023-02-09,45830.2,3046.23
2023-02-10,45846.59,3051.81
2023-02-13,46135.07,3075.85
2023-02-14,45740.72,3031.9
2023-02-15,46490.28,3084.82
2023-02-16,46625.29,3090.1
2023-02-17,46300.24,3078.86
2023-02-22,45482.63,3022.01
2023-02-23,45647.4,3019.63
2023-02-24,44881.34,2982.03
2023-02-27,44846.54,2976.72
2023-02-28,44526.06,2965.53
2023-03-01,44395.7,2922.01
2023-03-02,43975.46,2905.37
2023-03-03,44194.27,2904.73
2023-03-06,44450.76,2964.61
2023-03-07,44240.29,2979.2
2023-03-08,45186.12,3053.83
2023-03-09,44579.52,3039.19
2023-03-10,43991.15,2976.29
2023-03-13,43793.74,2986.06
2023-03-14,43734.62,2963.79
2023-03-15,43539.41,2990.27
2023-03-16,43835.7,3003.62
2023-03-17,43271.41,2949.52
2023-03-20,42841.43,2900.84
2023-03-21,42845.28,2891.21
2023-03-22,42521.88,2873.77
2023-03-23,41543.91,2803.42
2023-03-24,41896.59,2857.1
2023-03-27,42238.03,2874.26
2023-03-28,42871.59,2921.15
2023-03-29,43138.79,2919.77
2023-03-30,43937.35,2979.24
2023-03-31,43160.72,2929.75
2023-04-03,43015.06,2894.59
2023-04-04,43106.24,2917.81
2023-04-05,42713.0,2891.92
2023-04-06,42650.24,2895.58
2023-04-10,43095.25,2906.11
2023-04-11,44942.83,3028.07
2023-04-12,45182.05,3065.82
2023-04-13,44992.51,3057.48
2023-04-14,44899.99,3038.82
2023-04-17,44765.98,3036.88
2023-04-18,44824.93,3014.43
2023-04-19,43866.1,2955.42
2023-04-20,44012.79,2982.81
2023-04-24,43781.63,2979.82
2023-04-25,43438.06,2962.56
2023-04-26,43084.37,2941.95
2023-04-27,43363.87,2965.88
2023-04-28,43994.42,3024.42
2023-05-02,42928.25,2977.35
2023-05-03,42868.01,2988.79
2023-05-04,43000.65,3022.31
2023-05-05,44254.23,3109.16
2023-05-08,44621.64,3131.77
2023-05-09,45069.03,3180.07
2023-05-10,45199.96,3211.22
2023-05-11,45542.0,3244.72
2023-05-12,45624.13,3232.35
2023-05-15,45858.68,3260.52
2023-05-16,45510.12,3199.37
2023-05-17,46049.69,3249.84
2023-05-18,46324.32,3297.89
2023-05-19,46592.2,3336.27
2023-05-22,46369.65,3339.24
2023-05-23,46245.68,3316.86
2023-05-24,45781.16,3281.81
2023-05-25,46293.28,3334.33
2023-05-26,46661.25,3350.78
2023-05-29,46426.92,3337.92
2023-05-30,45847.77,3304.52
2023-05-31,45575.35,3297.32
2023-06-01,46510.17,3371.74
2023-06-02,47345.24,3409.01
2023-06-05,47395.04,3411.61
2023-06-06,48189.11,3489.57
2023-06-07,48570.35,3500.88
2023-06-09,49213.51,3540.12
2023-06-12,49330.42,3569.28
2023-06-13,49080.12,3516.74
2023-06-14,50069.1,3582.31
2023-06-15,50131.53,3595.21
2023-06-16,49941.05,3572.24
2023-06-19,50395.65,3598.19
2023-06-20,50283.36,3619.48
2023-06-21,50617.88,3633.25
2023-06-22,50003.29,3581.53
2023-06-23,50003.92,3625.2
2023-06-26,49711.46,3572.7
2023-06-27,49404.78,3528.83
2023-06-28,49045.49,3505.45
2023-06-29,49757.24,3568.5
2023-06-30,49616.33,3593.96
2023-07-03,50279.65,3616.16
2023-07-04,50031.35,3603.99
2023-07-05,50223.71,3626.74
2023-07-06,49349.79,3553.72
2023-07-07,49965.75,3613.46
2023-07-10,49573.24,3577.99
2023-07-11,49416.16,3545.76
2023-07-12,49463.86,3535.16
2023-07-13,50133.02,3558.81
2023-07-14,49475.38,3495.88
2023-07-17,49680.33,3518.82
2023-07-18,49528.33,3518.61
2023-07-19,49417.72,3502.53
2023-07-20,49642.98,3514.35
2023-07-21,50538.59,3587.85
2023-07-24,51030.78,3611.42
2023-07-25,51319.95,3611.54
2023-07-26,51533.36,3632.62
2023-07-27,50456.93,3585.63
2023-07-28,50524.94,3606.85
2023-07-31,51263.88,3639.72
2023-08-01,50973.19,3637.94
2023-08-02,50802.63,3630.53
2023-08-03,50710.94,3617.86
2023-08-04,50270.46,3615.72
2023-08-07,50212.35,3597.29
2023-08-08,50102.74,3586.19
2023-08-09,49832.98,3553.98
2023-08-10,49807.09,3567.77
2023-08-11,49678.11,3553.79
2023-08-14,49139.89,3515.44
2023-08-15,48866.0,3508.9
2023-08-16,48635.93,3479.69
2023-08-17,48382.86,3442.05
2023-08-18,48552.29,3466.66
2023-08-21,48140.11,3431.84
2023-08-22,48871.93,3480.46
2023-08-23,49709.96,3506.46
2023-08-24,49246.7,3472.82
2023-08-25,48748.74,3425.89
2023-08-28,49269.25,3448.34
2023-08-29,49811.64,3474.1
2023-08-30,49453.25,3437.97
2023-08-31,48697.59,3364.88
2023-09-01,49627.54,3407.9
2023-09-04,49565.86,3404.21
2023-09-05,49416.95,3368.07
2023-09-06,48875.52,3328.89
2023-09-08,48594.31,3313.25
2023-09-11,49233.23,3358.15
2023-09-12,49693.12,3403.14
2023-09-13,49769.99,3418.03
2023-09-14,50292.61,3421.29
2023-09-15,50017.65,3397.51
2023-09-18,49828.17,3394.38
2023-09-19,49645.36,3374.51
2023-09-20,49990.33,3403.25
2023-09-21,48929.83,3338.98
2023-09-22,48872.74,3317.65
2023-09-25,48841.19,3314.81
2023-09-26,48093.88,3264.84
2023-09-27,48170.6,3239.32
2023-09-28,48751.18,3285.1
2023-09-29,49108.5,3303.06
2023-10-02,48470.12,3258.37
2023-10-03,47772.26,3197.67
2023-10-04,47829.58,3231.31
2023-10-05,47686.14,3214.11
2023-10-06,48054.41,3212.11
2023-10-09,48498.89,3235.07
2023-10-10,49162.3,3302.68
2023-10-11,49277.22,3300.81
2023-10-13,48760.42,3225.07
2023-10-16,49089.62,3238.14
2023-10-17,48844.92,3186.98
2023-10-18,48099.45,3114.45
2023-10-19,48071.46,3125.34
2023-10-20,47716.99,3115.5
2023-10-23,47515.11,3150.23
2023-10-24,47927.93,3165.44
2023-10-25,47542.14,3120.32
2023-10-26,48335.27,3183.18
2023-10-27,47706.24,3103.06
2023-10-30,47377.3,3062.6
2023-10-31,47621.19,3084.68
2023-11-01,48419.64,3138.39
2023-11-03,49727.33,3253.66
2023-11-06,49837.81,3256.42
2023-11-07,50177.22,3331.78
2023-11-08,50115.87,3333.22
2023-11-09,50069.83,3318.41
2023-11-10,50706.11,3374.63
2023-11-13,50660.92,3359.5
2023-11-14,51810.51,3443.52
2023-11-16,52421.28,3530.22
2023-11-17,52489.91,3502.3
2023-11-20,52967.03,3528.42
2023-11-21,52812.43,3489.68
2023-11-22,52984.28,3509.06
2023-11-23,53210.72,3531.33
2023-11-24,52762.08,3487.05
2023-11-27,52844.09,3498.42
2023-11-28,53186.85,3519.53
2023-11-29,53022.45,3521.63
2023-11-30,53515.32,3549.35
2023-12-01,53868.79,3578.34
2023-12-04,53294.24,3549.12
2023-12-05,53343.41,3565.92
2023-12-06,52805.61,3552.22
2023-12-07,52970.72,3560.48
2023-12-08,53437.34,3572.07
2023-12-11,53371.85,3567.45
2023-12-12,53137.59,3561.45
2023-12-13,54425.76,3676.9
2023-12-14,55005.95,3699.22
2023-12-15,54736.37,3670.06
2023-12-18,55122.19,3685.77
2023-12-19,55454.58,3712.85
2023-12-20,55029.59,3682.7
2023-12-21,55602.46,3710.28
2023-12-22,55852.39,3733.54
2023-12-26,56180.89,3741.86
2023-12-27,56456.97,3769.92
2023-12-28,56449.62,3763.69
2024-01-02,55844.6,3691.22
2024-01-03,55944.25,3688.37
2024-01-04,55252.14,3637.88
2024-01-05,55591.65,3678.89
2024-01-08,55756.83,3719.93
2024-01-09,55354.44,3706.65
2024-01-10,55089.97,3695.46
2024-01-11,55012.42,3667.44
2024-01-12,55152.37,3689.21
2024-01-15,55379.31,3702.33
2024-01-16,54457.15,3623.27
2024-01-17,54128.44,3608.36
2024-01-18,53631.87,3563.85
2024-01-19,53768.28,3593.26
2024-01-22,53337.56,3558.38
2024-01-23,54034.95,3603.37
2024-01-24,53845.49,3579.26
2024-01-25,54048.5,3592.27
2024-01-26,54396.49,3598.26
2024-01-29,54215.48,3575.84
2024-01-30,53762.53,3537.64
2024-01-31,53905.0,3576.94
2024-02-01,54230.81,3592.08
2024-02-02,53679.45,3555.59
2024-02-05,53836.75,3551.52
2024-02-06,54999.58,3626.23
2024-02-07,54848.07,3630.95
2024-02-08,54137.09,3585.28
2024-02-09,54057.66,3593.01
2024-02-14,53621.25,3553.22
2024-02-15,53980.8,3567.98
2024-02-16,54378.22,3579.26
2024-02-19,54509.85,3578.17
2024-02-20,54843.24,3628.16
2024-02-21,54884.99,3621.27
2024-02-22,54985.49,3645.91
2024-02-23,54640.82,3613.59
2024-02-26,54727.21,3620.87
2024-02-27,55586.41,3695.91
2024-02-28,54890.58,3679.61
2024-02-29,54423.74,3648.05
2024-03-01,54492.05,3658.53
2024-03-04,54132.26,3615.73
2024-03-05,54036.46,3624.49
2024-03-06,54386.8,3628.78
2024-03-07,54173.49,3628.03
2024-03-08,53527.3,3646.76
2024-03-11,53113.54,3634.89
2024-03-12,53773.52,3676.61
2024-03-13,53910.18,3687.89
2024-03-14,53776.18,3684.01
2024-03-15,53385.91,3661.16
2024-03-18,53474.12,3662.64
2024-03-19,53697.82,3674.91
2024-03-20,54388.2,3733.17
2024-03-21,53991.26,3724.52
2024-03-22,53544.97,3680.3
2024-03-25,53515.94,3668.76
2024-03-26,53473.27,3668.68
2024-03-27,53840.31,3697.82
2024-03-28,54026.97,3692.36
2024-04-01,53576.13,3650.79
2024-04-02,53839.19,3647.68
2024-04-03,53731.63,3642.6
2024-04-04,53762.7,3662.64
2024-04-05,53495.08,3636.49
2024-04-08,54374.87,3685.01
2024-04-09,54809.48,3732.14
2024-04-10,54088.53,3650.55
2024-04-11,53800.59,3621.14
2024-04-12,53165.09,3560.12
2024-04-15,52925.2,3528.14
2024-04-16,52544.42,3491.35
2024-04-17,52461.49,3471.76
2024-04-18,52462.31,3462.58
2024-04-19,52904.05,3486.67
2024-04-22,53108.41,3491.14
2024-04-23,52930.91,3476.99
2024-04-24,52763.91,3455.55
2024-04-25,52746.99,3440.5
2024-04-26,53559.88,3498.92
2024-04-29,53920.2,3514.83
2024-04-30,53304.46,3470.13
2024-05-02,53805.85,3523.87
2024-05-03,54366.19,3587.2
2024-05-06,54322.92,3570.72
2024-05-07,54654.59,3580.82
2024-05-08,54782.3,3593.49
2024-05-09,54248.33,3536.64
2024-05-10,53986.45,3502.77
2024-05-13,54218.18,3516.63
2024-05-14,54324.25,3526.15
2024-05-15,54045.92,3549.45
2024-05-16,54116.49,3566.95
2024-05-17,54034.81,3556.45
2024-05-20,53865.51,3552.38
2024-05-21,53730.67,3549.46
2024-05-22,53013.23,3484.57
2024-05-23,52620.69,3462.13
2024-05-24,52429.1,3446.47
2024-05-27,52524.34,3447.13
2024-05-28,52253.25,3422.2
2024-05-29,51826.09,3387.32
2024-05-31,51611.23,3345.03
2024-06-03,51589.63,3371.83
2024-06-04,51482.56,3361.96
2024-06-05,51318.44,3351.15
2024-06-06,51927.77,3399.82
2024-06-07,51002.04,3339.88
2024-06-10,51004.99,3311.53
2024-06-11,51371.66,3351.89
2024-06-12,50646.74,3296.52
2024-06-13,50473.34,3282.5
2024-06-14,50500.62,3304.49
2024-06-17,50278.3,3269.08
2024-06-18,50525.48,3275.93
2024-06-19,50779.26,3298.51
2024-06-20,50894.29,3294.68
2024-06-21,51253.92,3326.41
2024-06-24,51823.31,3373.93
2024-06-25,51696.56,3361.69
2024-06-26,51822.26,3356.0
2024-06-27,52546.27,3421.68
2024-06-28,52388.06,3381.95
2024-07-01,52712.24,3385.29
2024-07-02,52746.38,3381.49
2024-07-03,53084.01,3425.7
2024-07-04,53309.97,3476.25
2024-07-05,53387.18,3491.68
2024-07-08,53525.88,3489.49
2024-07-09,53745.88,3512.55
2024-07-10,53784.31,3520.41
2024-07-11,54237.26,3561.21
2024-07-12,54482.22,3571.57
2024-07-15,54670.22,3576.92
2024-07-16,54572.71,3578.6
2024-07-17,54731.69,3589.03
2024-07-18,53993.48,3512.59
2024-07-19,53970.26,3504.5
2024-07-22,54066.8,3541.82
2024-07-23,53518.75,3497.44
2024-07-24,53455.22,3466.64
2024-07-25,53242.38,3445.25
2024-07-26,53866.99,3482.21
2024-07-29,53611.09,3467.48
2024-07-30,53260.73,3450.41
2024-07-31,53906.38,3477.64
2024-08-01,53789.96,3493.35
2024-08-02,53134.54,3502.1
2024-08-05,52885.48,3479.87
2024-08-06,53340.59,3502.34
2024-08-07,53854.17,3556.27
2024-08-08,54341.5,3581.44
2024-08-09,55139.91,3651.38
2024-08-12,55377.1,3652.88
2024-08-13,55896.94,3678.53
2024-08-14,56301.59,3708.52
2024-08-15,56647.24,3719.67
2024-08-16,56554.98,3703.78
2024-08-19,57287.02,3777.07
2024-08-20,57406.82,3777.28
2024-08-21,57531.01,3778.12
2024-08-22,56975.43,3717.86
2024-08-23,57179.87,3779.75
2024-08-26,57820.56,3769.85
2024-08-27,57748.23,3753.86
2024-08-28,58011.57,3745.17
2024-08-29,57457.69,3690.34
2024-08-30,57461.68,3686.11
2024-09-02,57011.0,3654.99
2024-09-03,56784.89,3671.26
2024-09-04,57518.23,3736.07
2024-09-05,57679.65,3750.54
2024-09-06,56867.06,3702.77
2024-09-09,56942.97,3688.95
2024-09-10,56769.22,3688.13
2024-09-11,56917.66,3696.33
2024-09-12,56632.6,3677.87
2024-09-13,57006.51,3712.36
2024-09-16,57113.77,3724.34
2024-09-17,57045.8,3727.13
2024-09-18,56549.58,3703.36
2024-09-19,56279.39,3664.49
2024-09-20,55417.94,3591.66
2024-09-23,55226.25,3570.16
2024-09-24,55888.3,3602.52
2024-09-25,55662.77,3570.92
2024-09-26,56231.28,3603.4
2024-09-27,56133.76,3614.42
2024-09-30,55754.2,3589.38
2024-10-01,56052.55,3587.9
2024-10-02,56495.92,3620.15
2024-10-03,55746.97,3565.07
2024-10-04,55787.85,3569.74
2024-10-07,55880.78,3555.1
2024-10-08,55677.75,3568.79
2024-10-09,55026.69,3514.81
2024-10-10,55199.78,3517.01
2024-10-11,55048.0,3504.71
2024-10-14,55478.48,3541.27
2024-10-15,55511.64,3552.02
2024-10-16,55801.88,3568.63
2024-10-17,55399.62,3543.82
2024-10-18,55261.81,3536.56
2024-10-21,55188.0,3542.98
2024-10-22,55015.26,3522.84
2024-10-23,54713.73,3518.06
2024-10-24,55063.07,3549.32
2024-10-25,54985.03,3514.01
2024-10-28,55524.64,3541.53
2024-10-29,55327.83,3515.55
2024-10-30,55280.19,3530.11
2024-10-31,54900.43,3500.52
2024-11-01,54212.66,3445.48
2024-11-04,55212.29,3536.75
2024-11-05,55275.15,3539.52
2024-11-06,55157.98,3530.49
2024-11-07,54874.08,3480.12
2024-11-08,54149.19,3429.88
2024-11-11,54189.84,3448.48
2024-11-12,54121.42,3430.2
2024-11-13,54140.54,3429.6
2024-11-14,54190.94,3425.37
2024-11-18,54192.57,3396.13
2024-11-19,54395.79,3424.46
2024-11-21,53854.55,3370.95
2024-11-22,54793.08,3423.84
2024-11-25,54741.92,3441.34
2024-11-26,55130.13,3482.5
2024-11-27,54160.81,3397.7
2024-11-28,52842.4,3276.0
2024-11-29,53303.91,3304.45
2024-12-02,53122.16,3286.68
2024-12-03,53499.93,3312.22
2024-12-04,53467.06,3323.83
2024-12-05,54210.9,3365.42
2024-12-06,53397.7,3311.2
2024-12-09,53913.44,3299.93
2024-12-10,54357.43,3339.75
2024-12-11,55000.57,3405.9
2024-12-12,53508.84,3302.62
2024-12-13,52955.08,3275.45
2024-12-16,52493.2,3240.86
2024-12-17,52940.26,3249.59
2024-12-18,51264.24,3122.53
2024-12-19,51402.33,3142.69
2024-12-20,51739.64,3176.46
2024-12-23,51175.6,3117.11
2024-12-26,51306.12,3105.99
2024-12-27,50961.32,3084.33
2024-12-30,50967.02,3080.77
2025-01-02,50918.2,3049.77
2025-01-03,50251.59,3020.18
2025-01-06,50853.33,3084.81
2025-01-07,51360.89,3119.81
2025-01-08,50701.44,3072.6
2025-01-09,50782.0,3081.3
2025-01-10,50403.64,3041.53
2025-01-13,50460.53,3035.31
2025-01-14,50593.45,3043.65
2025-01-15,51993.44,3142.37
2025-01-16,51406.36,3088.94
2025-01-17,51866.23,3104.86
2025-01-20,52080.2,3116.89
2025-01-21,52276.42,3135.45
2025-01-22,52140.78,3157.33
2025-01-23,51918.92,3138.37
2025-01-24,51913.51,3134.42
2025-01-27,52900.4,3218.19
2025-01-28,52578.75,3192.78
2025-01-29,52313.77,3185.85
2025-01-30,53795.2,3284.36
2025-01-31,53473.03,3256.94
2025-02-03,53383.32,3257.1
2025-02-04,53041.33,3236.58
2025-02-05,53177.3,3230.19
2025-02-06,53455.68,3255.18
2025-02-07,52781.17,3213.31
2025-02-10,53180.68,3237.4
2025-02-11,53583.79,3291.15
2025-02-12,52683.17,3245.21
2025-02-13,52883.03,3262.97
2025-02-14,54327.29,3357.04
2025-02-17,54482.49,3386.33
2025-02-18,54493.85,3363.41
2025-02-19,53992.76,3309.33
2025-02-20,54136.64,3308.55
2025-02-21,53962.62,3287.77
2025-02-24,53228.63,3231.33
2025-02-25,53462.87,3255.34
2025-02-26,52925.1,3207.05
2025-02-27,52867.02,3221.3
2025-02-28,52039.53,3161.89
2025-03-05,52071.88,3175.5
2025-03-06,52191.35,3195.46
2025-03-07,52907.86,3248.66
2025-03-10,52696.53,3233.16
2025-03-11,52254.47,3203.93
2025-03-12,52413.49,3223.23
2025-03-13,53140.29,3255.19
2025-03-14,54552.9,3307.49
2025-03-17,55336.27,3349.54
2025-03-18,55605.0,3354.82
2025-03-19,56044.92,3388.46
2025-03-20,55815.9,3367.4
2025-03-21,55990.16,3367.3
2025-03-24,55560.78,3333.81
2025-03-25,55872.48,3358.18
2025-03-26,56058.45,3367.46
2025-03-27,56343.5,3383.5
2025-03-28,55819.31,3357.98
2025-03-31,55131.41,3310.33
2025-04-01,55505.48,3339.5
2025-04-02,55524.99,3361.91
2025-04-03,55479.57,3423.34
2025-04-04,53824.77,3332.74
2025-04-07,53083.88,3294.93
2025-04-08,52382.0,3275.9
2025-04-09,53995.82,3368.89
2025-04-10,53339.14,3343.19
2025-04-11,53921.73,3376.43
2025-04-14,54664.25,3423.48
2025-04-15,54576.76,3435.58
2025-04-16,54195.67,3421.83
2025-04-17,54773.56,3454.23
2025-04-22,55107.28,3478.62
2025-04-23,55830.8,3527.98
2025-04-24,56827.74,3620.82
2025-04-25,56899.34,3627.86
2025-04-28,57009.92,3634.82
2025-04-29,57019.13,3630.97
2025-04-30,56969.37,3657.33
2025-05-02,57016.88,3651.63
2025-05-05,56321.61,3611.74
2025-05-06,56332.02,3603.71
2025-05-07,56285.69,3585.94
2025-05-08,57479.53,3672.56
2025-05-09,57625.64,3659.99
2025-05-12,57630.37,3637.63
2025-05-13,58642.22,3715.31
2025-05-14,58428.18,3711.4
2025-05-15,58808.75,3748.91
2025-05-16,58769.95,3758.92
2025-05-19,58963.29,3774.76
2025-05-20,59173.53,3785.55
2025-05-21,58219.19,3714.93
2025-05-22,57960.19,3715.03
2025-05-23,58206.23,3733.24
2025-05-26,58342.8,3758.94
2025-05-27,58947.8,3818.12
2025-05-28,58667.39,3813.49
2025-05-29,58547.99,3815.03
2025-05-30,57939.6,3797.89
2025-06-02,57825.46,3785.12
2025-06-03,58158.46,3840.13
2025-06-04,57921.57,3827.57
2025-06-05,57585.54,3794.81
2025-06-06,57529.12,3768.18
2025-06-09,57357.85,3754.57
2025-06-10,57677.65,3775.8
2025-06-11,57966.4,3789.23
2025-06-12,58275.38,3802.14
2025-06-13,58034.5,3776.93
2025-06-16,58902.9,3844.64
2025-06-17,58755.8,3836.88
2025-06-18,58690.25,3833.3
2025-06-20,58029.76,3785.0
2025-06-23,57773.69,3778.05
2025-06-24,58043.02,3822.1
2025-06-25,57464.31,3778.15
2025-06-26,58007.39,3815.6
2025-06-27,57886.22,3799.97
2025-06-30,58731.66,3867.19
2025-07-01,59015.34,3874.12
2025-07-02,58787.0,3817.43
2025-07-03,59590.0,3883.05
2025-07-04,59733.44,3889.57
2025-07-07,59000.86,3845.21
2025-07-08,58932.13,3820.58
2025-07-09,58163.81,3768.27
2025-07-10,57840.63,3744.17
2025-07-11,57603.68,3707.51
2025-07-14,57220.71,3682.54
2025-07-15,57198.57,3702.1
2025-07-16,57290.89,3703.5
2025-07-17,57331.41,3704.31
2025-07-18,56403.45,3629.86
2025-07-21,56716.52,3638.53
2025-07-22,56652.04,3616.6
2025-07-23,57222.74,3662.69
2025-07-24,56563.5,3623.6
2025-07-25,56446.79,3619.2
2025-07-28,55843.85,3573.46
2025-07-29,56113.81,3586.07
2025-07-30,56668.36,3627.07
2025-07-31,56276.79,3589.26
2025-08-01,56033.23,3593.15
2025-08-04,56253.84,3608.05
2025-08-05,56360.2,3613.63
2025-08-06,56963.36,3680.51
2025-08-07,57800.56,3720.61
2025-08-08,57489.87,3697.63
2025-08-11,57367.51,3677.61
2025-08-12,58338.97,3742.22
2025-08-13,57818.34,3699.15
2025-08-14,57677.55,3702.91
2025-08-15,57661.28,3708.94
2025-08-18,58072.45,3742.89
2025-08-19,56842.59,3654.96
2025-08-20,56936.1,3668.76
2025-08-21,56856.97,3651.58
2025-08-22,58319.68,3749.31
2025-08-25,58335.36,3749.35
2025-08-26,58219.11,3742.11
2025-08-27,58837.61,3790.17
2025-08-28,59628.34,3853.56
2025-08-29,59782.03,3855.14
2025-09-01,59712.26,3842.3
2025-09-02,59327.48,3805.01
2025-09-03,59123.25,3805.61
2025-09-04,59611.84,3851.91
2025-09-05,60295.44,3909.45
2025-09-08,59941.07,3870.5
2025-09-09,59884.35,3865.93
2025-09-10,60205.1,3882.13
2025-09-11,60535.4,3917.54
2025-09-12,60174.49,3906.2
2025-09-15,60723.06,3937.46
2025-09-16,60928.44,3956.13
2025-09-17,61576.61,4006.84
2025-09-18,61538.03,4001.26
2025-09-19,61702.89,4000.46
2025-09-22,61373.12,3939.63
2025-09-23,61956.08,3962.17
2025-09-24,61988.37,3945.57
2025-09-25,61467.33,3887.66
2025-09-26,61529.44,3909.63
2025-09-29,61899.37,3951.05
2025-09-30,61858.03,3936.13
2025-10-01,61551.61,3903.04
2025-10-02,60874.77,3839.49
2025-10-03,60981.24,3836.85
2025-10-06,60718.7,3803.4
2025-10-07,59765.72,3724.79
2025-10-08,60075.69,3747.43
2025-10-09,59880.2,3736.46
2025-10-10,59457.62,3715.88
2025-10-13,59921.7,3733.17
2025-10-14,59885.45,3728.04
2025-10-15,60273.19,3771.09
2025-10-16,60112.65,3763.26
2025-10-17,60611.52,3796.97
2025-10-20,61080.74,3824.35
2025-10-21,60897.87,3821.42
2025-10-22,61226.69,3823.9
2025-10-23,61579.95,3849.25
2025-10-24,61771.01,3877.22
2025-10-27,62097.9,3908.69
2025-10-28,62275.49,3917.85
2025-10-29,62776.05,3926.47
2025-10-30,62834.33,3947.95
2025-10-31,63156.52,3970.22
2025-11-03,63543.69,3983.7
2025-11-04,63657.36,4005.75
2025-11-05,64747.7,4075.04
2025-11-06,64753.15,4064.58
2025-11-07,65089.46,4076.83
2025-11-10,65597.79,4109.24
2025-11-11,66657.99,4185.86
2025-11-12,66580.78,4198.08
2025-11-13,66401.91,4184.59
2025-11-14,66652.01,4212.74
2025-11-17,66323.49,4181.37
2025-11-18,66117.61,4176.15
2025-11-19,65630.95,4125.26
2025-11-21,65368.44,4107.19
2025-11-24,65593.0,4142.36
2025-11-25,65867.8,4166.58
2025-11-26,66986.07,4248.98
2025-11-27,66918.13,4254.88
2025-11-28,67220.84,4272.86
2025-12-01,67033.96,4246.71
2025-12-02,68079.38,4321.12
2025-12-03,68351.46,4318.52
2025-12-04,69489.77,4386.58
2025-12-05,66464.67,4156.33
2025-12-08,66811.2,4174.03
2025-12-09,66728.42,4151.84
2025-12-10,67177.43,4171.35
2025-12-11,67203.68,4180.27
2025-12-12,67875.5,4223.1
2025-12-15,68591.49,4270.3
2025-12-16,66926.42,4135.18
2025-12-17,66400.24,4077.57
2025-12-18,66648.87,4090.89
2025-12-19,66882.28,4098.73
2025-12-22,66730.02,4054.1
2025-12-23,67721.19,4136.94
2025-12-26,67893.87,4157.87
2025-12-29,67725.49,4139.8
2025-12-30,68017.69,4171.56
