data,selic_aa
2015-01-02,11.65
2015-01-05,11.65
2015-01-06,11.65
2015-01-07,11.65
2015-01-08,11.65
2015-01-09,11.65
2015-01-12,11.65
2015-01-13,11.65
2015-01-14,11.65
2015-01-15,11.65
2015-01-16,11.65
2015-01-19,11.65
2015-01-20,11.65
2015-01-21,11.65
2015-01-22,12.15
2015-01-23,12.15
2015-01-26,12.15
2015-01-27,12.15
2015-01-28,12.15
2015-01-29,12.15
2015-01-30,12.15
2015-02-02,12.15
2015-02-03,12.15
2015-02-04,12.15
2015-02-05,12.15
2015-02-06,12.15
2015-02-09,12.15
2015-02-10,12.15
2015-02-11,12.15
2015-02-12,12.15
2015-02-13,12.15
2015-02-18,12.15
2015-02-19,12.15
2015-02-20,12.15
2015-02-23,12.15
2015-02-24,12.15
2015-02-25,12.15
2015-02-26,12.15
2015-02-27,12.15
2015-03-02,12.15
2015-03-03,12.15
2015-03-04,12.15
2015-03-05,12.65
2015-03-06,12.65
2015-03-09,12.65
2015-03-10,12.65
2015-03-11,12.65
2015-03-12,12.65
2015-03-13,12.65
2015-03-16,12.65
2015-03-17,12.65
2015-03-18,12.65
2015-03-19,12.65
2015-03-20,12.65
2015-03-23,12.65
2015-03-24,12.65
2015-03-25,12.65
2015-03-26,12.65
2015-03-27,12.65
2015-03-30,12.65
2015-03-31,12.65
2015-04-01,12.65
2015-04-02,12.65
2015-04-06,12.65
2015-04-07,12.65
2015-04-08,12.65
2015-04-09,12.65
2015-04-10,12.65
2015-04-13,12.65
2015-04-14,12.65
2015-04-15,12.65
2015-04-16,12.65
2015-04-17,12.65
2015-04-20,12.65
2015-04-22,12.65
2015-04-23,12.65
2015-04-24,12.65
2015-04-27,12.66
2015-04-28,12.67
2015-04-29,12.67
2015-04-30,13.15
2015-05-04,13.15
2015-05-05,13.15
2015-05-06,13.15
2015-05-07,13.15
2015-05-08,13.15
2015-05-11,13.15
2015-05-12,13.15
2015-05-13,13.15
2015-05-14,13.15
2015-05-15,13.15
2015-05-18,13.15
2015-05-19,13.15
2015-05-20,13.15
2015-05-21,13.15
2015-05-22,13.15
2015-05-25,13.15
2015-05-26,13.15
2015-05-27,13.15
2015-05-28,13.15
2015-05-29,13.15
2015-06-01,13.15
2015-06-02,13.15
2015-06-03,13.15
2015-06-05,13.65
2015-06-08,13.65
2015-06-09,13.65
2015-06-10,13.65
2015-06-11,13.65
2015-06-12,13.65
2015-06-15,13.65
2015-06-16,13.65
2015-06-17,13.65
2015-06-18,13.65
2015-06-19,13.65
2015-06-22,13.65
2015-06-23,13.65
2015-06-24,13.65
2015-06-25,13.65
2015-06-26,13.65
2015-06-29,13.65
2015-06-30,13.65
2015-07-01,13.65
2015-07-02,13.65
2015-07-03,13.65
2015-07-06,13.65
2015-07-07,13.65
2015-07-08,13.65
2015-07-09,13.65
2015-07-10,13.65
2015-07-13,13.65
2015-07-14,13.65
2015-07-15,13.65
2015-07-16,13.65
2015-07-17,13.65
2015-07-20,13.65
2015-07-21,13.65
2015-07-22,13.65
2015-07-23,13.65
2015-07-24,13.65
2015-07-27,13.65
2015-07-28,13.65
2015-07-29,13.65
2015-07-30,14.15
2015-07-31,14.15
2015-08-03,14.15
2015-08-04,14.15
2015-08-05,14.15
2015-08-06,14.15
2015-08-07,14.15
2015-08-10,14.15
2015-08-11,14.15
2015-08-12,14.15
2015-08-13,14.15
2015-08-14,14.15
2015-08-17,14.15
2015-08-18,14.15
2015-08-19,14.15
2015-08-20,14.15
2015-08-21,14.15
2015-08-24,14.15
2015-08-25,14.15
2015-08-26,14.15
2015-08-27,14.15
2015-08-28,14.15
2015-08-31,14.15
2015-09-01,14.15
2015-09-02,14.15
2015-09-03,14.15
2015-09-04,14.15
2015-09-08,14.15
2015-09-09,14.15
2015-09-10,14.15
2015-09-11,14.15
2015-09-14,14.15
2015-09-15,14.15
2015-09-16,14.15
2015-09-17,14.15
2015-09-18,14.15
2015-09-21,14.15
2015-09-22,14.15
2015-09-23,14.15
2015-09-24,14.15
2015-09-25,14.15
2015-09-28,14.15
2015-09-29,14.15
2015-09-30,14.15
2015-10-01,14.15
2015-10-02,14.15
2015-10-05,14.15
2015-10-06,14.15
2015-10-07,14.15
2015-10-08,14.15
2015-10-09,14.15
2015-10-13,14.15
2015-10-14,14.15
2015-10-15,14.15
2015-10-16,14.15
2015-10-19,14.15
2015-10-20,14.15
2015-10-21,14.15
2015-10-22,14.15
2015-10-23,14.15
2015-10-26,14.15
2015-10-27,14.15
2015-10-28,14.15
2015-10-29,14.15
2015-10-30,14.15
2015-11-03,14.15
2015-11-04,14.15
2015-11-05,14.15
2015-11-06,14.15
2015-11-09,14.15
2015-11-10,14.15
2015-11-11,14.15
2015-11-12,14.15
2015-11-13,14.15
2015-11-16,14.15
2015-11-17,14.15
2015-11-18,14.15
2015-11-19,14.15
2015-11-20,14.15
2015-11-23,14.15
2015-11-24,14.15
2015-11-25,14.15
2015-11-26,14.15
2015-11-27,14.15
2015-11-30,14.15
2015-12-01,14.15
2015-12-02,14.15
2015-12-03,14.15
2015-12-04,14.15
2015-12-07,14.15
2015-12-08,14.15
2015-12-09,14.15
2015-12-10,14.15
2015-12-11,14.15
2015-12-14,14.15
2015-12-15,14.15
2015-12-16,14.15
2015-12-17,14.15
2015-12-18,14.15
2015-12-21,14.15
2015-12-22,14.15
2015-12-23,14.15
2015-12-24,14.15
2015-12-28,14.15
2015-12-29,14.15
2015-12-30,14.15
2015-12-31,14.15
2016-01-04,14.15
2016-01-05,14.15
2016-01-06,14.15
2016-01-07,14.15
2016-01-08,14.15
2016-01-11,14.15
2016-01-12,14.15
2016-01-13,14.15
2016-01-14,14.15
2016-01-15,14.15
2016-01-18,14.15
2016-01-19,14.15
2016-01-20,14.15
2016-01-21,14.15
2016-01-22,14.15
2016-01-25,14.15
2016-01-26,14.15
2016-01-27,14.15
2016-01-28,14.15
2016-01-29,14.15
2016-02-01,14.15
2016-02-02,14.15
2016-02-03,14.15
2016-02-04,14.15
2016-02-05,14.15
2016-02-10,14.15
2016-02-11,14.15
2016-02-12,14.15
2016-02-15,14.15
2016-02-16,14.15
2016-02-17,14.15
2016-02-18,14.15
2016-02-19,14.15
2016-02-22,14.15
2016-02-23,14.15
2016-02-24,14.15
2016-02-25,14.15
2016-02-26,14.15
2016-02-29,14.15
2016-03-01,14.15
2016-03-02,14.15
2016-03-03,14.15
2016-03-04,14.15
2016-03-07,14.15
2016-03-08,14.15
2016-03-09,14.15
2016-03-10,14.15
2016-03-11,14.15
2016-03-14,14.15
2016-03-15,14.15
2016-03-16,14.15
2016-03-17,14.15
2016-03-18,14.15
2016-03-21,14.15
2016-03-22,14.15
2016-03-23,14.15
2016-03-24,14.15
2016-03-28,14.15
2016-03-29,14.15
2016-03-30,14.15
2016-03-31,14.15
2016-04-01,14.15
2016-04-04,14.15
2016-04-05,14.15
2016-04-06,14.15
2016-04-07,14.15
2016-04-08,14.15
2016-04-11,14.15
2016-04-12,14.15
2016-04-13,14.15
2016-04-14,14.15
2016-04-15,14.15
2016-04-18,14.15
2016-04-19,14.15
2016-04-20,14.15
2016-04-22,14.15
2016-04-25,14.15
2016-04-26,14.15
2016-04-27,14.15
2016-04-28,14.15
2016-04-29,14.15
2016-05-02,14.15
2016-05-03,14.15
2016-05-04,14.15
2016-05-05,14.15
2016-05-06,14.15
2016-05-09,14.15
2016-05-10,14.15
2016-05-11,14.15
2016-05-12,14.15
2016-05-13,14.15
2016-05-16,14.15
2016-05-17,14.15
2016-05-18,14.15
2016-05-19,14.15
2016-05-20,14.15
2016-05-23,14.15
2016-05-24,14.15
2016-05-25,14.15
2016-05-27,14.15
2016-05-30,14.15
2016-05-31,14.15
2016-06-01,14.15
2016-06-02,14.15
2016-06-03,14.15
2016-06-06,14.15
2016-06-07,14.15
2016-06-08,14.15
2016-06-09,14.15
2016-06-10,14.15
2016-06-13,14.15
2016-06-14,14.15
2016-06-15,14.15
2016-06-16,14.15
2016-06-17,14.15
2016-06-20,14.15
2016-06-21,14.15
2016-06-22,14.15
2016-06-23,14.15
2016-06-24,14.15
2016-06-27,14.15
2016-06-28,14.15
2016-06-29,14.15
2016-06-30,14.15
2016-07-01,14.15
2016-07-04,14.15
2016-07-05,14.15
2016-07-06,14.15
2016-07-07,14.15
2016-07-08,14.15
2016-07-11,14.15
2016-07-12,14.15
2016-07-13,14.15
2016-07-14,14.15
2016-07-15,14.15
2016-07-18,14.15
2016-07-19,14.15
2016-07-20,14.15
2016-07-21,14.15
2016-07-22,14.15
2016-07-25,14.15
2016-07-26,14.15
2016-07-27,14.15
2016-07-28,14.15
2016-07-29,14.15
2016-08-01,14.15
2016-08-02,14.15
2016-08-03,14.15
2016-08-04,14.15
2016-08-05,14.15
2016-08-08,14.15
2016-08-09,14.15
2016-08-10,14.15
2016-08-11,14.15
2016-08-12,14.15
2016-08-15,14.15
2016-08-16,14.15
2016-08-17,14.15
2016-08-18,14.15
2016-08-19,14.15
2016-08-22,14.15
2016-08-23,14.15
2016-08-24,14.15
2016-08-25,14.15
2016-08-26,14.15
2016-08-29,14.15
2016-08-30,14.15
2016-08-31,14.15
2016-09-01,14.15
2016-09-02,14.15
2016-09-05,14.15
2016-09-06,14.15
2016-09-08,14.15
2016-09-09,14.15
2016-09-12,14.15
2016-09-13,14.15
2016-09-14,14.15
2016-09-15,14.15
2016-09-16,14.15
2016-09-19,14.15
2016-09-20,14.15
2016-09-21,14.15
2016-09-22,14.15
2016-09-23,14.15
2016-09-26,14.15
2016-09-27,14.15
2016-09-28,14.15
2016-09-29,14.15
2016-09-30,14.15
2016-10-03,14.15
2016-10-04,14.15
2016-10-05,14.15
2016-10-06,14.15
2016-10-07,14.15
2016-10-10,14.15
2016-10-11,14.15
2016-10-13,14.15
2016-10-14,14.15
2016-10-17,14.15
2016-10-18,14.15
2016-10-19,14.15
2016-10-20,13.9
2016-10-21,13.9
2016-10-24,13.9
2016-10-25,13.9
2016-10-26,13.9
2016-10-27,13.9
2016-10-28,13.9
2016-10-31,13.9
2016-11-01,13.9
2016-11-03,13.9
2016-11-04,13.9
2016-11-07,13.9
2016-11-08,13.9
2016-11-09,13.9
2016-11-10,13.9
2016-11-11,13.9
2016-11-14,13.9
2016-11-16,13.9
2016-11-17,13.9
2016-11-18,13.9
2016-11-21,13.9
2016-11-22,13.9
2016-11-23,13.9
2016-11-24,13.9
2016-11-25,13.9
2016-11-28,13.9
2016-11-29,13.9
2016-11-30,13.9
2016-12-01,13.65
2016-12-02,13.65
2016-12-05,13.65
2016-12-06,13.65
2016-12-07,13.65
2016-12-08,13.65
2016-12-09,13.65
2016-12-12,13.65
2016-12-13,13.65
2016-12-14,13.65
2016-12-15,13.65
2016-12-16,13.65
2016-12-19,13.65
2016-12-20,13.65
2016-12-21,13.65
2016-12-22,13.65
2016-12-23,13.65
2016-12-26,13.65
2016-12-27,13.65
2016-12-28,13.65
2016-12-29,13.65
2016-12-30,13.65
2017-01-02,13.65
2017-01-03,13.65
2017-01-04,13.65
2017-01-05,13.65
2017-01-06,13.65
2017-01-09,13.65
2017-01-10,13.65
2017-01-11,13.65
2017-01-12,12.9
2017-01-13,12.9
2017-01-16,12.9
2017-01-17,12.9
2017-01-18,12.9
2017-01-19,12.9
2017-01-20,12.9
2017-01-23,12.9
2017-01-24,12.9
2017-01-25,12.9
2017-01-26,12.9
2017-01-27,12.9
2017-01-30,12.9
2017-01-31,12.9
2017-02-01,12.9
2017-02-02,12.9
2017-02-03,12.9
2017-02-06,12.9
2017-02-07,12.9
2017-02-08,12.9
2017-02-09,12.9
2017-02-10,12.9
2017-02-13,12.9
2017-02-14,12.9
2017-02-15,12.9
2017-02-16,12.9
2017-02-17,12.9
2017-02-20,12.9
2017-02-21,12.9
2017-02-22,12.9
2017-02-23,12.15
2017-02-24,12.15
2017-03-01,12.15
2017-03-02,12.15
2017-03-03,12.15
2017-03-06,12.15
2017-03-07,12.15
2017-03-08,12.15
2017-03-09,12.15
2017-03-10,12.15
2017-03-13,12.15
2017-03-14,12.15
2017-03-15,12.15
2017-03-16,12.15
2017-03-17,12.15
2017-03-20,12.15
2017-03-21,12.15
2017-03-22,12.15
2017-03-23,12.15
2017-03-24,12.15
2017-03-27,12.15
2017-03-28,12.15
2017-03-29,12.15
2017-03-30,12.15
2017-03-31,12.15
2017-04-03,12.15
2017-04-04,12.15
2017-04-05,12.15
2017-04-06,12.15
2017-04-07,12.15
2017-04-10,12.15
2017-04-11,12.15
2017-04-12,12.15
2017-04-13,11.15
2017-04-17,11.15
2017-04-18,11.15
2017-04-19,11.15
2017-04-20,11.15
2017-04-24,11.15
2017-04-25,11.15
2017-04-26,11.15
2017-04-27,11.15
2017-04-28,11.15
2017-05-02,11.15
2017-05-03,11.15
2017-05-04,11.15
2017-05-05,11.15
2017-05-08,11.15
2017-05-09,11.15
2017-05-10,11.15
2017-05-11,11.15
2017-05-12,11.15
2017-05-15,11.15
2017-05-16,11.15
2017-05-17,11.15
2017-05-18,11.15
2017-05-19,11.15
2017-05-22,11.15
2017-05-23,11.15
2017-05-24,11.15
2017-05-25,11.15
2017-05-26,11.15
2017-05-29,11.15
2017-05-30,11.15
2017-05-31,11.15
2017-06-01,10.15
2017-06-02,10.15
2017-06-05,10.15
2017-06-06,10.15
2017-06-07,10.15
2017-06-08,10.15
2017-06-09,10.15
2017-06-12,10.15
2017-06-13,10.15
2017-06-14,10.15
2017-06-16,10.15
2017-06-19,10.15
2017-06-20,10.15
2017-06-21,10.15
2017-06-22,10.15
2017-06-23,10.15
2017-06-26,10.15
2017-06-27,10.15
2017-06-28,10.15
2017-06-29,10.15
2017-06-30,10.15
2017-07-03,10.15
2017-07-04,10.15
2017-07-05,10.15
2017-07-06,10.15
2017-07-07,10.15
2017-07-10,10.15
2017-07-11,10.15
2017-07-12,10.15
2017-07-13,10.15
2017-07-14,10.15
2017-07-17,10.15
2017-07-18,10.15
2017-07-19,10.15
2017-07-20,10.15
2017-07-21,10.15
2017-07-24,10.15
2017-07-25,10.15
2017-07-26,10.15
2017-07-27,9.15
2017-07-28,9.15
2017-07-31,9.15
2017-08-01,9.15
2017-08-02,9.15
2017-08-03,9.15
2017-08-04,9.15
2017-08-07,9.15
2017-08-08,9.15
2017-08-09,9.15
2017-08-10,9.15
2017-08-11,9.15
2017-08-14,9.15
2017-08-15,9.15
2017-08-16,9.15
2017-08-17,9.15
2017-08-18,9.15
2017-08-21,9.15
2017-08-22,9.15
2017-08-23,9.15
2017-08-24,9.15
2017-08-25,9.15
2017-08-28,9.15
2017-08-29,9.15
2017-08-30,9.15
2017-08-31,9.15
2017-09-01,9.15
2017-09-04,9.15
2017-09-05,9.15
2017-09-06,9.15
2017-09-08,8.15
2017-09-11,8.15
2017-09-12,8.15
2017-09-13,8.15
2017-09-14,8.15
2017-09-15,8.15
2017-09-18,8.15
2017-09-19,8.15
2017-09-20,8.15
2017-09-21,8.15
2017-09-22,8.15
2017-09-25,8.15
2017-09-26,8.15
2017-09-27,8.15
2017-09-28,8.15
2017-09-29,8.15
2017-10-02,8.15
2017-10-03,8.15
2017-10-04,8.15
2017-10-05,8.15
2017-10-06,8.15
2017-10-09,8.15
2017-10-10,8.15
2017-10-11,8.15
2017-10-13,8.15
2017-10-16,8.15
2017-10-17,8.15
2017-10-18,8.15
2017-10-19,8.15
2017-10-20,8.15
2017-10-23,8.15
2017-10-24,8.15
2017-10-25,8.15
2017-10-26,7.4
2017-10-27,7.4
2017-10-30,7.4
2017-10-31,7.4
2017-11-01,7.4
2017-11-03,7.4
2017-11-06,7.4
2017-11-07,7.4
2017-11-08,7.4
2017-11-09,7.4
2017-11-10,7.4
2017-11-13,7.4
2017-11-14,7.4
2017-11-16,7.4
2017-11-17,7.4
2017-11-20,7.4
2017-11-21,7.4
2017-11-22,7.4
2017-11-23,7.4
2017-11-24,7.4
2017-11-27,7.4
2017-11-28,7.4
2017-11-29,7.4
2017-11-30,7.4
2017-12-01,7.4
2017-12-04,7.4
2017-12-05,7.4
2017-12-06,7.4
2017-12-07,6.9
2017-12-08,6.9
2017-12-11,6.9
2017-12-12,6.9
2017-12-13,6.9
2017-12-14,6.9
2017-12-15,6.9
2017-12-18,6.9
2017-12-19,6.9
2017-12-20,6.9
2017-12-21,6.9
2017-12-22,6.9
2017-12-26,6.9
2017-12-27,6.9
2017-12-28,6.9
2017-12-29,6.9
2018-01-02,6.9
2018-01-03,6.9
2018-01-04,6.9
2018-01-05,6.9
2018-01-08,6.9
2018-01-09,6.9
2018-01-10,6.9
2018-01-11,6.9
2018-01-12,6.9
2018-01-15,6.9
2018-01-16,6.9
2018-01-17,6.9
2018-01-18,6.9
2018-01-19,6.9
2018-01-22,6.9
2018-01-23,6.9
2018-01-24,6.9
2018-01-25,6.9
2018-01-26,6.9
2018-01-29,6.9
2018-01-30,6.9
2018-01-31,6.9
2018-02-01,6.9
2018-02-02,6.9
2018-02-05,6.9
2018-02-06,6.9
2018-02-07,6.9
2018-02-08,6.65
2018-02-09,6.65
2018-02-14,6.65
2018-02-15,6.65
2018-02-16,6.65
2018-02-19,6.65
2018-02-20,6.65
2018-02-21,6.65
2018-02-22,6.65
2018-02-23,6.65
2018-02-26,6.65
2018-02-27,6.65
2018-02-28,6.65
2018-03-01,6.65
2018-03-02,6.65
2018-03-05,6.65
2018-03-06,6.65
2018-03-07,6.65
2018-03-08,6.65
2018-03-09,6.65
2018-03-12,6.65
2018-03-13,6.65
2018-03-14,6.65
2018-03-15,6.65
2018-03-16,6.65
2018-03-19,6.65
2018-03-20,6.65
2018-03-21,6.65
2018-03-22,6.4
2018-03-23,6.4
2018-03-26,6.4
2018-03-27,6.4
2018-03-28,6.4
2018-03-29,6.4
2018-04-02,6.4
2018-04-03,6.4
2018-04-04,6.4
2018-04-05,6.4
2018-04-06,6.4
2018-04-09,6.4
2018-04-10,6.4
2018-04-11,6.4
2018-04-12,6.4
2018-04-13,6.4
2018-04-16,6.4
2018-04-17,6.4
2018-04-18,6.4
2018-04-19,6.4
2018-04-20,6.4
2018-04-23,6.4
2018-04-24,6.4
2018-04-25,6.4
2018-04-26,6.4
2018-04-27,6.4
2018-04-30,6.4
2018-05-02,6.4
2018-05-03,6.4
2018-05-04,6.4
2018-05-07,6.4
2018-05-08,6.4
2018-05-09,6.4
2018-05-10,6.4
2018-05-11,6.4
2018-05-14,6.4
2018-05-15,6.4
2018-05-16,6.4
2018-05-17,6.4
2018-05-18,6.4
2018-05-21,6.4
2018-05-22,6.4
2018-05-23,6.4
2018-05-24,6.4
2018-05-25,6.4
2018-05-28,6.4
2018-05-29,6.4
2018-05-30,6.4
2018-06-01,6.4
2018-06-04,6.4
2018-06-05,6.4
2018-06-06,6.4
2018-06-07,6.4
2018-06-08,6.4
2018-06-11,6.4
2018-06-12,6.4
2018-06-13,6.4
2018-06-14,6.4
2018-06-15,6.4
2018-06-18,6.4
2018-06-19,6.4
2018-06-20,6.4
2018-06-21,6.4
2018-06-22,6.4
2018-06-25,6.4
2018-06-26,6.4
2018-06-27,6.4
2018-06-28,6.4
2018-06-29,6.4
2018-07-02,6.4
2018-07-03,6.4
2018-07-04,6.4
2018-07-05,6.4
2018-07-06,6.4
2018-07-09,6.4
2018-07-10,6.4
2018-07-11,6.4
2018-07-12,6.4
2018-07-13,6.4
2018-07-16,6.4
2018-07-17,6.4
2018-07-18,6.4
2018-07-19,6.4
2018-07-20,6.4
2018-07-23,6.4
2018-07-24,6.4
2018-07-25,6.4
2018-07-26,6.4
2018-07-27,6.4
2018-07-30,6.4
2018-07-31,6.4
2018-08-01,6.4
2018-08-02,6.4
2018-08-03,6.4
2018-08-06,6.4
2018-08-07,6.4
2018-08-08,6.4
2018-08-09,6.4
2018-08-10,6.4
2018-08-13,6.4
2018-08-14,6.4
2018-08-15,6.4
2018-08-16,6.4
2018-08-17,6.4
2018-08-20,6.4
2018-08-21,6.4
2018-08-22,6.4
2018-08-23,6.4
2018-08-24,6.4
2018-08-27,6.4
2018-08-28,6.4
2018-08-29,6.4
2018-08-30,6.4
2018-08-31,6.4
2018-09-03,6.4
2018-09-04,6.4
2018-09-05,6.4
2018-09-06,6.4
2018-09-10,6.4
2018-09-11,6.4
2018-09-12,6.4
2018-09-13,6.4
2018-09-14,6.4
2018-09-17,6.4
2018-09-18,6.4
2018-09-19,6.4
2018-09-20,6.4
2018-09-21,6.4
2018-09-24,6.4
2018-09-25,6.4
2018-09-26,6.4
2018-09-27,6.4
2018-09-28,6.4
2018-10-01,6.4
2018-10-02,6.4
2018-10-03,6.4
2018-10-04,6.4
2018-10-05,6.4
2018-10-08,6.4
2018-10-09,6.4
2018-10-10,6.4
2018-10-11,6.4
2018-10-15,6.4
2018-10-16,6.4
2018-10-17,6.4
2018-10-18,6.4
2018-10-19,6.4
2018-10-22,6.4
2018-10-23,6.4
2018-10-24,6.4
2018-10-25,6.4
2018-10-26,6.4
2018-10-29,6.4
2018-10-30,6.4
2018-10-31,6.4
2018-11-01,6.4
2018-11-05,6.4
2018-11-06,6.4
2018-11-07,6.4
2018-11-08,6.4
2018-11-09,6.4
2018-11-12,6.4
2018-11-13,6.4
2018-11-14,6.4
2018-11-16,6.4
2018-11-19,6.4
2018-11-20,6.4
2018-11-21,6.4
2018-11-22,6.4
2018-11-23,6.4
2018-11-26,6.4
2018-11-27,6.4
2018-11-28,6.4
2018-11-29,6.4
2018-11-30,6.4
2018-12-03,6.4
2018-12-04,6.4
2018-12-05,6.4
2018-12-06,6.4
2018-12-07,6.4
2018-12-10,6.4
2018-12-11,6.4
2018-12-12,6.4
2018-12-13,6.4
2018-12-14,6.4
2018-12-17,6.4
2018-12-18,6.4
2018-12-19,6.4
2018-12-20,6.4
2018-12-21,6.4
2018-12-24,6.4
2018-12-26,6.4
2018-12-27,6.4
2018-12-28,6.4
2018-12-31,6.4
2019-01-02,6.4
2019-01-03,6.4
2019-01-04,6.4
2019-01-07,6.4
2019-01-08,6.4
2019-01-09,6.4
2019-01-10,6.4
2019-01-11,6.4
2019-01-14,6.4
2019-01-15,6.4
2019-01-16,6.4
2019-01-17,6.4
2019-01-18,6.4
2019-01-21,6.4
2019-01-22,6.4
2019-01-23,6.4
2019-01-24,6.4
2019-01-25,6.4
2019-01-28,6.4
2019-01-29,6.4
2019-01-30,6.4
2019-01-31,6.4
2019-02-01,6.4
2019-02-04,6.4
2019-02-05,6.4
2019-02-06,6.4
2019-02-07,6.4
2019-02-08,6.4
2019-02-11,6.4
2019-02-12,6.4
2019-02-13,6.4
2019-02-14,6.4
2019-02-15,6.4
2019-02-18,6.4
2019-02-19,6.4
2019-02-20,6.4
2019-02-21,6.4
2019-02-22,6.4
2019-02-25,6.4
2019-02-26,6.4
2019-02-27,6.4
2019-02-28,6.4
2019-03-01,6.4
2019-03-06,6.4
2019-03-07,6.4
2019-03-08,6.4
2019-03-11,6.4
2019-03-12,6.4
2019-03-13,6.4
2019-03-14,6.4
2019-03-15,6.4
2019-03-18,6.4
2019-03-19,6.4
2019-03-20,6.4
2019-03-21,6.4
2019-03-22,6.4
2019-03-25,6.4
2019-03-26,6.4
2019-03-27,6.4
2019-03-28,6.4
2019-03-29,6.4
2019-04-01,6.4
2019-04-02,6.4
2019-04-03,6.4
2019-04-04,6.4
2019-04-05,6.4
2019-04-08,6.4
2019-04-09,6.4
2019-04-10,6.4
2019-04-11,6.4
2019-04-12,6.4
2019-04-15,6.4
2019-04-16,6.4
2019-04-17,6.4
2019-04-18,6.4
2019-04-22,6.4
2019-04-23,6.4
2019-04-24,6.4
2019-04-25,6.4
2019-04-26,6.4
2019-04-29,6.4
2019-04-30,6.4
2019-05-02,6.4
2019-05-03,6.4
2019-05-06,6.4
2019-05-07,6.4
2019-05-08,6.4
2019-05-09,6.4
2019-05-10,6.4
2019-05-13,6.4
2019-05-14,6.4
2019-05-15,6.4
2019-05-16,6.4
2019-05-17,6.4
2019-05-20,6.4
2019-05-21,6.4
2019-05-22,6.4
2019-05-23,6.4
2019-05-24,6.4
2019-05-27,6.4
2019-05-28,6.4
2019-05-29,6.4
2019-05-30,6.4
2019-05-31,6.4
2019-06-03,6.4
2019-06-04,6.4
2019-06-05,6.4
2019-06-06,6.4
2019-06-07,6.4
2019-06-10,6.4
2019-06-11,6.4
2019-06-12,6.4
2019-06-13,6.4
2019-06-14,6.4
2019-06-17,6.4
2019-06-18,6.4
2019-06-19,6.4
2019-06-21,6.4
2019-06-24,6.4
2019-06-25,6.4
2019-06-26,6.4
2019-06-27,6.4
2019-06-28,6.4
2019-07-01,6.4
2019-07-02,6.4
2019-07-03,6.4
2019-07-04,6.4
2019-07-05,6.4
2019-07-08,6.4
2019-07-09,6.4
2019-07-10,6.4
2019-07-11,6.4
2019-07-12,6.4
2019-07-15,6.4
2019-07-16,6.4
2019-07-17,6.4
2019-07-18,6.4
2019-07-19,6.4
2019-07-22,6.4
2019-07-23,6.4
2019-07-24,6.4
2019-07-25,6.4
2019-07-26,6.4
2019-07-29,6.4
2019-07-30,6.4
2019-07-31,6.4
2019-08-01,5.9
2019-08-02,5.9
2019-08-05,5.9
2019-08-06,5.9
2019-08-07,5.9
2019-08-08,5.9
2019-08-09,5.9
2019-08-12,5.9
2019-08-13,5.9
2019-08-14,5.9
2019-08-15,5.9
2019-08-16,5.9
2019-08-19,5.9
2019-08-20,5.9
2019-08-21,5.9
2019-08-22,5.9
2019-08-23,5.9
2019-08-26,5.9
2019-08-27,5.9
2019-08-28,5.9
2019-08-29,5.9
2019-08-30,5.9
2019-09-02,5.9
2019-09-03,5.9
2019-09-04,5.9
2019-09-05,5.9
2019-09-06,5.9
2019-09-09,5.9
2019-09-10,5.9
2019-09-11,5.9
2019-09-12,5.9
2019-09-13,5.9
2019-09-16,5.9
2019-09-17,5.9
2019-09-18,5.9
2019-09-19,5.4
2019-09-20,5.4
2019-09-23,5.4
2019-09-24,5.4
2019-09-25,5.4
2019-09-26,5.4
2019-09-27,5.4
2019-09-30,5.4
2019-10-01,5.4
2019-10-02,5.4
2019-10-03,5.4
2019-10-04,5.4
2019-10-07,5.4
2019-10-08,5.4
2019-10-09,5.4
2019-10-10,5.4
2019-10-11,5.4
2019-10-14,5.4
2019-10-15,5.4
2019-10-16,5.4
2019-10-17,5.4
2019-10-18,5.4
2019-10-21,5.4
2019-10-22,5.4
2019-10-23,5.4
2019-10-24,5.4
2019-10-25,5.4
2019-10-28,5.4
2019-10-29,5.4
2019-10-30,5.4
2019-10-31,4.9
2019-11-01,4.9
2019-11-04,4.9
2019-11-05,4.9
2019-11-06,4.9
2019-11-07,4.9
2019-11-08,4.9
2019-11-11,4.9
2019-11-12,4.9
2019-11-13,4.9
2019-11-14,4.9
2019-11-18,4.9
2019-11-19,4.9
2019-11-20,4.9
2019-11-21,4.9
2019-11-22,4.9
2019-11-25,4.9
2019-11-26,4.9
2019-11-27,4.9
2019-11-28,4.9
2019-11-29,4.9
2019-12-02,4.9
2019-12-03,4.9
2019-12-04,4.9
2019-12-05,4.9
2019-12-06,4.9
2019-12-09,4.9
2019-12-10,4.9
2019-12-11,4.9
2019-12-12,4.4
2019-12-13,4.4
2019-12-16,4.4
2019-12-17,4.4
2019-12-18,4.4
2019-12-19,4.4
2019-12-20,4.4
2019-12-23,4.4
2019-12-24,4.4
2019-12-26,4.4
2019-12-27,4.4
2019-12-30,4.4
2019-12-31,4.4
2020-01-02,4.4
2020-01-03,4.4
2020-01-06,4.4
2020-01-07,4.4
2020-01-08,4.4
2020-01-09,4.4
2020-01-10,4.4
2020-01-13,4.4
2020-01-14,4.4
2020-01-15,4.4
2020-01-16,4.4
2020-01-17,4.4
2020-01-20,4.4
2020-01-21,4.4
2020-01-22,4.4
2020-01-23,4.4
2020-01-24,4.4
2020-01-27,4.4
2020-01-28,4.4
2020-01-29,4.4
2020-01-30,4.4
2020-01-31,4.4
2020-02-03,4.4
2020-02-04,4.4
2020-02-05,4.4
2020-02-06,4.15
2020-02-07,4.15
2020-02-10,4.15
2020-02-11,4.15
2020-02-12,4.15
2020-02-13,4.15
2020-02-14,4.15
2020-02-17,4.15
2020-02-18,4.15
2020-02-19,4.15
2020-02-20,4.15
2020-02-21,4.15
2020-02-26,4.15
2020-02-27,4.15
2020-02-28,4.15
2020-03-02,4.15
2020-03-03,4.15
2020-03-04,4.15
2020-03-05,4.15
2020-03-06,4.15
2020-03-09,4.15
2020-03-10,4.15
2020-03-11,4.15
2020-03-12,4.15
2020-03-13,4.15
2020-03-16,4.15
2020-03-17,4.15
2020-03-18,4.15
2020-03-19,3.65
2020-03-20,3.65
2020-03-23,3.65
2020-03-24,3.65
2020-03-25,3.65
2020-03-26,3.65
2020-03-27,3.65
2020-03-30,3.65
2020-03-31,3.65
2020-04-01,3.65
2020-04-02,3.65
2020-04-03,3.65
2020-04-06,3.65
2020-04-07,3.65
2020-04-08,3.65
2020-04-09,3.65
2020-04-13,3.65
2020-04-14,3.65
2020-04-15,3.65
2020-04-16,3.65
2020-04-17,3.65
2020-04-20,3.65
2020-04-22,3.65
2020-04-23,3.65
2020-04-24,3.65
2020-04-27,3.65
2020-04-28,3.65
2020-04-29,3.65
2020-04-30,3.65
2020-05-04,3.65
2020-05-05,3.65
2020-05-06,3.65
2020-05-07,2.9
2020-05-08,2.9
2020-05-11,2.9
2020-05-12,2.9
2020-05-13,2.9
2020-05-14,2.9
2020-05-15,2.9
2020-05-18,2.9
2020-05-19,2.9
2020-05-20,2.9
2020-05-21,2.9
2020-05-22,2.9
2020-05-25,2.9
2020-05-26,2.9
2020-05-27,2.9
2020-05-28,2.9
2020-05-29,2.9
2020-06-01,2.9
2020-06-02,2.9
2020-06-03,2.9
2020-06-04,2.9
2020-06-05,2.9
2020-06-08,2.9
2020-06-09,2.9
2020-06-10,2.9
2020-06-12,2.9
2020-06-15,2.9
2020-06-16,2.9
2020-06-17,2.9
2020-06-18,2.15
2020-06-19,2.15
2020-06-22,2.15
2020-06-23,2.15
2020-06-24,2.15
2020-06-25,2.15
2020-06-26,2.15
2020-06-29,2.15
2020-06-30,2.15
2020-07-01,2.15
2020-07-02,2.15
2020-07-03,2.15
2020-07-06,2.15
2020-07-07,2.15
2020-07-08,2.15
2020-07-09,2.15
2020-07-10,2.15
2020-07-13,2.15
2020-07-14,2.15
2020-07-15,2.15
2020-07-16,2.15
2020-07-17,2.15
2020-07-20,2.15
2020-07-21,2.15
2020-07-22,2.15
2020-07-23,2.15
2020-07-24,2.15
2020-07-27,2.15
2020-07-28,2.15
2020-07-29,2.15
2020-07-30,2.15
2020-07-31,2.15
2020-08-03,2.15
2020-08-04,2.15
2020-08-05,2.15
2020-08-06,1.9
2020-08-07,1.9
2020-08-10,1.9
2020-08-11,1.9
2020-08-12,1.9
2020-08-13,1.9
2020-08-14,1.9
2020-08-17,1.9
2020-08-18,1.9
2020-08-19,1.9
2020-08-20,1.9
2020-08-21,1.9
2020-08-24,1.9
2020-08-25,1.9
2020-08-26,1.9
2020-08-27,1.9
2020-08-28,1.9
2020-08-31,1.9
2020-09-01,1.9
2020-09-02,1.9
2020-09-03,1.9
2020-09-04,1.9
2020-09-08,1.9
2020-09-09,1.9
2020-09-10,1.9
2020-09-11,1.9
2020-09-14,1.9
2020-09-15,1.9
2020-09-16,1.9
2020-09-17,1.9
2020-09-18,1.9
2020-09-21,1.9
2020-09-22,1.9
2020-09-23,1.9
2020-09-24,1.9
2020-09-25,1.9
2020-09-28,1.9
2020-09-29,1.9
2020-09-30,1.9
2020-10-01,1.9
2020-10-02,1.9
2020-10-05,1.9
2020-10-06,1.9
2020-10-07,1.9
2020-10-08,1.9
2020-10-09,1.9
2020-10-13,1.9
2020-10-14,1.9
2020-10-15,1.9
2020-10-16,1.9
2020-10-19,1.9
2020-10-20,1.9
2020-10-21,1.9
2020-10-22,1.9
2020-10-23,1.9
2020-10-26,1.9
2020-10-27,1.9
2020-10-28,1.9
2020-10-29,1.9
2020-10-30,1.9
2020-11-03,1.9
2020-11-04,1.9
2020-11-05,1.9
2020-11-06,1.9
2020-11-09,1.9
2020-11-10,1.9
2020-11-11,1.9
2020-11-12,1.9
2020-11-13,1.9
2020-11-16,1.9
2020-11-17,1.9
2020-11-18,1.9
2020-11-19,1.9
2020-11-20,1.9
2020-11-23,1.9
2020-11-24,1.9
2020-11-25,1.9
2020-11-26,1.9
2020-11-27,1.9
2020-11-30,1.9
2020-12-01,1.9
2020-12-02,1.9
2020-12-03,1.9
2020-12-04,1.9
2020-12-07,1.9
2020-12-08,1.9
2020-12-09,1.9
2020-12-10,1.9
2020-12-11,1.9
2020-12-14,1.9
2020-12-15,1.9
2020-12-16,1.9
2020-12-17,1.9
2020-12-18,1.9
2020-12-21,1.9
2020-12-22,1.9
2020-12-23,1.9
2020-12-24,1.9
2020-12-28,1.9
2020-12-29,1.9
2020-12-30,1.9
2020-12-31,1.9
2021-01-04,1.9
2021-01-05,1.9
2021-01-06,1.9
2021-01-07,1.9
2021-01-08,1.9
2021-01-11,1.9
2021-01-12,1.9
2021-01-13,1.9
2021-01-14,1.9
2021-01-15,1.9
2021-01-18,1.9
2021-01-19,1.9
2021-01-20,1.9
2021-01-21,1.9
2021-01-22,1.9
2021-01-25,1.9
2021-01-26,1.9
2021-01-27,1.9
2021-01-28,1.9
2021-01-29,1.9
2021-02-01,1.9
2021-02-02,1.9
2021-02-03,1.9
2021-02-04,1.9
2021-02-05,1.9
2021-02-08,1.9
2021-02-09,1.9
2021-02-10,1.9
2021-02-11,1.9
2021-02-12,1.9
2021-02-17,1.9
2021-02-18,1.9
2021-02-19,1.9
2021-02-22,1.9
2021-02-23,1.9
2021-02-24,1.9
2021-02-25,1.9
2021-02-26,1.9
2021-03-01,1.9
2021-03-02,1.9
2021-03-03,1.9
2021-03-04,1.9
2021-03-05,1.9
2021-03-08,1.9
2021-03-09,1.9
2021-03-10,1.9
2021-03-11,1.9
2021-03-12,1.9
2021-03-15,1.9
2021-03-16,1.9
2021-03-17,1.9
2021-03-18,2.65
2021-03-19,2.65
2021-03-22,2.65
2021-03-23,2.65
2021-03-24,2.65
2021-03-25,2.65
2021-03-26,2.65
2021-03-29,2.65
2021-03-30,2.65
2021-03-31,2.65
2021-04-01,2.65
2021-04-05,2.65
2021-04-06,2.65
2021-04-07,2.65
2021-04-08,2.65
2021-04-09,2.65
2021-04-12,2.65
2021-04-13,2.65
2021-04-14,2.65
2021-04-15,2.65
2021-04-16,2.65
2021-04-19,2.65
2021-04-20,2.65
2021-04-22,2.65
2021-04-23,2.65
2021-04-26,2.65
2021-04-27,2.65
2021-04-28,2.65
2021-04-29,2.65
2021-04-30,2.65
2021-05-03,2.65
2021-05-04,2.65
2021-05-05,2.65
2021-05-06,3.4
2021-05-07,3.4
2021-05-10,3.4
2021-05-11,3.4
2021-05-12,3.4
2021-05-13,3.4
2021-05-14,3.4
2021-05-17,3.4
2021-05-18,3.4
2021-05-19,3.4
2021-05-20,3.4
2021-05-21,3.4
2021-05-24,3.4
2021-05-25,3.4
2021-05-26,3.4
2021-05-27,3.4
2021-05-28,3.4
2021-05-31,3.4
2021-06-01,3.4
2021-06-02,3.4
2021-06-04,3.4
2021-06-07,3.4
2021-06-08,3.4
2021-06-09,3.4
2021-06-10,3.4
2021-06-11,3.4
2021-06-14,3.4
2021-06-15,3.4
2021-06-16,3.4
2021-06-17,4.15
2021-06-18,4.15
2021-06-21,4.15
2021-06-22,4.15
2021-06-23,4.15
2021-06-24,4.15
2021-06-25,4.15
2021-06-28,4.15
2021-06-29,4.15
2021-06-30,4.15
2021-07-01,4.15
2021-07-02,4.15
2021-07-05,4.15
2021-07-06,4.15
2021-07-07,4.15
2021-07-08,4.15
2021-07-09,4.15
2021-07-12,4.15
2021-07-13,4.15
2021-07-14,4.15
2021-07-15,4.15
2021-07-16,4.15
2021-07-19,4.15
2021-07-20,4.15
2021-07-21,4.15
2021-07-22,4.15
2021-07-23,4.15
2021-07-26,4.15
2021-07-27,4.15
2021-07-28,4.15
2021-07-29,4.15
2021-07-30,4.15
2021-08-02,4.15
2021-08-03,4.15
2021-08-04,4.15
2021-08-05,5.15
2021-08-06,5.15
2021-08-09,5.15
2021-08-10,5.15
2021-08-11,5.15
2021-08-12,5.15
2021-08-13,5.15
2021-08-16,5.15
2021-08-17,5.15
2021-08-18,5.15
2021-08-19,5.15
2021-08-20,5.15
2021-08-23,5.15
2021-08-24,5.15
2021-08-25,5.15
2021-08-26,5.15
2021-08-27,5.15
2021-08-30,5.15
2021-08-31,5.15
2021-09-01,5.15
2021-09-02,5.15
2021-09-03,5.15
2021-09-06,5.15
2021-09-08,5.15
2021-09-09,5.15
2021-09-10,5.15
2021-09-13,5.15
2021-09-14,5.15
2021-09-15,5.15
2021-09-16,5.15
2021-09-17,5.15
2021-09-20,5.15
2021-09-21,5.15
2021-09-22,5.15
2021-09-23,6.15
2021-09-24,6.15
2021-09-27,6.15
2021-09-28,6.15
2021-09-29,6.15
2021-09-30,6.15
2021-10-01,6.15
2021-10-04,6.15
2021-10-05,6.15
2021-10-06,6.15
2021-10-07,6.15
2021-10-08,6.15
2021-10-11,6.15
2021-10-13,6.15
2021-10-14,6.15
2021-10-15,6.15
2021-10-18,6.15
2021-10-19,6.15
2021-10-20,6.15
2021-10-21,6.15
2021-10-22,6.15
2021-10-25,6.15
2021-10-26,6.15
2021-10-27,6.15
2021-10-28,7.65
2021-10-29,7.65
2021-11-01,7.65
2021-11-03,7.65
2021-11-04,7.65
2021-11-05,7.65
2021-11-08,7.65
2021-11-09,7.65
2021-11-10,7.65
2021-11-11,7.65
2021-11-12,7.65
2021-11-16,7.65
2021-11-17,7.65
2021-11-18,7.65
2021-11-19,7.65
2021-11-22,7.65
2021-11-23,7.65
2021-11-24,7.65
2021-11-25,7.65
2021-11-26,7.65
2021-11-29,7.65
2021-11-30,7.65
2021-12-01,7.65
2021-12-02,7.65
2021-12-03,7.65
2021-12-06,7.65
2021-12-07,7.65
2021-12-08,7.65
2021-12-09,9.15
2021-12-10,9.15
2021-12-13,9.15
2021-12-14,9.15
2021-12-15,9.15
2021-12-16,9.15
2021-12-17,9.15
2021-12-20,9.15
2021-12-21,9.15
2021-12-22,9.15
2021-12-23,9.15
2021-12-24,9.15
2021-12-27,9.15
2021-12-28,9.15
2021-12-29,9.15
2021-12-30,9.15
2021-12-31,9.15
2022-01-03,9.15
2022-01-04,9.15
2022-01-05,9.15
2022-01-06,9.15
2022-01-07,9.15
2022-01-10,9.15
2022-01-11,9.15
2022-01-12,9.15
2022-01-13,9.15
2022-01-14,9.15
2022-01-17,9.15
2022-01-18,9.15
2022-01-19,9.15
2022-01-20,9.15
2022-01-21,9.15
2022-01-24,9.15
2022-01-25,9.15
2022-01-26,9.15
2022-01-27,9.15
2022-01-28,9.15
2022-01-31,9.15
2022-02-01,9.15
2022-02-02,9.15
2022-02-03,10.65
2022-02-04,10.65
2022-02-07,10.65
2022-02-08,10.65
2022-02-09,10.65
2022-02-10,10.65
2022-02-11,10.65
2022-02-14,10.65
2022-02-15,10.65
2022-02-16,10.65
2022-02-17,10.65
2022-02-18,10.65
2022-02-21,10.65
2022-02-22,10.65
2022-02-23,10.65
2022-02-24,10.65
2022-02-25,10.65
2022-03-02,10.65
2022-03-03,10.65
2022-03-04,10.65
2022-03-07,10.65
2022-03-08,10.65
2022-03-09,10.65
2022-03-10,10.65
2022-03-11,10.65
2022-03-14,10.65
2022-03-15,10.65
2022-03-16,10.65
2022-03-17,11.65
2022-03-18,11.65
2022-03-21,11.65
2022-03-22,11.65
2022-03-23,11.65
2022-03-24,11.65
2022-03-25,11.65
2022-03-28,11.65
2022-03-29,11.65
2022-03-30,11.65
2022-03-31,11.65
2022-04-01,11.65
2022-04-04,11.65
2022-04-05,11.65
2022-04-06,11.65
2022-04-07,11.65
2022-04-08,11.65
2022-04-11,11.65
2022-04-12,11.65
2022-04-13,11.65
2022-04-14,11.65
2022-04-18,11.65
2022-04-19,11.65
2022-04-20,11.65
2022-04-22,11.65
2022-04-25,11.65
2022-04-26,11.65
2022-04-27,11.65
2022-04-28,11.65
2022-04-29,11.65
2022-05-02,11.65
2022-05-03,11.65
2022-05-04,11.65
2022-05-05,12.65
2022-05-06,12.65
2022-05-09,12.65
2022-05-10,12.65
2022-05-11,12.65
2022-05-12,12.65
2022-05-13,12.65
2022-05-16,12.65
2022-05-17,12.65
2022-05-18,12.65
2022-05-19,12.65
2022-05-20,12.65
2022-05-23,12.65
2022-05-24,12.65
2022-05-25,12.65
2022-05-26,12.65
2022-05-27,12.65
2022-05-30,12.65
2022-05-31,12.65
2022-06-01,12.65
2022-06-02,12.65
2022-06-03,12.65
2022-06-06,12.65
2022-06-07,12.65
2022-06-08,12.65
2022-06-09,12.65
2022-06-10,12.65
2022-06-13,12.65
2022-06-14,12.65
2022-06-15,12.65
2022-06-17,13.15
2022-06-20,13.15
2022-06-21,13.15
2022-06-22,13.15
2022-06-23,13.15
2022-06-24,13.15
2022-06-27,13.15
2022-06-28,13.15
2022-06-29,13.15
2022-06-30,13.15
2022-07-01,13.15
2022-07-04,13.15
2022-07-05,13.15
2022-07-06,13.15
2022-07-07,13.15
2022-07-08,13.15
2022-07-11,13.15
2022-07-12,13.15
2022-07-13,13.15
2022-07-14,13.15
2022-07-15,13.15
2022-07-18,13.15
2022-07-19,13.15
2022-07-20,13.15
2022-07-21,13.15
2022-07-22,13.15
2022-07-25,13.15
2022-07-26,13.15
2022-07-27,13.15
2022-07-28,13.15
2022-07-29,13.15
2022-08-01,13.15
2022-08-02,13.15
2022-08-03,13.15
2022-08-04,13.65
2022-08-05,13.65
2022-08-08,13.65
2022-08-09,13.65
2022-08-10,13.65
2022-08-11,13.65
2022-08-12,13.65
2022-08-15,13.65
2022-08-16,13.65
2022-08-17,13.65
2022-08-18,13.65
2022-08-19,13.65
2022-08-22,13.65
2022-08-23,13.65
2022-08-24,13.65
2022-08-25,13.65
2022-08-26,13.65
2022-08-29,13.65
2022-08-30,13.65
2022-08-31,13.65
2022-09-01,13.65
2022-09-02,13.65
2022-09-05,13.65
2022-09-06,13.65
2022-09-08,13.65
2022-09-09,13.65
2022-09-12,13.65
2022-09-13,13.65
2022-09-14,13.65
2022-09-15,13.65
2022-09-16,13.65
2022-09-19,13.65
2022-09-20,13.65
2022-09-21,13.65
2022-09-22,13.65
2022-09-23,13.65
2022-09-26,13.65
2022-09-27,13.65
2022-09-28,13.65
2022-09-29,13.65
2022-09-30,13.65
2022-10-03,13.65
2022-10-04,13.65
2022-10-05,13.65
2022-10-06,13.65
2022-10-07,13.65
2022-10-10,13.65
2022-10-11,13.65
2022-10-13,13.65
2022-10-14,13.65
2022-10-17,13.65
2022-10-18,13.65
2022-10-19,13.65
2022-10-20,13.65
2022-10-21,13.65
2022-10-24,13.65
2022-10-25,13.65
2022-10-26,13.65
2022-10-27,13.65
2022-10-28,13.65
2022-10-31,13.65
2022-11-01,13.65
2022-11-03,13.65
2022-11-04,13.65
2022-11-07,13.65
2022-11-08,13.65
2022-11-09,13.65
2022-11-10,13.65
2022-11-11,13.65
2022-11-14,13.65
2022-11-16,13.65
2022-11-17,13.65
2022-11-18,13.65
2022-11-21,13.65
2022-11-22,13.65
2022-11-23,13.65
2022-11-24,13.65
2022-11-25,13.65
2022-11-28,13.65
2022-11-29,13.65
2022-11-30,13.65
2022-12-01,13.65
2022-12-02,13.65
2022-12-05,13.65
2022-12-06,13.65
2022-12-07,13.65
2022-12-08,13.65
2022-12-09,13.65
2022-12-12,13.65
2022-12-13,13.65
2022-12-14,13.65
2022-12-15,13.65
2022-12-16,13.65
2022-12-19,13.65
2022-12-20,13.65
2022-12-21,13.65
2022-12-22,13.65
2022-12-23,13.65
2022-12-26,13.65
2022-12-27,13.65
2022-12-28,13.65
2022-12-29,13.65
2022-12-30,13.65
2023-01-02,13.65
2023-01-03,13.65
2023-01-04,13.65
2023-01-05,13.65
2023-01-06,13.65
2023-01-09,13.65
2023-01-10,13.65
2023-01-11,13.65
2023-01-12,13.65
2023-01-13,13.65
2023-01-16,13.65
2023-01-17,13.65
2023-01-18,13.65
2023-01-19,13.65
2023-01-20,13.65
2023-01-23,13.65
2023-01-24,13.65
2023-01-25,13.65
2023-01-26,13.65
2023-01-27,13.65
2023-01-30,13.65
2023-01-31,13.65
2023-02-01,13.65
2023-02-02,13.65
2023-02-03,13.65
2023-02-06,13.65
2023-02-07,13.65
2023-02-08,13.65
2023-02-09,13.65
2023-02-10,13.65
2023-02-13,13.65
2023-02-14,13.65
2023-02-15,13.65
2023-02-16,13.65
2023-02-17,13.65
2023-02-22,13.65
2023-02-23,13.65
2023-02-24,13.65
2023-02-27,13.65
2023-02-28,13.65
2023-03-01,13.65
2023-03-02,13.65
2023-03-03,13.65
2023-03-06,13.65
2023-03-07,13.65
2023-03-08,13.65
2023-03-09,13.65
2023-03-10,13.65
2023-03-13,13.65
2023-03-14,13.65
2023-03-15,13.65
2023-03-16,13.65
2023-03-17,13.65
2023-03-20,13.65
2023-03-21,13.65
2023-03-22,13.65
2023-03-23,13.65
2023-03-24,13.65
2023-03-27,13.65
2023-03-28,13.65
2023-03-29,13.65
2023-03-30,13.65
2023-03-31,13.65
2023-04-03,13.65
2023-04-04,13.65
2023-04-05,13.65
2023-04-06,13.65
2023-04-10,13.65
2023-04-11,13.65
2023-04-12,13.65
2023-04-13,13.65
2023-04-14,13.65
2023-04-17,13.65
2023-04-18,13.65
2023-04-19,13.65
2023-04-20,13.65
2023-04-24,13.65
2023-04-25,13.65
2023-04-26,13.65
2023-04-27,13.65
2023-04-28,13.65
2023-05-02,13.65
2023-05-03,13.65
2023-05-04,13.65
2023-05-05,13.65
2023-05-08,13.65
2023-05-09,13.65
2023-05-10,13.65
2023-05-11,13.65
2023-05-12,13.65
2023-05-15,13.65
2023-05-16,13.65
2023-05-17,13.65
2023-05-18,13.65
2023-05-19,13.65
2023-05-22,13.65
2023-05-23,13.65
2023-05-24,13.65
2023-05-25,13.65
2023-05-26,13.65
2023-05-29,13.65
2023-05-30,13.65
2023-05-31,13.65
2023-06-01,13.65
2023-06-02,13.65
2023-06-05,13.65
2023-06-06,13.65
2023-06-07,13.65
2023-06-09,13.65
2023-06-12,13.65
2023-06-13,13.65
2023-06-14,13.65
2023-06-15,13.65
2023-06-16,13.65
2023-06-19,13.65
2023-06-20,13.65
2023-06-21,13.65
2023-06-22,13.65
2023-06-23,13.65
2023-06-26,13.65
2023-06-27,13.65
2023-06-28,13.65
2023-06-29,13.65
2023-06-30,13.65
2023-07-03,13.65
2023-07-04,13.65
2023-07-05,13.65
2023-07-06,13.65
2023-07-07,13.65
2023-07-10,13.65
2023-07-11,13.65
2023-07-12,13.65
2023-07-13,13.65
2023-07-14,13.65
2023-07-17,13.65
2023-07-18,13.65
2023-07-19,13.65
2023-07-20,13.65
2023-07-21,13.65
2023-07-24,13.65
2023-07-25,13.65
2023-07-26,13.65
2023-07-27,13.65
2023-07-28,13.65
2023-07-31,13.65
2023-08-01,13.65
2023-08-02,13.65
2023-08-03,13.15
2023-08-04,13.15
2023-08-07,13.15
2023-08-08,13.15
2023-08-09,13.15
2023-08-10,13.15
2023-08-11,13.15
2023-08-14,13.15
2023-08-15,13.15
2023-08-16,13.15
2023-08-17,13.15
2023-08-18,13.15
2023-08-21,13.15
2023-08-22,13.15
2023-08-23,13.15
2023-08-24,13.15
2023-08-25,13.15
2023-08-28,13.15
2023-08-29,13.15
2023-08-30,13.15
2023-08-31,13.15
2023-09-01,13.15
2023-09-04,13.15
2023-09-05,13.15
2023-09-06,13.15
2023-09-08,13.15
2023-09-11,13.15
2023-09-12,13.15
2023-09-13,13.15
2023-09-14,13.15
2023-09-15,13.15
2023-09-18,13.15
2023-09-19,13.15
2023-09-20,13.15
2023-09-21,12.65
2023-09-22,12.65
2023-09-25,12.65
2023-09-26,12.65
2023-09-27,12.65
2023-09-28,12.65
2023-09-29,12.65
2023-10-02,12.65
2023-10-03,12.65
2023-10-04,12.65
2023-10-05,12.65
2023-10-06,12.65
2023-10-09,12.65
2023-10-10,12.65
2023-10-11,12.65
2023-10-13,12.65
2023-10-16,12.65
2023-10-17,12.65
2023-10-18,12.65
2023-10-19,12.65
2023-10-20,12.65
2023-10-23,12.65
2023-10-24,12.65
2023-10-25,12.65
2023-10-26,12.65
2023-10-27,12.65
2023-10-30,12.65
2023-10-31,12.65
2023-11-01,12.65
2023-11-03,12.15
2023-11-06,12.15
2023-11-07,12.15
2023-11-08,12.15
2023-11-09,12.15
2023-11-10,12.15
2023-11-13,12.15
2023-11-14,12.15
2023-11-16,12.15
2023-11-17,12.15
2023-11-20,12.15
2023-11-21,12.15
2023-11-22,12.15
2023-11-23,12.15
2023-11-24,12.15
2023-11-27,12.15
2023-11-28,12.15
2023-11-29,12.15
2023-11-30,12.15
2023-12-01,12.15
2023-12-04,12.15
2023-12-05,12.15
2023-12-06,12.15
2023-12-07,12.15
2023-12-08,12.15
2023-12-11,12.15
2023-12-12,12.15
2023-12-13,12.15
2023-12-14,11.65
2023-12-15,11.65
2023-12-18,11.65
2023-12-19,11.65
2023-12-20,11.65
2023-12-21,11.65
2023-12-22,11.65
2023-12-26,11.65
2023-12-27,11.65
2023-12-28,11.65
2023-12-29,11.65
2024-01-02,11.65
2024-01-03,11.65
2024-01-04,11.65
2024-01-05,11.65
2024-01-08,11.65
2024-01-09,11.65
2024-01-10,11.65
2024-01-11,11.65
2024-01-12,11.65
2024-01-15,11.65
2024-01-16,11.65
2024-01-17,11.65
2024-01-18,11.65
2024-01-19,11.65
2024-01-22,11.65
2024-01-23,11.65
2024-01-24,11.65
2024-01-25,11.65
2024-01-26,11.65
2024-01-29,11.65
2024-01-30,11.65
2024-01-31,11.65
2024-02-01,11.15
2024-02-02,11.15
2024-02-05,11.15
2024-02-06,11.15
2024-02-07,11.15
2024-02-08,11.15
2024-02-09,11.15
2024-02-14,11.15
2024-02-15,11.15
2024-02-16,11.15
2024-02-19,11.15
2024-02-20,11.15
2024-02-21,11.15
2024-02-22,11.15
2024-02-23,11.15
2024-02-26,11.15
2024-02-27,11.15
2024-02-28,11.15
2024-02-29,11.15
2024-03-01,11.15
2024-03-04,11.15
2024-03-05,11.15
2024-03-06,11.15
2024-03-07,11.15
2024-03-08,11.15
2024-03-11,11.15
2024-03-12,11.15
2024-03-13,11.15
2024-03-14,11.15
2024-03-15,11.15
2024-03-18,11.15
2024-03-19,11.15
2024-03-20,11.15
2024-03-21,10.65
2024-03-22,10.65
2024-03-25,10.65
2024-03-26,10.65
2024-03-27,10.65
2024-03-28,10.65
2024-04-01,10.65
2024-04-02,10.65
2024-04-03,10.65
2024-04-04,10.65
2024-04-05,10.65
2024-04-08,10.65
2024-04-09,10.65
2024-04-10,10.65
2024-04-11,10.65
2024-04-12,10.65
2024-04-15,10.65
2024-04-16,10.65
2024-04-17,10.65
2024-04-18,10.65
2024-04-19,10.65
2024-04-22,10.65
2024-04-23,10.65
2024-04-24,10.65
2024-04-25,10.65
2024-04-26,10.65
2024-04-29,10.65
2024-04-30,10.65
2024-05-02,10.65
2024-05-03,10.65
2024-05-06,10.65
2024-05-07,10.65
2024-05-08,10.65
2024-05-09,10.4
2024-05-10,10.4
2024-05-13,10.4
2024-05-14,10.4
2024-05-15,10.4
2024-05-16,10.4
2024-05-17,10.4
2024-05-20,10.4
2024-05-21,10.4
2024-05-22,10.4
2024-05-23,10.4
2024-05-24,10.4
2024-05-27,10.4
2024-05-28,10.4
2024-05-29,10.4
2024-05-31,10.4
2024-06-03,10.4
2024-06-04,10.4
2024-06-05,10.4
2024-06-06,10.4
2024-06-07,10.4
2024-06-10,10.4
2024-06-11,10.4
2024-06-12,10.4
2024-06-13,10.4
2024-06-14,10.4
2024-06-17,10.4
2024-06-18,10.4
2024-06-19,10.4
2024-06-20,10.4
2024-06-21,10.4
2024-06-24,10.4
2024-06-25,10.4
2024-06-26,10.4
2024-06-27,10.4
2024-06-28,10.4
2024-07-01,10.4
2024-07-02,10.4
2024-07-03,10.4
2024-07-04,10.4
2024-07-05,10.4
2024-07-08,10.4
2024-07-09,10.4
2024-07-10,10.4
2024-07-11,10.4
2024-07-12,10.4
2024-07-15,10.4
2024-07-16,10.4
2024-07-17,10.4
2024-07-18,10.4
2024-07-19,10.4
2024-07-22,10.4
2024-07-23,10.4
2024-07-24,10.4
2024-07-25,10.4
2024-07-26,10.4
2024-07-29,10.4
2024-07-30,10.4
2024-07-31,10.4
2024-08-01,10.4
2024-08-02,10.4
2024-08-05,10.4
2024-08-06,10.4
2024-08-07,10.4
2024-08-08,10.4
2024-08-09,10.4
2024-08-12,10.4
2024-08-13,10.4
2024-08-14,10.4
2024-08-15,10.4
2024-08-16,10.4
2024-08-19,10.4
2024-08-20,10.4
2024-08-21,10.4
2024-08-22,10.4
2024-08-23,10.4
2024-08-26,10.4
2024-08-27,10.4
2024-08-28,10.4
2024-08-29,10.4
2024-08-30,10.4
2024-09-02,10.4
2024-09-03,10.4
2024-09-04,10.4
2024-09-05,10.4
2024-09-06,10.4
2024-09-09,10.4
2024-09-10,10.4
2024-09-11,10.4
2024-09-12,10.4
2024-09-13,10.4
2024-09-16,10.4
2024-09-17,10.4
2024-09-18,10.4
2024-09-19,10.65
2024-09-20,10.65
2024-09-23,10.65
2024-09-24,10.65
2024-09-25,10.65
2024-09-26,10.65
2024-09-27,10.65
2024-09-30,10.65
2024-10-01,10.65
2024-10-02,10.65
2024-10-03,10.65
2024-10-04,10.65
2024-10-07,10.65
2024-10-08,10.65
2024-10-09,10.65
2024-10-10,10.65
2024-10-11,10.65
2024-10-14,10.65
2024-10-15,10.65
2024-10-16,10.65
2024-10-17,10.65
2024-10-18,10.65
2024-10-21,10.65
2024-10-22,10.65
2024-10-23,10.65
2024-10-24,10.65
2024-10-25,10.65
2024-10-28,10.65
2024-10-29,10.65
2024-10-30,10.65
2024-10-31,10.65
2024-11-01,10.65
2024-11-04,10.65
2024-11-05,10.65
2024-11-06,10.65
2024-11-07,11.15
2024-11-08,11.15
2024-11-11,11.15
2024-11-12,11.15
2024-11-13,11.15
2024-11-14,11.15
2024-11-18,11.15
2024-11-19,11.15
2024-11-21,11.15
2024-11-22,11.15
2024-11-25,11.15
2024-11-26,11.15
2024-11-27,11.15
2024-11-28,11.15
2024-11-29,11.15
2024-12-02,11.15
2024-12-03,11.15
2024-12-04,11.15
2024-12-05,11.15
2024-12-06,11.15
2024-12-09,11.15
2024-12-10,11.15
2024-12-11,11.15
2024-12-12,12.15
2024-12-13,12.15
2024-12-16,12.15
2024-12-17,12.15
2024-12-18,12.15
2024-12-19,12.15
2024-12-20,12.15
2024-12-23,12.15
2024-12-24,12.15
2024-12-26,12.15
2024-12-27,12.15
2024-12-30,12.15
2024-12-31,12.15
2025-01-02,12.15
2025-01-03,12.15
2025-01-06,12.15
2025-01-07,12.15
2025-01-08,12.15
2025-01-09,12.15
2025-01-10,12.15
2025-01-13,12.15
2025-01-14,12.15
2025-01-15,12.15
2025-01-16,12.15
2025-01-17,12.15
2025-01-20,12.15
2025-01-21,12.15
2025-01-22,12.15
2025-01-23,12.15
2025-01-24,12.15
2025-01-27,12.15
2025-01-28,12.15
2025-01-29,12.15
2025-01-30,13.15
2025-01-31,13.15
2025-02-03,13.15
2025-02-04,13.15
2025-02-05,13.15
2025-02-06,13.15
2025-02-07,13.15
2025-02-10,13.15
2025-02-11,13.15
2025-02-12,13.15
2025-02-13,13.15
2025-02-14,13.15
2025-02-17,13.15
2025-02-18,13.15
2025-02-19,13.15
2025-02-20,13.15
2025-02-21,13.15
2025-02-24,13.15
2025-02-25,13.15
2025-02-26,13.15
2025-02-27,13.15
2025-02-28,13.15
2025-03-05,13.15
2025-03-06,13.15
2025-03-07,13.15
2025-03-10,13.15
2025-03-11,13.15
2025-03-12,13.15
2025-03-13,13.15
2025-03-14,13.15
2025-03-17,13.15
2025-03-18,13.15
2025-03-19,13.15
2025-03-20,14.15
2025-03-21,14.15
2025-03-24,14.15
2025-03-25,14.15
2025-03-26,14.15
2025-03-27,14.15
2025-03-28,14.15
2025-03-31,14.15
2025-04-01,14.15
2025-04-02,14.15
2025-04-03,14.15
2025-04-04,14.15
2025-04-07,14.15
2025-04-08,14.15
2025-04-09,14.15
2025-04-10,14.15
2025-04-11,14.15
2025-04-14,14.15
2025-04-15,14.15
2025-04-16,14.15
2025-04-17,14.15
2025-04-22,14.15
2025-04-23,14.15
2025-04-24,14.15
2025-04-25,14.15
2025-04-28,14.15
2025-04-29,14.15
2025-04-30,14.15
2025-05-02,14.15
2025-05-05,14.15
2025-05-06,14.15
2025-05-07,14.15
2025-05-08,14.65
2025-05-09,14.65
2025-05-12,14.65
2025-05-13,14.65
2025-05-14,14.65
2025-05-15,14.65
2025-05-16,14.65
2025-05-19,14.65
2025-05-20,14.65
2025-05-21,14.65
2025-05-22,14.65
2025-05-23,14.65
2025-05-26,14.65
2025-05-27,14.65
2025-05-28,14.65
2025-05-29,14.65
2025-05-30,14.65
2025-06-02,14.65
2025-06-03,14.65
2025-06-04,14.65
2025-06-05,14.65
2025-06-06,14.65
2025-06-09,14.65
2025-06-10,14.65
2025-06-11,14.65
2025-06-12,14.65
2025-06-13,14.65
2025-06-16,14.65
2025-06-17,14.65
2025-06-18,14.65
2025-06-20,14.9
2025-06-23,14.9
2025-06-24,14.9
2025-06-25,14.9
2025-06-26,14.9
2025-06-27,14.9
2025-06-30,14.9
2025-07-01,14.9
2025-07-02,14.9
2025-07-03,14.9
2025-07-04,14.9
2025-07-07,14.9
2025-07-08,14.9
2025-07-09,14.9
2025-07-10,14.9
2025-07-11,14.9
2025-07-14,14.9
2025-07-15,14.9
2025-07-16,14.9
2025-07-17,14.9
2025-07-18,14.9
2025-07-21,14.9
2025-07-22,14.9
2025-07-23,14.9
2025-07-24,14.9
2025-07-25,14.9
2025-07-28,14.9
2025-07-29,14.9
2025-07-30,14.9
2025-07-31,14.9
2025-08-01,14.9
2025-08-04,14.9
2025-08-05,14.9
2025-08-06,14.9
2025-08-07,14.9
2025-08-08,14.9
2025-08-11,14.9
2025-08-12,14.9
2025-08-13,14.9
2025-08-14,14.9
2025-08-15,14.9
2025-08-18,14.9
2025-08-19,14.9
2025-08-20,14.9
2025-08-21,14.9
2025-08-22,14.9
2025-08-25,14.9
2025-08-26,14.9
2025-08-27,14.9
2025-08-28,14.9
2025-08-29,14.9
2025-09-01,14.9
2025-09-02,14.9
2025-09-03,14.9
2025-09-04,14.9
2025-09-05,14.9
2025-09-08,14.9
2025-09-09,14.9
2025-09-10,14.9
2025-09-11,14.9
2025-09-12,14.9
2025-09-15,14.9
2025-09-16,14.9
2025-09-17,14.9
2025-09-18,14.9
2025-09-19,14.9
2025-09-22,14.9
2025-09-23,14.9
2025-09-24,14.9
2025-09-25,14.9
2025-09-26,14.9
2025-09-29,14.9
2025-09-30,14.9
2025-10-01,14.9
2025-10-02,14.9
2025-10-03,14.9
2025-10-06,14.9
2025-10-07,14.9
2025-10-08,14.9
2025-10-09,14.9
2025-10-10,14.9
2025-10-13,14.9
2025-10-14,14.9
2025-10-15,14.9
2025-10-16,14.9
2025-10-17,14.9
2025-10-20,14.9
2025-10-21,14.9
2025-10-22,14.9
2025-10-23,14.9
2025-10-24,14.9
2025-10-27,14.9
2025-10-28,14.9
2025-10-29,14.9
2025-10-30,14.9
2025-10-31,14.9
2025-11-03,14.9
2025-11-04,14.9
2025-11-05,14.9
2025-11-06,14.9
2025-11-07,14.9
2025-11-10,14.9
2025-11-11,14.9
2025-11-12,14.9
2025-11-13,14.9
2025-11-14,14.9
2025-11-17,14.9
2025-11-18,14.9
2025-11-19,14.9
2025-11-21,14.9
2025-11-24,14.9
2025-11-25,14.9
2025-11-26,14.9
2025-11-27,14.9
2025-11-28,14.9
2025-12-01,14.9
2025-12-02,14.9
2025-12-03,14.9
2025-12-04,14.9
2025-12-05,14.9
2025-12-08,14.9
2025-12-09,14.9
2025-12-10,14.9
2025-12-11,14.9
2025-12-12,14.9
2025-12-15,14.9
2025-12-16,14.9
2025-12-17,14.9
2025-12-18,14.9
2025-12-19,14.9
2025-12-22,14.9
2025-12-23,14.9
2025-12-24,14.9
2025-12-26,14.9
2025-12-29,14.9
2025-12-30,14.9
2025-12-31,14.9
